,Actual,Linear Regression_Predicted,Ridge Regression_Predicted,Lasso Regression_Predicted,Quadratic Polynomial Regression_Predicted,Cubic Polynomial Regression_Predicted
0,2.4,2.4376576743444103,2.4376560474979896,2.442876940092162,3.97906478936592,3.3177102448304225
1,3.15,2.3739791590441905,2.3739779100529352,2.3840482168765345,3.7833527752314975,3.4936761658376136
2,2.35,2.817611976152815,2.817614724160829,2.893728399274869,3.0101503088034143,2.740088612555388
3,1.9,2.132211735241813,2.1322140893644543,2.1997111614952,3.263177065023743,3.272345752930561
4,2.6,2.118292122279349,2.11828771942612,2.075005678803153,4.43460493590892,4.232548514804506
5,1.95,3.081401643778608,3.0813931400125893,2.971900810658622,3.913030088008232,3.660297771507393
6,2.65,2.4740495547281776,2.474054080621614,2.5755100255196184,2.4874944951049054,2.8998919660181794
7,3.05,2.2618254404286997,2.2618214009049717,2.2244138118632764,4.116372488134064,4.114481208235148
8,3.1,2.984166894265047,2.984159374130083,2.8879684145974727,3.450652733640164,4.067407060281871
9,3.5,1.48437499477933,1.4843745272578828,1.500305620122089,4.00901585835449,3.891097287931993
10,4.95,1.3116022894052382,1.311602318077088,1.337244750389583,4.528762095795649,3.595883015088516
11,4.2,1.3723256633116314,1.3723254843941322,1.394414715755689,4.41421119659275,3.7089576404969495
12,2.05,2.285884136373406,2.2858867247840164,2.356199706906149,2.9292634088267806,3.239202581151801
13,2.8,2.0491671804569846,2.049163787454429,2.024539135510611,4.732605022217546,3.852084557835148
14,2.3,2.8077226100358,2.8077164033874555,2.734906247724564,3.7464965139475086,3.88645091444477
15,1.7,2.5169776286070435,2.516980888016149,2.5973123044335864,2.559057300811219,3.067922657569605
16,2.8,2.4071157918751087,2.4071098763739127,2.339206943405184,4.251298859845955,4.188961505316655
17,2.3,2.954255060770484,2.954249461341281,2.8873790577072054,2.960827336011326,4.067197154410508
18,2.25,2.226664026736616,2.2266829389793448,2.565182176338277,1.3307752134506603,1.9173119293482
19,4.1,2.5726111793564157,2.5726025054955306,2.457330853220544,4.083641766951432,4.588950671030704
20,2.95,3.267964913433103,3.267961200852332,3.229816166130189,2.4240468738654566,3.676620481093805
21,2.65,2.3043022875506263,2.304300679796163,2.2758398762024297,0.6907157168720044,1.7668199152342208
22,4.4,2.395327908050672,2.395320325360271,2.2972790093405098,4.0795056967781615,4.715137213582253
23,3.0,3.4702211579468982,3.470231047227082,3.6598249700057863,2.642437033036906,2.4827236095160696
24,1.9,2.0943767260105446,2.0943872286255965,2.27864331508117,0.7864175390492498,1.8651981200004129
25,4.15,2.549098895030777,2.549090944204956,2.4450118833283616,3.898727996658205,4.615478487296894
26,2.25,2.933563973746656,2.933574132671268,3.128805966905122,2.2334072737350974,2.2042585569347306
27,2.3,3.893059286432888,3.893076943574473,4.207930597923658,3.742308111896151,3.8111269863052666
28,2.2,4.192891496156635,4.192902981991506,4.407206823367016,3.9619797523925087,3.9524311862914328
29,2.7,1.320626817877638,1.320626735500314,1.3444387614469926,4.531625423645416,3.627826941408287
30,3.0,1.3116022894052382,1.311602318077088,1.337244750389583,4.528762095795649,3.595883015088516
31,4.9,1.7192486156586195,1.7192466421320671,1.7098918509576666,3.753450400726581,4.294539815215737
32,3.6,1.461318274922685,1.4613167939412928,1.4619931319684494,4.491301390535559,4.032727750941525
33,6.25,1.5798726724471512,1.5798715722561782,1.5848491207997906,3.854775389610733,4.0777226814469465
34,0.95,1.858895314178076,1.8589115017861475,2.1490549680516526,1.1957331577022123,1.7416581186290028
35,4.1,2.513739102405329,2.5137319077818345,2.4212333693714485,3.705607209797204,4.639101358820353
36,1.75,3.5616894600248443,3.561699629713236,3.7580302461403887,2.913521558349248,2.590623929496628
37,1.6,2.0793756726306034,2.07938827461556,2.304607064350334,1.037071265251392,1.9416286484265992
38,4.25,2.4853006474970014,2.4852932759538464,2.3884169886939564,3.543955846120669,4.792544670915309
39,2.2,3.7517239758924537,3.751732182875254,3.916116393018185,3.167869130572683,2.8554102073426133
40,1.25,2.438279508911922,2.4382787020219,2.458695091351596,4.135105338873706,2.962396454215967
41,1.3,3.1198950970319177,3.119909957830602,3.407008034562714,3.636060388254386,1.533465570519608
42,1.45,2.462577851244658,2.462581005124228,2.518911584963898,0.7862998668809551,2.029107446984723
43,4.85,2.656795277395989,2.6567874591691165,2.553215696568415,3.4708698299599536,4.641481613787233
44,2.0,3.824915142225837,3.8249244576046553,4.006076608413503,3.210355891197768,2.9835595239598955
45,1.0,2.0981732103621447,2.09817157685434,2.1050252052707834,4.771450178939978,3.203093018821745
46,0.9,1.9928457201418877,1.992837365935866,1.8803061179165053,4.670243293734694,5.233365789440516
47,2.45,4.56786554585155,4.567863345277323,4.518203168587558,3.720600876467977,3.148743825590186
48,1.6,1.963478273990988,1.9634927830410704,2.223854281737209,1.1647243951945303,1.8583778849238384
49,5.15,2.6550763002137185,2.65507047939604,2.5856153187437663,3.410426342116365,4.296249369858554
50,2.05,3.650567158729376,3.650574461718954,3.7854552655514735,2.246072972681094,2.335292470608392
51,1.2,1.7383776243570772,1.7383724014472604,1.6774538248097082,4.6351019622508245,4.80572152604601
52,1.25,2.417091176780918,2.417090894690276,2.449111283216648,4.584511626343457,2.3517848050730445
53,2.25,4.695335708156974,4.695335898221657,4.6912406574001295,4.159056921733583,3.747623273985068
54,1.4,1.9314400384524255,1.931442494220607,1.9777885814954248,1.0493192033451728,2.2423762747359017
55,5.55,3.076812991896224,3.076806419034595,2.9950842845410413,3.123725234515818,3.9981744317829335
56,1.95,3.3504064208292617,3.350410791467696,3.4323775748188665,1.5500877394160335,2.1099390216817664
57,1.55,2.1338320302460563,2.133843151447075,2.324499858374231,0.6101568172441949,1.7124461347630824
58,2.8,5.010276328946126,5.0102742801227365,4.9673404261895495,4.799616438733771,4.8309274491441965
59,2.8,4.259897189725398,4.259893196712524,4.17171395634986,3.264844821419309,2.647740292366093
60,5.35,4.808102157043425,4.808104639396953,4.8395995897022495,5.183707528636475,4.811768157762385
61,6.0,5.054209270664833,5.054210363200269,5.053895847208216,6.64077084416477,7.070531756609894
62,6.5,4.814726090804274,4.814725811242061,4.790552004814471,5.527888279388762,5.519918635016024
63,1.0,2.158787256631726,2.1587880354737705,2.163957815084448,0.5200440639295065,0.9855941442520316
64,1.55,3.747670286159511,3.747664821559301,3.6523906499033134,1.2174443875748988,1.5434131318723825
65,1.9,4.08155193703929,4.081554028574404,4.113620646212354,2.627618502169547,2.228693241825267
66,5.3,4.546243673002445,4.54625500401942,4.744068868357343,4.913246599225161,4.674741201648244
67,6.7,5.131776341734526,5.131774922686763,5.089335406959558,6.326172050108589,6.719997642516814
68,5.75,4.714195589071912,4.714199455077519,4.7722254367307855,4.88458906997279,4.404119886714438
69,0.75,1.1102687997161127,1.1102850841565195,1.397604516383795,1.1718384440383929,0.7019768393211283
70,4.85,3.093891074480488,3.093884898754787,3.0170311144827044,2.855221659515017,4.048779489316383
71,1.15,2.772680995549264,2.7726947044419803,3.012834965798173,1.2503195096743411,1.913226611256148
72,4.0,3.918170718762693,3.9181593909691625,3.760759910828663,3.460446992131885,3.7201470200533873
73,3.9,4.967381504073787,4.9673850417233245,5.024143165509577,5.3969021427149,5.387826825000316
74,4.2,4.401404559601094,4.401414512124898,4.590865480335838,4.339054915507326,4.5880910413723495
75,0.85,1.3645725412052911,1.3645718385931604,1.3572258331427336,1.9066383550913053,1.8475930519278467
76,4.95,3.0846901104787,3.084681926831858,2.973880805336087,2.907447822744781,4.338743787615266
77,1.0,2.9390784935346854,2.939079754473888,2.960948143149701,0.8699932233896446,1.7872901614479542
78,1.2,3.4864685517911216,3.486465846045327,3.4409608438825545,1.133356180715403,1.778625773595122
79,1.1,4.097768920599867,4.097763836940281,4.006269429799332,1.844001109623216,1.7006706138735534
80,1.15,4.540085391868511,4.540079668756609,4.431608111022182,2.997516927421156,2.4405099054227275
81,4.1,4.000748971159936,4.000742564442388,3.922772188540367,3.1492840822296047,3.824448240831968
82,4.05,4.71175019389726,4.711755625548937,4.819090245875193,4.443016593770482,5.143345896135697
83,3.9,4.521069002967827,4.521077920972758,4.678990199913539,4.443553508264538,4.229809538881723
84,0.8,1.249494069701686,1.2494994972511604,1.352861789552941,2.132977683549091,1.9718696873156736
85,4.85,2.8993869689396687,2.8993810343391213,2.827709534159183,3.133407568367746,4.111287872666642
86,0.85,2.0274816170647183,2.0274887526623973,2.174771170612237,2.841290106429578,2.526548045087619
87,0.35,1.317983279740796,1.317985549552828,1.3596773610847772,1.592440535422412,1.3778136270185382
88,0.85,3.126084118772672,3.1260842791480954,3.1247578841248016,0.9329703380855712,1.4508570645375425
89,3.15,3.705991770524933,3.7059864745212905,3.6086475564329272,1.2510434110064548,1.1349529553246338
90,4.6,4.318558142206253,4.318567222008402,4.495130165958458,4.120947652169416,4.2734286064908655
91,0.9,1.3116022894052382,1.311602318077088,1.337244750389583,4.528762095795649,3.595883015088516
92,7.5,4.828827430077385,4.8288305491050165,4.868079074925277,5.655685550007732,5.413866669644035
93,2.15,4.587728143342158,4.587725417925881,4.526430424057903,3.904316183654615,3.333596127665301
94,2.3,4.690046672234198,4.690043342204665,4.617761884252511,4.16380829972795,3.662836654604048
95,2.5,4.126270327429489,4.126268220133536,4.0780869954817,2.6045283732613385,1.9955285287722244
96,2.2,4.420842757411795,4.420837704322556,4.320041333012854,3.0594925295950723,2.3357350820536293
97,2.35,4.583091875455111,4.583089984311751,4.535986956027223,4.033775435973084,3.482469849279864
98,2.35,3.884072107363655,3.884068949515182,3.8198062033311535,1.8744264410999047,1.4227341662945443
99,0.85,1.4425514040297926,1.4425455602726207,1.3516950130501024,2.6210861910516323,2.9647429848647757
100,4.6,3.0551681922479377,3.055161118792673,2.962889543389528,2.868389234284232,4.221849216999226
101,0.95,1.755197686108083,1.755207352079239,1.9456953660116283,2.9413392215902894,2.0437946576837245
102,1.15,3.759152314747559,3.759155557244563,3.817983516218833,1.9964451096237517,2.0955837239321635
103,1.2,4.4814518694630046,4.481455746344855,4.545267770664093,3.844747062619472,3.368757528603324
104,1.8,4.605251755418017,4.605252729725296,4.611351003827163,4.234665438271435,3.6854922027769534
105,4.6,4.396406819346629,4.396416756743719,4.577745248812899,4.17553110036773,4.153702201645883
106,1.1,1.3116022894052382,1.311602318077088,1.337244750389583,4.528762095795649,3.595883015088516
107,6.45,4.896907722100799,4.896908592842031,4.8951649624505205,5.73781959101628,5.672647208416988
108,2.0,3.9045125517049857,3.9045099119819593,3.850723861831692,1.9003608687420783,1.5194083652630024
109,2.1,4.602277083835372,4.6022739696364,4.535005169489807,3.826918620661196,3.252457219917501
110,2.5,4.010586303631689,4.010584255127229,3.96342886758155,2.35257620719881,1.7876560377558643
111,2.0,4.117124547839847,4.117122224920815,4.068203330027128,2.3936529059496348,1.87953912771472
112,2.4,4.7280548276461705,4.728052557573864,4.675622707692519,4.311523219789443,3.8525399822449753
113,2.35,4.147999668904846,4.147995304570349,4.063259116976311,2.249266261758516,1.6854553459035468
114,0.7,1.353438776327892,1.353437391864054,1.345842293968362,3.236338284532258,3.5237230804967163
115,5.2,3.112621339554738,3.112613372728936,3.0063139375253587,2.995480753167095,4.236404598583393
116,0.85,1.3472158615256904,1.3472305765334391,1.6171152002894127,2.0706429340895687,1.285289392865561
117,1.2,1.059861499530529,1.059877333433526,1.348290483150689,2.21756748549586,0.6533009391096503
118,0.55,1.2645117426899315,1.2645348054415315,1.672157687611228,0.9228108716512824,1.0192342889559836
119,1.75,3.546466781481085,3.546464960396329,3.507788300388284,1.3480690346628297,1.2941920905342794
120,4.7,4.356636354668928,4.356646419684073,4.545357505459192,4.162460354948498,4.297062635148036
121,1.1,1.3116022894052382,1.311602318077088,1.337244750389583,4.528762095795649,3.595883015088516
122,7.3,4.719756819507538,4.719757968750004,4.718007206967863,5.6890346314284805,5.896473730094426
123,1.8,4.082169002600544,4.082165858365915,4.021960526249586,2.101657800753413,1.7659271076237657
124,2.0,4.416432737854822,4.416431670084071,4.38791889055439,3.352865768011693,2.7563887092938284
125,2.1,4.278387618155411,4.278386194662278,4.239660256024269,3.223903043202789,2.594220264374867
126,1.75,3.5087110500224754,3.508709034042865,3.470450724352176,1.2135043752738142,1.4479996402261983
127,1.95,4.48328533512762,4.483286256383252,4.488439428411581,3.8642348625437855,3.2614501264607
128,1.8,4.252527682088489,4.252524815992236,4.191524380374357,2.7907793584015863,2.150951275306665
129,0.8,1.3116022894052382,1.311602318077088,1.337244750389583,4.528762095795649,3.595883015088516
130,5.05,3.119575966302451,3.1195725058382053,3.0879473737127627,2.7111305863565365,3.668235060332206
131,0.75,1.799609299478765,1.799618703565611,1.994969771663981,4.371585797365034,0.8408065505621787
132,0.6,1.3227875112879484,1.3227878697105857,1.345626614818764,3.212954519453077,3.2945026539638307
133,0.9,2.178020463561475,2.178038932498352,2.512290122016448,1.5955251933309316,1.8105571598416628
134,0.5,2.5403705368137035,2.540375598777392,2.631196181063461,0.8848261871245198,2.066205893154047
135,4.95,4.454563262310996,4.454574295877371,4.649182408112928,4.534516039314379,4.293631019712889
136,7.8,5.018380838975098,5.018380619319851,4.993798092751751,6.457901483424802,6.943347775359639
137,7.65,4.864150396446989,4.864147544780761,4.790694220952378,5.854758862455096,6.369674721526321
138,3.1,4.280000542298993,4.279996013756257,4.189514616971962,2.695057673248076,1.9938164696018656
139,3.15,4.288596712575715,4.288592243596908,4.198122064654266,2.7927198409482195,2.0701936528183023
140,3.1,4.018240629669902,4.018237084028455,3.945490418994063,2.1869933932472208,1.5881641066188603
141,3.1,3.8313060357514814,3.8313032534620937,3.777143132244855,1.6815910075020462,1.4727139914894405
142,2.95,4.562945591404945,4.562942274538335,4.492071765830067,3.692537982480673,3.0890445720345223
143,3.0,3.983004241750285,3.98300197357147,3.935814498308564,2.08370668769963,1.6668596672332523
144,0.75,1.411424752879117,1.4114204303483473,1.349337861100568,2.8617301589815693,3.3448432419064407
145,4.95,3.177485025959972,3.1774779868722867,3.0872889689628598,2.992059226179018,4.028799947468388
146,0.8,2.016698342032242,2.016701988566937,2.0837624799598027,0.9807049356318812,2.2316026689634736
147,0.85,3.255552612259608,3.2555474898557075,3.1735966531054065,0.935488182877668,2.3658810578092027
148,0.85,3.775540971487295,3.77553772510587,3.72072167151851,1.441237066470686,1.8600333867116612
149,2.1,4.402677186366196,4.40267209144133,4.301453921788661,2.9856036022369,2.25998083738868
150,5.15,4.88146159884436,4.881467995541343,4.989458786802961,5.470295450105674,5.3763487044162
151,6.95,5.182360270204955,5.182355654508335,5.080636366952477,6.419162563019995,7.16430585697894
152,7.15,4.973331719706502,4.973329628279515,4.912604796580249,6.443764456649166,7.287221573470601
153,2.2,3.799191149716312,3.799187058244864,3.722601517408953,1.499082144286653,1.3289661474608874
154,2.35,4.782466692802542,4.782462776217228,4.696913044817112,4.66131687053128,4.339495533558688
155,2.1,3.999035913494232,3.99903177467567,3.918604781677284,1.9542677381270843,1.4676797197694622
156,2.15,3.857320880687757,3.857318308396213,3.8046864911304215,1.8203407612076197,1.468745707850685
157,2.2,4.461689058386913,4.46168451638162,4.367727264939344,3.395706875652408,2.703133529923248
158,2.05,4.55072324227994,4.550717998168056,4.443083350579284,3.676089772857527,3.0201254427582125
159,0.65,1.3334013569212166,1.333400253685772,1.3383234668787114,4.378424184705833,3.86315522861126
160,5.0,2.933434868056308,2.933430210350655,2.8822465416400647,2.914412675404122,3.953330664602936
161,1.0,1.1299295382057293,1.1299408485400488,1.3441462532115271,3.0060135295023525,1.293637740933184
162,0.35,1.5498395373425082,1.5498271956467489,1.349033807306176,3.071226256202707,3.3065630078054165
163,0.25,1.4364346754602213,1.4364373963758723,1.4805781627957804,1.064309888445656,0.8388111881044988
164,1.45,4.170202638477731,4.1701992884039765,4.102182119826842,2.4605651420307737,1.8692558418643284
165,3.8,4.717824637457009,4.717829415148444,4.79580084505769,4.770661558098816,4.378707493146562
166,7.6,5.221639534313361,5.221633755645465,5.097571169481235,6.652382378233195,7.711490965831713
167,7.3,4.842989936005322,4.8429874551386085,4.775040581565694,5.961299224538827,6.622973159146154
168,1.6,4.084646191779837,4.0846478189856015,4.110543874991856,2.527326400329565,2.23566181636515
169,1.4,4.519143924103041,4.519151322398651,4.64236857844198,4.527746306775928,3.954287015305267
170,1.5,4.375115515849543,4.375116016762743,4.371980431714038,3.570008573267472,2.948496381744958
171,1.55,3.773663838097103,3.773661180145172,3.720990789648248,1.6161266698540064,1.405962290297948
172,1.45,4.732468840183012,4.732467221212604,4.695368426585183,4.108950068535922,3.705215739557884
173,1.3,4.648299077756046,4.64829625726974,4.58340808159229,4.244521495629691,3.758168960914458
174,0.6,1.3276057892896764,1.3276049869866122,1.3380366759706408,4.418059868161002,3.79727363842138
175,5.25,3.066210589017452,3.0662046989550227,2.994542715649965,2.9124029245923766,4.009914142069375
176,0.8,2.0710183958410244,2.071019911527204,2.1086663913864685,1.549389976590331,3.105065217077536
177,0.55,3.0176080951785997,3.0176076957560576,3.019272498587229,1.1367043604222546,2.5454571642829773
178,0.6,3.366173451234772,3.366173780455318,3.375199461658715,1.2395946893630718,1.972486932590113
179,0.5,3.1402583790996834,3.140256577396244,3.109991971287943,0.8831298159226817,1.78615083353513
180,4.9,4.616225954159539,4.616233871811563,4.757273418773322,4.579123147514164,4.492826290083981
181,7.5,5.000100599537641,5.000099816372718,4.96740025078501,6.092077588044614,6.3412354177522
182,7.4,4.865038717705712,4.865038079405796,4.832293730206825,5.92587795432588,6.240508862996235
183,1.95,4.197567003551632,4.197563834573197,4.131277814774732,2.6267174683605923,1.9868085347246005
184,2.25,4.549357421886528,4.549354381550605,4.481112766471831,3.876354728236766,3.2986836139680644
185,2.45,3.9972329006955913,3.997229139177919,3.9215607629407048,2.077051137037623,1.5114445416666469
186,2.55,4.501935939636397,4.501932655163166,4.430978721941674,3.578247010219073,2.9455192604194007
187,2.45,4.495627025969262,4.495623358190011,4.417378830609573,3.561060212533043,2.917166451831504
188,2.4,4.06086056059325,4.060858325956341,4.01212840135071,2.349853171573651,1.806403540570086
189,0.55,1.3966863760988435,1.396681986815738,1.3414550959565,3.961345401063265,4.327774443904557
190,4.95,2.9995080512810786,2.999501889063784,2.9236071031628885,3.0123596068671907,4.083090296631278
191,0.6,1.1310655236276514,1.1310767471323413,1.3439630771205795,3.0367401549522013,1.3043171672284384
192,0.35,1.3116022894052382,1.311602318077088,1.337244750389583,4.528762095795649,3.595883015088516
193,0.2,1.3216131709075143,1.3216133392582514,1.3434101056186825,3.536691417952569,3.475053256680382
194,0.9,3.389440165157537,3.3894346415349834,3.290005782184469,0.8422528458269234,1.119323322585883
195,4.05,4.31788708447943,4.3178859171682,4.33109431729935,3.9755099486037135,3.934671612148504
196,5.75,4.971799317780424,4.971800979016782,4.991935985825905,5.385807341710084,5.267302703576702
197,6.6,4.819238421951561,4.819238335706769,4.799264882757678,5.480820037838086,5.40842544569959
198,1.95,3.618981136623962,3.6189788933187126,3.5762411815260124,1.3503917796894331,1.4496186634783452
199,2.35,4.4592088865525445,4.459207065723309,4.41318180338704,3.695999724055138,3.0901387909992035
200,2.3,3.9845952171092778,3.984592031145789,3.9205508834806153,2.032127976315204,1.5613175872764895
201,2.45,4.13371146529766,4.1337077135122335,4.058895881312935,2.32514569116589,1.7429987143985226
202,2.3,4.358726339254075,4.358723706991107,4.299121088709029,3.2744309714999105,2.617243476354401
203,2.05,4.305806746066084,4.305802762781754,4.222836920314256,2.9618867128797213,2.2499526373608614
204,0.35,1.6230136838100822,1.6229975425779395,1.352654795144973,2.705512484239481,1.6074614397567757
205,0.3,1.5000702548189595,1.500062009634891,1.3595726996104156,1.908153918253363,0.9583457481967734
206,0.45,2.561125549575745,2.5611241021144213,2.5393340434364964,0.7983595318926655,2.232670889038543
207,2.85,4.230123414510905,4.23010723107952,3.9912149721796766,3.376654554001365,4.016970267054495
208,6.25,4.962526106958071,4.962533100769425,5.077337449732188,6.086054119046537,6.014200003440278
209,5.9,4.751915104664918,4.751922436827918,4.869020659786171,5.631023536882942,5.211820981577189
210,1.7,3.903034938075096,3.903030978170018,3.826742884034609,1.75139244615894,1.3789211350239563
211,1.9,4.467846773190638,4.467841602636748,4.3614636915265645,3.459662275668105,2.7566481650983814
212,2.0,4.213268462793096,4.213264905991294,4.140301457931912,2.614050637254529,1.9641507867518568
213,2.15,4.493243232323131,4.493238970011183,4.4075783412802,3.247867407886602,2.6060066573425456
214,2.1,4.521123039347303,4.521119705201528,4.448067112592495,3.729194796238129,3.118793880788457
215,2.05,4.276627845758346,4.276625367511862,4.2182024703003815,3.1965513515308217,2.554365134552695
216,2.4,2.763958917551882,2.763962232741325,2.8441293700816144,2.345994284641894,2.958525305014481
217,3.15,2.2948089324851573,2.2948045687789342,2.2492173758145366,3.662625589912772,4.40293976884789
218,2.35,3.0246149111140475,3.0246121957994383,3.004582407343987,2.609335387168345,3.657768297808003
219,1.9,3.174198480004848,3.1741955617763917,3.13527518505794,1.2429994362355172,2.882577691238721
220,2.6,2.231816084537248,2.23181098350716,2.1693588996852315,3.161592325995029,4.730783111534591
221,1.95,3.291011272906531,3.291002687224956,3.1674905083530804,2.091084869780637,4.260853842591812
222,2.65,3.1416421241617054,3.141640068857831,3.1269957695936625,1.9740613904189384,3.469543024375964
223,3.05,2.602179453136153,2.602173014762912,2.5197557364387766,3.139325223297328,4.595223754829895
224,3.1,3.4505551796920133,3.450548006651111,3.3568143591023176,2.7263800141318466,3.95562566729979
225,0.95,2.83535479806372,2.8353574186658186,2.889053254244816,1.1640653546735449,2.443556138563663
226,4.1,3.192179574488188,3.192170930579606,3.067334400012331,2.091302705325625,4.33769504283377
227,1.75,4.71510077380284,4.715088775884366,4.528009540054652,2.226122584430728,4.939891501087045
228,1.6,2.9138545302913457,2.913862298894318,3.04583257054194,1.08058104323327,1.7152630850057289
229,4.25,3.0848825930862818,3.0848734849957533,2.9550861970848823,2.494065250284361,4.546952150144195
230,2.2,3.787945594798847,3.787948350403046,3.830262925478888,2.111542419192883,1.852631466046928
231,1.45,3.3958003843732723,3.3958036672387344,3.454191019622551,1.4444997192621063,1.857485666193368
232,4.85,3.0616434647452584,3.061634716311665,2.938393100637574,2.5608709495009,4.520661443594934
233,2.0,4.166147322336585,4.166143007788498,4.092277655174979,1.9629156319803207,2.156507069035269
234,1.6,2.805458559488202,2.805459918066195,2.8399816529196125,1.2782971709471995,2.750926848052684
235,5.15,3.353286750979067,3.353277061498572,3.215019857892316,2.515732962230281,4.373867363829595
236,2.05,3.547773084182168,3.54776655413071,3.4464606278790177,1.2080837718526105,2.883851182012206
237,5.35,4.588694681679204,4.588704817927147,4.777854180236679,4.779881395022228,5.228257061136601
238,6.0,4.616833431835789,4.616841579411196,4.770806814216327,4.568165019712293,5.017250275328861
239,6.5,4.518587490668089,4.518597664101337,4.6957836586668575,4.676873314461087,4.34731702309959
240,0.95,1.3426364192176758,1.34263679126202,1.3747254943402734,4.517140454241907,3.5442452185610045
241,5.0,3.30220259479962,3.3021931809927763,3.167392726800798,2.392951815156302,4.391925221815795
242,1.5,3.319066905983303,3.319062184365741,3.254389706390887,1.550215093600789,3.413301194722022
243,0.75,0.9733147880511914,0.9733368079474172,1.358555546018619,0.7495372709120058,0.3570834500557165
244,4.85,3.41938947314214,3.419380211152524,3.2922091280030967,2.976488983101871,4.104351444845458
245,1.15,3.6453202580880433,3.645325154989513,3.734979702387371,1.9676101577287357,2.14137146369812
246,4.0,4.008743028878025,4.00873405649401,3.890920789055736,3.490742548034781,3.661854639316706
247,3.9,4.714366916006592,4.714373214367948,4.821691706043437,4.838639665613879,4.555246645104303
248,4.2,4.552719394855715,4.552729703421418,4.738745487712161,4.677257068377877,4.742962221810599
249,0.85,1.2882725967819746,1.2882760637928912,1.3552365662140795,1.9560820021511465,1.9159624670027249
250,4.95,3.2860469867874924,3.2860375872557164,3.1548167435956875,2.817349469266264,4.318395007404883
251,1.0,3.3772070457218333,3.3772075012674176,3.3905703385663304,1.3064262413517689,2.139549416969528
252,4.1,3.9875657665808655,3.9875625662762326,3.9608790354982255,2.982606154272156,3.701509268004555
253,4.05,4.7979690007631,4.797971900169356,4.853051292372109,4.352319698824598,4.709492038997992
254,3.9,4.665442012341668,4.665448065222866,4.766195949271604,4.756527436209723,4.323647132716401
255,4.6,4.409809243716549,4.409817667121446,4.570654209173797,4.100591837244867,4.333740054207551
256,0.9,1.3116022894052382,1.311602318077088,1.337244750389583,4.528762095795649,3.595883015088516
257,7.5,4.921122888727863,4.92112440586427,4.931773583836435,5.809816632649927,5.719914266575911
258,2.15,4.193426894086024,4.193423867403324,4.129365010555958,2.648896068483392,2.006798681486357
259,2.3,4.502785732872301,4.502783112381118,4.442117265927948,3.775205106321227,3.1800722717214693
260,2.5,4.190162953703975,4.19016260487418,4.169785321571955,3.148412987431577,2.557484790395433
261,2.2,3.827809839938415,3.8278069247664366,3.7704387908177006,1.6916365010787562,1.4273427006685733
262,2.35,4.630723471237507,4.630719289035469,4.542434589849566,3.971870314534133,3.412068420154624
263,2.35,3.8251465406398566,3.8251443795517215,3.779127966083144,1.821490078982125,1.4691237013438876
264,4.6,4.233604207122003,4.233617490290801,4.4726456431535215,4.152431705075658,4.063132910860686
265,1.1,1.3116022894052382,1.311602318077088,1.337244750389583,4.528762095795649,3.595883015088516
266,6.45,4.968040015803808,4.968040885677786,4.966217429492029,6.005384032961516,6.059445661180275
267,2.0,3.760604734514996,3.760599914911036,3.6679830594279927,1.4848183404612652,1.0757050286006642
268,2.1,4.695599596074532,4.695595021822257,4.598058111019252,4.347879283382806,3.920238409104554
269,2.5,4.614899058667967,4.614894820381788,4.525485639824458,3.9312758223635385,3.359667089175259
270,2.0,4.007061542072647,4.007058828475931,3.951811516279133,2.099447644650434,1.6521720624883027
271,2.4,4.6172884980566,4.617282694450889,4.50155211080716,3.6379549784043057,2.977491708492421
272,2.35,4.120612124825181,4.120607169523752,4.022565308831403,2.2968731575810253,1.5837675241239548
273,4.7,4.355276811428018,4.355285276766176,4.502065345544745,3.975457810492829,3.504601936735112
274,1.1,1.3116022894052382,1.311602318077088,1.337244750389583,4.528762095795649,3.595883015088516
275,7.3,4.8597888364774455,4.859789850827122,4.858448447469982,5.854721241154429,5.911572320801538
276,1.8,3.709391288205941,3.7093877816693466,3.640714726606166,1.4776746303319008,1.2213647999512158
277,2.0,4.737503138569985,4.737500281981229,4.674992820789528,4.243532988975996,3.7849238732833737
278,2.1,4.62801015203485,4.628007566958709,4.563570916447361,4.579972652035078,4.293799472968017
279,1.75,3.855109652121496,3.85510879876554,3.8350622887111774,1.888424943880912,1.6780587889135583
280,1.95,4.631390074962867,4.631388260041722,4.587092048986117,4.064906922627564,3.5300754988952985
281,1.8,4.150663401664726,4.150658932007906,4.064191100236119,2.2380281326274467,1.6765717867188368
282,4.95,4.51343712853605,4.5134465109175785,4.678745289449756,4.500183990671498,4.246127134834792
283,7.8,5.159055881717212,5.159054372921796,5.113243087264235,6.63309809617876,7.250993573254659
284,7.65,4.80978036315797,4.809779418947061,4.76763272230972,6.204001342240733,7.086910573793871
285,3.1,3.6118963763294127,3.611893354516654,3.55512770507234,1.2864691399709365,1.3586980724339082
286,3.15,4.506081127024121,4.50607653001175,4.410280773638503,3.585888328437445,2.925760525015489
287,3.1,4.241141891288208,4.241133943450542,4.089281421728209,2.336310770668991,1.345640847131376
288,3.1,4.048994551751225,4.048992218771691,3.9986764928071823,2.3073353165028045,1.7719179614456788
289,2.95,4.732625970577594,4.732621616152022,4.641057453386688,4.279895605344912,3.8169625582195694
290,3.0,3.590792260653165,3.5907901888015994,3.5514357160221066,1.3189898533548572,1.470352472645045
291,5.15,4.993990891956617,4.993991885256074,4.999724622313497,5.586817483070934,5.489228693425089
292,6.95,5.195670584844564,5.195668131505682,5.12908545876628,7.188058720670423,8.454415750660742
293,7.15,5.045197718958685,5.045194419939016,4.962315226602168,6.677180523397158,7.805158972059912
294,3.8,4.5804924739907005,4.580500691064826,4.724458186948549,4.570904086200986,4.3136256758205445
295,7.6,5.033652354986023,5.033647486629922,4.925019028244024,6.156959280614228,6.8706142197438975
296,7.3,4.901186886051294,4.901183915727957,4.82388598046126,6.209811305391956,7.090212250560894
297,4.9,4.45770699586515,4.457717216540865,4.646037264092536,4.396080602221581,4.539079238572908
298,7.5,4.963265305759933,4.963263625834989,4.911892481492911,6.183932928928439,6.687667132449901
299,7.4,4.920180296194189,4.920177961264198,4.854698902612311,6.276042310575889,7.0944116381620415
300,4.05,4.210183710192848,4.210178175563655,4.150886496365599,3.7661844413401298,3.696295617222985
301,5.75,4.869068252946865,4.869068991673299,4.871528922714653,5.013653552057114,4.721969029373481
302,6.6,5.011464388216674,5.011465246866531,5.008176982539435,6.3082618260701615,6.541475051955372
303,2.85,5.1267357397659685,5.12673250681613,5.055162188698457,5.7260394425773775,5.927296129958945
304,6.25,5.1267357397659685,5.12673250681613,5.055162188698457,5.7260394425773775,5.927296129958945
305,5.9,4.793878158129752,4.793884999564381,4.901754706211193,5.763325661794266,5.395354489371853
306,2.4,2.068735963325837,2.068750949326584,2.347048498668556,2.061637548381924,1.7241205614733257
307,3.15,2.291216443153244,2.29121336904591,2.2698749485152865,3.949234192501981,3.946245722977367
308,2.35,2.777722315279462,2.7777202715157445,2.7731577983870013,3.2579755058412,3.4782160871384797
309,1.9,2.2261238255102445,2.2261356460533523,2.445221033359406,1.6295331583970785,2.1212745338494
310,2.6,2.391688850851132,2.3916830533783235,2.323693515779389,3.9221890288402967,4.428236938395914
311,1.95,3.186450459539348,3.186443991116149,3.106157846078305,3.0109753561660573,3.92583669415348
312,2.65,2.183548777865058,2.1835636153888958,2.4551492647263764,1.635582920881144,1.900340824656963
313,3.05,2.4547295856625158,2.454723068270571,2.3743098601723265,3.842900290165377,4.5232391529485785
314,3.1,2.991493470852202,2.991486280464666,2.8995759718961853,3.2427562436317565,4.138958425914399
315,0.95,1.7852738713143483,1.7852868433067124,2.01244136529845,0.7624198489208345,1.6694644294753669
316,4.1,2.7495308452100664,2.7495236024490275,2.6547334751818763,3.190867828348586,4.52050566780322
317,1.75,3.796997524655054,3.7970080555036256,3.992575826676316,2.9404144823304605,2.810499389067486
318,1.6,1.6178329963857614,1.6178486069018116,1.8876100639416735,0.5316672539674339,1.4235473062559103
319,4.25,2.7501128450404884,2.750105079128658,2.647539158155077,3.3728556241904317,4.5310053735178695
320,2.2,3.6700565069953432,3.6700639226905833,3.811056175191605,2.4245621624066445,2.5351812164710577
321,1.45,2.0123710142576963,2.012383182101028,2.221476157366377,0.5819519921645133,1.6795702054376545
322,4.85,2.753288145734485,2.753281013050493,2.6615018737022784,3.348891022933005,4.424123964855836
323,2.0,4.051801808747102,4.051810489810767,4.213111788039695,3.204796269567346,3.110944595436236
324,1.6,1.4430678657058238,1.443080565106335,1.66158985518281,0.656025971740732,1.1462675185153284
325,5.15,2.8742351687815644,2.8742285578638262,2.7902879029021257,3.064113839162304,4.292326166201445
326,2.05,3.718438139789357,3.718446501168012,3.872706869675885,2.480521787761937,2.470128584801655
327,1.4,1.4569809162258491,1.4569810590755936,1.4564977007306137,1.175637410113843,0.7119758620787291
328,5.55,3.195875926962206,3.1958695621460107,3.117114041056096,2.9750168978420977,3.920757182472189
329,1.95,3.484808521063272,3.4848147740175404,3.5980460164252026,1.8269958353919515,2.061211857870303
330,5.35,4.7598076411717365,4.759813596341598,4.858538678011385,5.07199652408131,4.730123096232587
331,6.0,5.001116860257368,5.001118761797327,5.021931787032993,5.827551692165883,5.752484977177614
332,6.5,4.778018861925835,4.7780225357288,4.827778338368766,5.478664539755158,5.141482386919774
333,0.95,2.135079611861406,2.135086834170414,2.265335853582364,0.970967711383528,2.1613637067460143
334,5.0,3.2133932887439727,3.213385972291911,3.118340198471607,2.954742842738208,4.0511230897226
335,1.5,3.6467179695590506,3.646721540960834,3.721025344735727,2.074626939305741,2.578257981296288
336,0.75,1.2066668083838898,1.2066794839485118,1.446201043513901,3.0283989794633928,1.140061976291218
337,4.85,3.264461502105282,3.264455884609424,3.197993558278946,2.8924473472695955,3.798003313996104
338,1.15,3.2625664162617376,3.262576219463653,3.437619485649321,1.752489510280589,2.007324769384452
339,4.0,4.014554652922341,4.014544155045254,3.8706566832014655,3.4083669881248544,3.7990060407321007
340,3.9,4.840633041202345,4.84063917237499,4.944915916156562,5.239757788255979,5.123353882900387
341,4.2,4.6860071110615245,4.686013895531998,4.799462775663715,4.933317868448437,4.518585612059082
342,0.85,1.1786611211540736,1.1786709322710367,1.3554230333068962,1.6809738150953746,1.2769099120023435
343,4.95,3.139240474814892,3.139238949191675,3.142218139714496,2.913138580628747,3.2769964152994486
344,1.0,3.46705339913342,3.4670540677879904,3.482717431419103,1.3855857335613226,2.0326718360211498
345,4.1,4.073150436517519,4.073145546499404,4.021144117678027,3.294180369201757,3.7754087503362666
346,4.05,4.805414772608218,4.805420781701326,4.916641884077254,4.811962314487108,5.250629017096385
347,3.9,4.544687682448148,4.5446970515580345,4.712779102573688,4.537630577345912,4.483720613530791
348,4.6,4.270818068160808,4.270822690435974,4.373510655831755,3.673838538223399,3.957510902532517
349,0.9,1.3116022894052382,1.311602318077088,1.337244750389583,4.528762095795649,3.595883015088516
350,7.5,4.944244059986922,4.9442467175288805,4.974802789774646,6.073040458155191,6.030961337415233
351,2.15,3.8458859238799823,3.845882589463328,3.780863731621284,1.6961335775396602,1.393025062211832
352,2.3,4.674676156262533,4.674675481859814,4.647912040037479,4.562197759808012,4.119925667553202
353,2.5,4.424258765844668,4.424252026781911,4.2924040039778255,2.988394808757352,2.142309521111697
354,2.2,4.187944738861697,4.187941333362387,4.118456502937188,2.5227053913154585,1.9077706471496596
355,2.35,4.599220761857762,4.599216940792676,4.518362317732136,3.8282626324530753,3.2393588263160336
356,2.35,4.102173376136189,4.102169676253846,4.028220202240984,2.265700892339451,1.691967347202917
357,4.6,4.369846976209143,4.369859197431406,4.596280353891151,4.479962026602177,4.680598422911698
358,1.1,1.3116022894052382,1.311602318077088,1.337244750389583,4.528762095795649,3.595883015088516
359,6.45,5.03242424121385,5.032424159352554,5.012381353871659,6.276487507503152,6.563988983884469
360,2.0,4.258787815106088,4.258784433094816,4.186975293675594,2.867712888236859,2.1822757863258584
361,2.1,4.583561407005779,4.583563734148119,4.609909256740993,4.620120702401685,4.110890813231022
362,2.5,4.308280158888332,4.30827618381905,4.223909448111752,3.088796760841785,2.380497638086167
363,2.0,3.7226802035549937,3.7226769151835457,3.6595854499460185,1.4632227544003644,1.321713161634234
364,2.4,4.474684233791191,4.474684731309899,4.47111216556689,3.880850479403545,3.279029878552405
365,2.35,4.178034240129628,4.178031493263463,4.119070730301388,2.630867867564348,2.003492660019033
366,4.7,4.32003136916755,4.320038969218169,4.4721705533146086,4.00246016168674,4.193103286744799
367,1.1,1.3116022894052382,1.311602318077088,1.337244750389583,4.528762095795649,3.595883015088516
368,7.3,4.797119237961399,4.797121158698568,4.809835906797983,5.963251559876866,6.150168563689972
369,1.8,4.231105015068737,4.231102351354062,4.172892212843992,2.810196567142057,2.161859829104328
370,2.0,4.538542386438428,4.538539843543791,4.483696505400182,3.5355705998247053,2.9596942612202337
371,2.1,4.374994518907322,4.3749921081039975,4.317810719451193,3.460190045253178,2.831915758514283
372,1.75,4.003519495083528,4.003516875818594,3.94950383065882,2.1203177271539517,1.6558441691594634
373,1.95,4.603742128796387,4.603739336233851,4.542490771874694,3.8415396970102655,3.2744815374976906
374,1.8,4.122002772173695,4.122001625864817,4.09152683083434,2.643123832505537,2.0682421479043978
375,4.95,4.3508598821513385,4.3508705279696605,4.552064389628722,4.292224385753169,4.469401043931425
376,7.8,5.0979841565292325,5.097982602246351,5.052521682775724,6.253106305860076,6.620909587178216
377,7.65,4.855532117168922,4.855530368265463,4.8012748889267325,5.994318043480241,6.561013635162039
378,3.1,4.03291624299411,4.032913280189368,3.97211563642651,2.1829572746699952,1.6637652368935232
379,3.15,4.4935416756641855,4.493539219116304,4.436725240739079,3.686610050504889,3.0748120081489514
380,3.1,4.372170496692106,4.372164897549438,4.2628346878708765,2.800064510319494,2.060446971563165
381,3.1,4.048994551751225,4.048992218771691,3.9986764928071823,2.3073353165028045,1.7719179614456788
382,2.95,4.732625970577594,4.732621616152022,4.641057453386688,4.279895605344912,3.8169625582195694
383,3.0,3.590792260653165,3.5907901888015994,3.5514357160221066,1.3189898533548572,1.470352472645045
384,5.15,4.652933038346508,4.65294126360098,4.80202044694523,4.688376227308741,4.819974268765277
385,6.95,5.009425557831793,5.009422759499906,4.942599314656258,5.686763463760812,5.811279093231446
386,7.15,4.971109822149612,4.971108803507477,4.928967422075045,6.621455011752136,7.533911258392932
387,3.8,4.556676143471796,4.556685497915291,4.720783104865314,4.647834374409712,4.396292584639282
388,7.6,5.1090846217071775,5.109081230893462,5.028633618511759,6.357413171252055,6.993514967401593
389,7.3,4.746558176887177,4.746554600981081,4.65896404574326,5.5344461243008425,6.066595550173174
390,4.9,4.495117368569319,4.495127091191204,4.673659319729879,4.424565664696855,4.554113194113638
391,7.5,5.104514630176936,5.104511100776098,5.025112830390117,5.892388317071806,6.17675481963674
392,7.4,4.964863772091654,4.964859596555264,4.865999163005167,6.335048782553866,7.359704372471738
393,4.05,4.196485538959744,4.196482950480807,4.186174637042774,3.815753907022421,3.6365243191780063
394,5.75,5.012794792004105,5.012796975854127,5.041499490705534,5.659195982554635,5.603472229564018
395,6.6,4.835660393659087,4.835663101213779,4.863370346724253,6.077855274432888,6.183454117546757
396,2.85,4.337810204631516,4.33779998368519,4.191611572647846,2.755189778688325,4.63542175405429
397,6.25,4.856252853487271,4.8562613036459945,4.996009266177119,5.953068254353156,5.720824887865815
398,5.9,4.86228919592625,4.862298567584332,5.013557005609069,6.475993399920512,6.300836227555051
399,3.9,3.4874040719060173,3.487395286759602,3.367952353504848,2.9060004769487424,4.040441023174301
400,4.1,3.9619340076634506,3.961921093586427,3.778153664246803,3.485623359474358,3.760648353513416
401,5.85,5.099579821069076,5.099580748640327,5.102532428909257,6.116786161486626,6.250449079041614
402,5.6,4.78918465746238,4.789183635853347,4.759971796552247,4.565027389582024,4.175310108565368
403,1.7,4.115788436287039,4.115787264089284,4.08673528024732,2.5254173035606198,2.006152685266711
404,1.65,4.520956750338794,4.520955644425932,4.487490120250197,3.95955234121233,3.389510526993531
405,1.35,4.3990518505852965,4.399048340716475,4.321997398325715,3.4493536021724083,2.799775055631967
406,1.65,4.510039597093566,4.510037347507553,4.457666153247629,3.6928038691009526,3.0855043798995165
407,1.65,4.581275530350453,4.58127471156788,4.548190711732223,4.615063561471015,4.316143646024143
408,1.55,4.533433610975383,4.533432910897912,4.506909424711093,4.061740634502215,3.506412562448117
409,4.75,4.625731003558342,4.625741668044125,4.811975070649613,5.077437508709796,4.905916126067309
410,6.9,5.066856915684632,5.066857258786823,5.052533763890155,6.681854309501762,7.227210374575447
411,6.8,4.597789445010172,4.597788565758723,4.573642993320584,3.81199389251486,3.3042577277249574
412,1.8,4.289025588783963,4.289022392306947,4.224944246926661,2.6804459940056558,2.126692443049292
413,1.45,4.5899376634678895,4.589934712818122,4.524574322090929,3.891979475794209,3.3188192949260564
414,1.45,4.661863253883224,4.661857421789865,4.538971089826722,4.44111079844226,4.130985096963554
415,1.5,4.240998319043502,4.240995339654689,4.181015984785629,2.577734788567163,2.0451303022903584
416,1.4,4.590517061676118,4.5905147655142216,4.537738467124971,3.885334690132233,3.3178634225676387
417,1.35,4.045611926107773,4.0456098167389,4.003052244015478,2.151704218595219,1.8017403065977489
418,4.05,4.446169457232724,4.44618200629585,4.675515110691848,4.683045088997758,4.9129032829106745
419,6.35,4.739001012100718,4.739010837961659,4.901640614671111,5.807450467030144,5.441662981156737
420,5.7,4.7208136355466745,4.720814194385712,4.713690456987029,5.068888642753052,4.778141226970133
421,1.5,4.24161123763804,4.241617952016876,4.359570614337295,3.4093749453855526,3.028019313646423
422,1.45,4.801129932548571,4.801130966477553,4.806801100050642,4.990541598762292,4.618858604739485
423,1.35,4.772861282983446,4.772857684221359,4.6939893965434045,4.561425110791664,4.189083221378082
424,1.4,4.427132409008097,4.427133972291402,4.44258828530395,3.847576016338163,3.2303152105944672
425,1.3,4.46605008382972,4.466049035832158,4.431087136487357,4.024760266772297,3.5198867501376707
426,1.15,4.487486630145082,4.487487055278397,4.483215532481633,3.866951555994806,3.266511727042412
427,4.9,4.610377210351434,4.610386716328116,4.777558156654987,4.826745033219243,4.660879906239002
428,6.4,5.022061224239748,5.022063783047571,5.0518216158745926,6.256593423697876,6.303493653147639
429,6.2,4.896099043402078,4.896098985001054,4.880394034291607,5.363319382624102,5.168780937720426
430,1.3,3.85348701580194,3.853488357437689,3.874262534886436,2.03137856846641,1.897683241910654
431,1.1,3.980138842520275,3.980136434553288,3.940624706626861,1.8299281499997055,2.1203052296170157
432,1.15,4.556308358358709,4.5563036545543785,4.4602552158021584,3.5715863113306554,2.9188860728796
433,1.2,4.412645757470671,4.412647523760051,4.439513527497465,3.3864425121371937,2.950561757745204
434,1.1,4.575761855114304,4.57576072468729,4.544126087325138,3.935960408484775,3.370907038700393
435,0.75,4.555764870523388,4.555762578998466,4.496345582162698,4.404740165325002,4.082714132839142
436,7.65,4.837480036905053,4.837479192976669,4.802965351474859,5.58021126513642,5.636507665028644
437,7.6,5.217758501642384,5.217754178187695,5.1164009422790695,7.272569946123447,8.903031000398228
438,7.75,5.150226043366025,5.150222415210869,5.067072205244498,6.290554413108275,6.852542039769146
439,1.6,3.644441417305975,3.644439452582496,3.607865677120214,1.390921911236438,1.5590974128585184
440,1.75,4.508893808702856,4.508890351279369,4.43332442218327,3.710137813292313,3.0960170753628926
441,1.5,4.532504153385834,4.532500907838616,4.46250633516125,3.645927575610312,3.028074414682392
442,0.6,1.709991064378353,1.709989652998798,1.6875791127630135,1.253770637063632,1.855845427430749
443,1.45,4.521775638549182,4.521769607270336,4.407048614239313,2.9682490354824296,2.349366746093024
444,1.4,4.402283528616707,4.402274639456874,4.239795139291467,2.205176314058688,1.5344344506550396
445,5.4,4.891367802534637,4.891368021985734,4.878048187914002,5.640463565285238,5.57233524134112
446,5.95,5.307901784149722,5.307903841349717,5.328869805424871,7.312361164632431,8.054192929636015
447,5.25,4.8603473387272,4.8603480389806215,4.866247229013089,4.680298475054762,4.479250332701254
448,1.0,1.103750566254338,1.1037633351448883,1.3437038812454851,3.004607759873781,0.9913464327393252
449,4.35,2.616007875895637,2.616007885795335,2.6435359671505823,2.920432445505331,3.447319908553352
450,3.2,3.049139702387344,3.049130571878038,2.931536802684965,4.389319810711901,3.278301779122514
451,5.8,4.858876185138046,4.858876446514208,4.846835947594228,5.47382342429141,5.324016571188208
452,6.05,5.107358690921723,5.10735603116599,5.046229030584027,5.703787018942919,5.858897672734242
453,5.75,4.772157010563532,4.772157960889787,4.776183481064312,4.897109135947567,4.495822960733262
454,1.1,3.4581417221735045,3.4581420539811285,3.4680216157785604,1.3529074301173436,2.037419697225955
455,1.4,4.59605824856987,4.596056693466132,4.564011234289653,3.4867316394430823,3.1542959423450565
456,1.1,4.428131638464989,4.428133049324671,4.443633068948846,3.6504564337241057,3.049609984777403
457,0.85,1.3115504149539592,1.311581658400848,1.857531766554017,0.2168552587711616,2.466111560279584
458,1.4,4.481592943240073,4.481591259293208,4.43807028323529,3.767643467041012,3.170639813427938
459,1.45,3.994583474692422,3.9945779854161207,3.8927575458941335,1.7224515297813188,1.347051436429224
460,7.75,1.668151185034909,1.6681494557265129,1.661167594544753,3.55959866346299,4.226891535808292
461,7.8,1.533449076105547,1.5334472894114035,1.5278852302691417,4.2005520447913245,4.171396429060831
462,0.85,1.0668060377685686,1.0668214545961276,1.3481485148001555,2.2571269415514448,0.7087137982469187
463,3.65,2.636768384439523,2.6367683991368773,2.664260935546697,2.890608502027156,3.4389826331887523
464,3.05,3.049358721381763,3.049347803326371,2.8999784890773435,4.207008214498302,3.8166117321502586
465,5.75,5.056069455607642,5.056066059847318,4.978620590497162,5.781979437700347,5.994274694811379
466,6.8,5.346748274640287,5.346746127005427,5.2882781670378325,7.472516563280752,8.774030372047077
467,7.15,4.536202842041693,4.536202404222342,4.517755050453497,3.831149695746895,3.2536444904820154
468,1.35,4.048495652360419,4.04849534177906,4.041920347236092,2.21435491771658,2.100728989339854
469,1.55,4.307379309553015,4.307377003183291,4.2619134022917,2.677237565936082,2.280144971588397
470,1.25,4.492956784897302,4.49294816825142,4.327077842173596,3.034658142369693,2.0474461651584037
471,1.35,4.482298109961814,4.482295119332441,4.418679401110851,3.392205054503414,2.770540203087462
472,1.2,4.3155122571443485,4.315511005257884,4.285715258744079,2.95567958232581,2.412886598636801
473,1.2,4.240656094165666,4.240651648225322,4.156238953202298,2.351938706085436,1.86989955823462
474,1.45,1.2040230385756707,1.2040312561126838,1.3542993540587824,1.8653981490433929,1.5297896047901656
475,4.15,2.531685171244946,2.5316844529904534,2.546302006228445,2.9418994617954466,3.663332867064863
476,3.8,3.4879184170726747,3.4879092268572043,3.3671350592255984,3.67830840710716,3.4497011263285184
477,5.5,4.7065866782009,4.7065926932633,4.806671268390829,4.8862251335812985,4.494493005759564
478,6.75,4.76478596837733,4.764790557623899,4.832111393506074,5.426021715891537,5.025723174228501
479,6.1,4.859257001752862,4.859258149850619,4.865698206169961,5.315395885192249,5.041158209940063
480,1.2,3.681353345063677,3.6813402609875983,3.446597632736898,0.6397413196775954,-0.4942064338872161
481,1.25,4.613063955250283,4.613049907163116,4.357029621158577,2.244280591453638,0.8204522101266729
482,1.25,4.236776453641212,4.236774264832393,4.191534267946127,2.611460780545224,2.124743814903054
483,1.45,4.120652384264719,4.120650309783203,4.084656762561216,2.141813791904463,2.164013723905596
484,1.2,4.367032000049571,4.367030301890454,4.331692821263755,2.915154235761076,2.478995574472533
485,1.15,4.525210686889646,4.525207554804848,4.458675910135439,3.5241881677954545,2.911638649113952
486,1.85,1.670752774534794,1.6707528913285454,1.6998788344912414,4.097972669005582,3.765219913590407
487,4.45,3.198932420628223,3.198932565717083,3.1994704008601857,1.0036091821487112,1.5866030401975717
488,4.0,3.850230984798937,3.850244230189908,4.103125482376072,3.863544607436939,3.2906670904824704
489,6.6,4.819466386701493,4.81946678747848,4.8122968184315305,5.118518613896203,4.806560272986003
490,6.75,5.050730766649887,5.050727342623805,4.969417138049067,6.170018936061982,6.708475018892427
491,6.95,4.954472332534632,4.954472107439431,4.933526460517482,5.785196817804561,5.801238608270564
492,0.55,2.609090157230684,2.609086568083204,2.5388614476924767,0.5088858331885406,0.7647390760678103
493,1.05,3.581870400191405,3.581866786211466,3.513470168141826,1.224940787963119,1.2133068133074811
494,1.15,3.7886337683697953,3.7886379180082415,3.859223924553154,2.1568172160374,1.9979949464617857
495,1.3,3.6031874810147952,3.603186021627046,3.580430924272444,1.369293067886188,1.9273873291178187
496,1.0,4.024350038214213,4.02434788269641,3.9830292390611737,2.0373812081819427,1.8268812271962087
497,1.15,4.516693791183272,4.516692492662815,4.486286621672404,3.4621184803144693,2.955488653360176
498,1.25,2.0945953134317343,2.09459560745534,2.127656926145969,3.5411766673328247,3.644655400156687
499,2.6,2.6978447721355545,2.6978455778508463,2.7383070690280755,2.7688516565170267,3.289785437293657
500,3.45,4.025483523272396,4.025501065524939,4.338878970602744,4.088892666420026,4.218990613890169
501,5.8,4.934008845333517,4.934010648093659,4.952238211594391,5.647590460465626,5.475505090459178
502,6.35,5.178904272585843,5.178904260071873,5.162508379505159,6.572637904388564,7.0012127591376565
503,5.95,4.794017646856561,4.794019517981884,4.813365372870923,5.172178353224151,4.81099270771419
504,1.3,3.4149215796417245,3.4149169294207957,3.3313377721066457,0.9198091333189922,1.2676786834652898
505,1.4,4.216376266233561,4.216374520014912,4.171936539375691,3.033717049720892,2.400979891127504
506,1.3,4.240261832016591,4.240258894697767,4.175487273757596,2.924924937482736,2.251228072656927
507,1.15,4.460993570270327,4.460990775643045,4.400408468547043,3.387873861672727,2.757082866039396
508,1.05,4.407329337865568,4.407329747083421,4.406746463257486,3.384417427483257,2.8294665946837494
509,1.25,4.307841190965145,4.307836517886768,4.21464313281434,2.7570607027870158,2.0466975437355317
510,1.8,2.2991187045838704,2.299121557067964,2.374582818506992,2.9927381771756547,3.1480106429739845
511,3.05,2.709002172143336,2.709006261442333,2.8024442080574365,2.355144847136915,2.871207790789162
512,4.1,4.622219828090794,4.622225528388401,4.722416219672119,4.338560348438353,4.1467969789435255
513,7.3,5.007396154673447,5.007394496144007,4.961640418874014,5.728657690460512,5.799444003092999
514,7.35,5.021657263899085,5.021655035354588,4.962914099882224,6.040001269292457,6.370792230828597
515,7.2,5.097670786289671,5.0976683449398745,5.034069234194476,6.43315636323225,7.047524990438019
516,1.2,3.6879538157802223,3.687946428897715,3.556833138235355,1.007479379689995,1.0916570179579548
517,1.25,4.496138294140989,4.496136918731374,4.45742731598969,3.897434199030613,3.324477023552204
518,1.3,4.387006042826881,4.387004335376459,4.343518832215363,3.464751141045255,2.834906338265723
519,1.25,4.048330534789949,4.048328658336253,4.008849143894608,2.220050759484721,1.813504817639496
520,1.2,4.433741705826473,4.43374125381706,4.419341651159935,3.280292039414068,2.7889436521277684
521,1.35,4.4277303520035,4.427726841283208,4.353983456913042,3.258283768381194,2.594308104455463
522,10.05,1.835646538330683,1.8356444675822765,1.822030305926156,3.1780832239540238,4.301417334440147
523,8.1,1.973519433195232,1.973517077153986,1.955271942227807,3.013289026974741,4.341677671129212
524,1.75,1.857863580255939,1.8578814899258789,2.176117243779148,1.0184009643084164,1.7134270940580605
525,2.7,2.369709447588855,2.3697154615312024,2.495262054847012,2.3388001471840005,2.747348747763061
526,3.0,3.281374969977794,3.281377688072234,3.361105128015492,3.506480084324004,2.257987222101411
527,6.0,4.843011300874541,4.843010969400384,4.8226566230886645,5.127510735840314,4.853079341537336
528,6.95,5.041479280800417,5.0414785119952015,5.008457436965667,6.317814288017733,6.705169307987076
529,6.95,5.114189166724518,5.114189642512502,5.102042025435938,6.907859847270203,7.577582228342221
530,1.15,3.610582150463245,3.6105713141795057,3.415838853006192,0.7213050264536935,0.0941639014675228
531,1.2,4.300460122496217,4.300458902178313,4.273192957112725,2.8237914804312023,2.3686159101624025
532,1.45,4.415245472800143,4.415240534197435,4.311437632911604,3.4816559339555653,2.811749941882267
533,1.3,4.221258174169618,4.221256002838064,4.177114340164001,2.54130441150901,2.0984070488956785
534,1.15,4.7792380246087385,4.779234588496941,4.708623321853549,4.122534964522753,3.7180885057392015
535,1.2,4.563792360376072,4.563787324670032,4.465968262910588,3.2384660579720226,2.6515361044128394
536,2.35,1.5922375790916323,1.5922517377246517,1.838792989938216,0.6979645103011323,1.4381003990811063
537,3.25,2.3295500236029287,2.3295546642908715,2.428336751182487,2.0318316402154557,2.9900878421127484
538,3.65,2.8224855036156304,2.822506824074682,3.2097434602440167,2.426051482629,2.430126185483415
539,6.55,4.993833748871136,4.993833375450178,4.97050931679728,5.882727999821039,5.951428113395236
540,6.85,5.1604053487647805,5.160403695298368,5.109622466217909,6.928585418895398,7.844622469061546
541,7.15,4.486871379016296,4.486870781162454,4.469582994860986,3.4216267583006044,2.9304129900072398
542,1.5,2.9910031257134624,2.990996351294096,2.862772233518156,0.5785570187993851,0.1529894377771778
543,1.6,4.51127360619811,4.511270544823282,4.446629959500028,3.446512519965374,2.83843915839479
544,1.6,4.079047592131885,4.079047084308945,4.058681802665964,2.671910242327126,2.1030385223867096
545,1.6,3.742633510845451,3.742629378120826,3.666111105079545,1.3891411500054218,1.3195986838563112
546,1.35,4.294550603288289,4.2945433521924725,4.154587175765679,2.5530776761925296,1.6323215220073006
547,1.5,4.124875558676506,4.124870521546214,4.027442912182467,2.178754570538411,1.5489309055349576
548,1.7,1.3462356480677795,1.3462492485179487,1.5811086096753333,0.7066461897431773,1.0179778364680896
549,2.6,2.44894776892428,2.4489547576115367,2.5897197334051194,2.128295259107825,2.6064646211038163
550,3.2,3.21851658731312,3.218535396536641,3.5540236875251834,2.3864489987613755,2.6548078171741576
551,5.3,4.856160776253316,4.856159626622099,4.817123123065247,5.508052640790698,5.504636720007552
552,5.85,5.117956936286137,5.117954616809912,5.056691740109764,6.503913342048509,7.144160016120209
553,6.55,5.112556009420908,5.112551721630445,5.017293188814631,6.116405064813449,6.620664850515409
554,0.7,2.3446599979462226,2.344659539434573,2.3302649051812505,0.535103385594839,1.1579147790798583
555,0.95,4.529701362264032,4.5296965709793096,4.4317415510369065,3.5188981162810293,2.8475024078405067
556,1.05,4.496217266917382,4.496209469612243,4.352245246379793,2.580820955330431,1.968913288569452
557,0.9,3.988131879156488,3.9881275695706826,3.9091190494649752,1.7556123588523622,1.5771507388392774
558,0.75,4.1947765024156105,4.194775136635462,4.161396705538828,2.7372128100572475,2.1619735295726468
559,0.9,4.446609097606413,4.446606374647986,4.387920114174371,3.3120824749612687,2.687550327795675
560,1.65,1.5756201740812683,1.5756339900385663,1.819556155306657,0.94129899874065,1.5306714494953564
561,2.7,2.3579317703046856,2.357939780441627,2.5156373657037765,2.0725543834556786,2.5034098143584758
562,3.65,3.1218457791841385,3.121857281643359,3.32274222494119,1.5779308138559642,1.910908553167628
563,5.7,4.761234287058205,4.761235612594043,4.770947580628352,4.990369221230214,4.595079122324291
564,6.1,4.898672711589288,4.898670833362365,4.848183339751332,5.406851577645508,5.346613387563634
565,5.75,5.011239066829687,5.01123789197527,4.971729441247716,6.068194370018848,6.326443167824477
566,1.1,3.024512042624836,3.024517882268716,3.115129486274129,1.1978644972820902,1.64362235110279
567,1.25,4.142139222064957,4.1421374174362,4.108965539978871,2.253615521070431,2.117462377100578
568,1.25,4.372656619959268,4.372657583712902,4.381206585503518,3.391119011847586,2.8095574427659766
569,1.1,3.847434516455303,3.847429577506348,3.7635556822825658,1.387031960930413,1.850338247224938
570,0.95,4.111362024662494,4.111358732147444,4.047168583839737,2.201137642388621,1.7672859133229348
571,1.25,4.513072029485108,4.5130712147220935,4.487012819621523,3.790290123900292,3.197519147383714
572,11.35,2.047078339876662,2.0470765434023743,2.033669867327541,2.289080252214427,4.005977627775065
573,10.3,2.2875680791080395,2.287563451235389,2.2307189135228285,2.7276187013333795,4.579421123488157
574,1.55,1.7718109222553484,1.7718200424969548,1.9345420368336128,1.024871857817467,1.925338149573987
575,2.4,2.6456432953454243,2.645653095424633,2.831088896210884,1.7869429225120097,2.25596970661668
576,3.55,3.3980857490108893,3.3981016248003546,3.6855347972187897,2.6237436890746237,2.580553585173659
577,5.6,4.833040402195969,4.833039311352908,4.799784248187253,4.947096263255549,4.641597502495456
578,5.9,4.775404685490165,4.775404391258431,4.7528602891244445,5.185431463655817,4.973884387209678
579,6.0,5.065383073019216,5.065384441893008,5.076554540063668,6.011329267370623,6.064445972576364
580,1.05,2.6462552543944984,2.646273946096421,2.962630836999038,1.1371715948615204,2.4558213712784163
581,1.1,4.465194504047707,4.465195134541696,4.461360497031576,4.075822905995377,3.524972697154949
582,1.2,4.665559137086383,4.665555667149294,4.5965516282845735,3.625739846652703,3.1836523322217958
583,1.25,3.968221993215627,3.968220408494776,3.932925792507888,2.123635822603843,1.7158046578809216
584,0.9,4.55313499484041,4.553128982215931,4.43349070693125,3.455998428101605,2.734940455847477
585,0.95,4.612885735129259,4.612882626076297,4.546691756128972,3.778996489664131,3.2157398957088343
586,1.5,1.531305028629556,1.5313242947820325,1.872824654450296,0.9895454214306424,1.388370727140524
587,2.35,2.8697227247508925,2.8697325692554303,3.0502813755361364,1.5163365258564108,2.1137843862834824
588,3.35,2.743630020321218,2.74364595807699,3.039336398613405,2.329366418338235,1.9268474799082596
589,5.6,4.776528925340368,4.776526432983653,4.715732812767024,4.858251780126931,4.586967809169023
590,6.55,4.903921414857558,4.903916255029723,4.792339542479758,5.373667651323576,5.518323448843189
591,6.75,5.2799300397147455,5.279926503655016,5.196483385412684,7.058528035352452,8.201396231851545
592,1.25,4.443610783605908,4.443606376885379,4.358735776377307,2.8868373803775285,2.3509257723451764
593,1.35,4.634406710887182,4.634404388412873,4.581428568368223,3.989834705001943,3.45079941245926
594,1.45,4.490557308645659,4.490553875062207,4.4226037755285645,3.132411221327565,2.61458374980934
595,1.45,4.395875625630405,4.395871769909466,4.321097319274909,2.811601404687764,2.2964231131632413
596,1.35,4.443630942073782,4.443628772271465,4.400769609272895,3.012471495385306,2.63230485872718
597,1.4,4.648670908050571,4.64866485621199,4.530890714862126,3.4982766486784094,2.8706210984058043
598,1.0,1.4886441248623534,1.4886564113369911,1.721227177218117,2.658835747096623,1.6067709071045917
599,2.0,2.929450755876042,2.929461906386525,3.131812351359835,1.57480739984687,2.0543985774446423
600,3.2,2.530702598906349,2.5307219494565723,2.8785980760354537,1.6718336681102626,2.083941039423804
601,5.15,4.87609107080703,4.8760886128405705,4.819218571947877,4.862322291526837,4.590276928006501
602,5.55,4.84311258933398,4.843111343756433,4.804899489326426,5.179694474056955,4.976846321904572
603,5.7,5.01869236442835,5.018691812411039,4.985606215622278,6.755532368685362,7.622888710267075
604,5.7,1.4514375124522774,1.4514414933581286,1.511158564659877,0.7252505095185393,0.1999677457597339
605,0.7,2.363823208702577,2.363835880825925,2.577260992466884,0.6590412490584896,1.7808883155765738
606,0.8,4.477493351732252,4.477488869852969,4.395116037914753,2.7624761057481315,2.4767075554573648
607,0.85,3.9576294643930505,3.957620327998086,3.785957245990225,1.6036088462969005,0.4919625505450948
608,0.7,3.700881304997552,3.700876315877236,3.608000016301729,1.291753954748204,1.113937041597678
609,0.7,4.523536584510072,4.5235318204605255,4.433728221010151,2.965058145041798,2.525414478742773
610,2.1,1.5589203607605844,1.558936062139181,1.8339947622779704,0.76463203411679,1.4260409024319056
611,4.0,2.8842507258062486,2.884262281860841,3.0947767346510577,1.6089630439289009,2.070392287669092
612,2.7,2.5297929661495777,2.529813490680848,2.895428283741292,1.519858288194519,2.211587828947513
613,6.2,4.747921325062958,4.747919646679316,4.702466257854557,4.76720407854339,4.424990800185965
614,6.7,4.995672628736443,4.995671404784694,4.95325189984222,6.251061897442099,6.701671774949359
615,6.95,5.156907540540328,5.156905338566414,5.0970908126324055,6.752109083057363,7.566347368494048
616,1.65,3.7172073357823177,3.717203081151181,3.634164175132764,1.4746286430713198,1.1011886906605195
617,1.6,4.37144275273629,4.371438118341934,4.279967145529598,2.8451784169833765,2.176464488175311
618,1.75,4.617705248154152,4.617703134128874,4.57250387144456,3.668160026094533,3.1967496405029987
619,1.65,4.013443149614004,4.013440277120425,3.9585111340304135,1.9770446004886253,1.7081721050155192
620,1.7,4.482141273566503,4.48213667754546,4.392190889850252,3.069853916775031,2.46288996696539
621,1.7,3.935263604229392,3.9352613170360655,3.8887347747577774,1.9495403591891411,1.612632674196261
622,1.55,1.2759884400243844,1.276002418262496,1.5205690656736883,0.948354854959636,1.0180485636418393
623,2.1,2.373240327127687,2.3732502424704207,2.5560544062886024,1.3624333512317677,2.218388513478386
624,3.5,2.661643596113052,2.6616582494289207,2.9326434108554564,2.0237545146225377,1.976561534829257
625,5.2,4.892208487325561,4.892210965057545,4.924777704547688,5.379777728238285,5.113114166732016
626,5.2,4.513762170897073,4.5137694604767,4.636657768201927,4.419491937204132,3.889167953558213
627,5.55,5.074854706793085,5.074852704640222,5.025136491138789,5.700592392801532,5.80029566257876
628,1.2,4.113841345775546,4.113834533529125,3.987529425248816,1.8636432920569064,1.2903084001806473
629,1.25,4.7616644266252734,4.761657790784184,4.634935138047181,3.6327309944103625,3.122852048555883
630,1.3,4.582589393365808,4.5825877883796,4.547412250652108,3.568119481389552,3.117088787682901
631,1.05,4.074551521640605,4.074549540008908,4.034629514435198,2.208977264009256,1.8674050355555616
632,1.2,4.171935346757873,4.171934119116774,4.148364864455185,2.391680396064972,2.1926715790360003
633,1.1,4.13453305422499,4.134527657627357,4.024854075740091,2.553203026862484,1.738313420835352
634,1.55,1.137832378245408,1.1378506180506096,1.457324164364699,0.8735922851202438,0.7035947865368168
635,2.25,2.7337409351814665,2.7337524714720844,2.947856712398959,1.754670017423111,2.1254133159649893
636,3.65,2.4694627759572065,2.4694787253216184,2.7619082903097976,1.8581098036565888,1.90995892928815
637,5.8,4.856699798274366,4.856702955523054,4.903896901982151,5.1502740932155575,4.863661838065395
638,5.9,4.692272046263097,4.69227169703488,4.6737212540194015,4.4423891273771865,3.962456248667918
639,6.15,4.88300217556109,4.883001640217498,4.865706159987671,4.676576770866255,4.463058070978418
640,1.35,3.396751288010809,3.3967495262679277,3.368708137822355,1.1205126867105104,1.8937511935626343
641,1.6,4.085588298233222,4.085589838369735,4.105333355910533,2.680609200980616,2.192821046954391
642,1.6,4.554128076867915,4.554122663242759,4.449466312777715,3.1803238225883668,2.568370049207301
643,1.55,4.448159062388887,4.448157621462264,4.412359596392713,3.4427951434913204,2.8379616008763104
644,1.55,4.397948497229654,4.39794730201116,4.374897530789167,2.908533666855853,2.6735614853034075
645,1.4,4.11454190871034,4.114538081631894,4.0359103681320905,2.4206622804633118,1.7528433324321622
646,10.1,1.701969772199753,1.7019687548550566,1.7036583140694337,2.95680684989723,3.9900873059158033
647,9.15,2.425626587688668,2.425620115092196,2.3372713922115835,2.6306979524999727,4.758635438423832
648,1.2,1.1089740213493218,1.1089886239714324,1.3620597609955158,0.8717318169716317,0.5558532111809864
649,1.6,1.6507149356250643,1.6507164295885617,1.696614902014441,3.0164109790691307,3.5927181361587905
650,2.9,2.440796269206812,2.440814114210781,2.766920515487131,1.941915991500844,1.8659344346308853
651,6.25,4.768945973933911,4.768940771503834,4.660087631624034,4.524447140516401,4.16647058774724
652,6.3,4.964837740762262,4.964830895110498,4.8211696782753695,5.6748623375260365,6.147936940211407
653,6.4,5.1566577837960255,5.1566546108414455,5.077498338202515,6.914852846425781,8.04632981406307
654,0.8,3.637964124274348,3.637959465345821,3.553363039457037,1.1800770700934995,1.2735971633633607
655,0.85,4.181065531237946,4.181061731277623,4.111428284838567,2.1593207141563155,1.93553828749104
656,1.0,4.242828543043224,4.242836026332423,4.372135538804029,3.550511037465508,3.062350237760297
657,1.0,3.5388897427820982,3.538890710033633,3.560066851050274,1.4990682437918057,2.0686144652644725
658,0.9,4.163269091953158,4.163262288223139,4.03943687638971,1.8586601018276452,1.4680414750549016
659,0.95,4.546139928555149,4.546139277912365,4.525541231400218,3.723866916419535,3.177253723939016
660,1.65,1.4220054412842766,1.422011811967726,1.5335762885992417,1.1499216762801905,1.3816506667342503
661,1.6,2.0893584594626238,2.089374593839035,2.379206268946783,1.2543228226353156,1.8549096514500416
662,3.05,2.7321353516560998,2.732152048632476,3.0409281527887897,2.335966898776308,1.9297038093691423
663,5.5,4.848721300645107,4.848727056902486,4.943785075757414,5.357863647326454,5.130321480329753
664,5.6,4.765826876327376,4.765833487215334,4.871513954642021,5.484560439478639,5.065021574160978
665,5.75,4.681550699570873,4.681553994213016,4.730902558069506,4.60662372968461,4.119416374364205
666,1.0,3.549086466935276,3.5490849569618783,3.5240663889059403,1.28978105939259,1.8014523802262783
667,1.0,4.432866115884432,4.432860103935175,4.318371893434577,2.758866174112974,2.099688567348762
668,1.0,4.477242353942197,4.477240951769098,4.449114028945552,3.1354247800250743,2.82573350993202
669,1.0,3.843326244008158,3.843325710630533,3.836328620391376,1.7887649238733214,2.05664644862638
670,1.1,4.523707752692225,4.523704577517164,4.461061154875269,3.204937420164661,2.736832646900025
671,0.95,4.582360418242662,4.582359341719114,4.556552186746675,3.630220485679207,3.1779576351519108
672,1.05,1.316338048561133,1.3163530913935393,1.5831223097754854,1.1649960405442623,1.175044950951607
673,1.5,2.7924156633168478,2.7924174844035408,2.8506664440015195,2.770100197042794,3.0423485845973115
674,3.3,2.465091338158361,2.465108955050212,2.781990513458454,1.5229318371896436,1.984524401662396
675,5.55,4.718972619971307,4.718972843064117,4.707301772376907,4.88655687739038,4.518001315033912
676,5.65,4.690525944191727,4.690530445231917,4.759387488079019,4.915479596104575,4.409218884964998
677,5.7,5.048106213290373,5.048108863923716,5.07977518009309,6.3399884705685245,6.42503258028732
678,1.05,2.3301460177606885,2.330142562885789,2.2579512921650085,0.5002265902153464,0.1669318199006806
679,1.1,2.3727601791243718,2.372790444553344,2.895911138027845,1.039006566975612,4.452007076911668
680,1.0,3.3494906663755124,3.349500227417177,3.5116942199215777,1.811631831316744,1.8881828410922437
681,1.1,3.697217688702228,3.697213659663923,3.625130767950874,1.288683584746236,1.4754562294678362
682,1.1,4.521571162114352,4.521567394562048,4.449445420886368,3.0736882669849983,2.652439991038177
683,1.05,4.310656645873706,4.310655467313797,4.284394541538157,2.840684526749973,2.3976287137927965
684,1.1,1.0450625075561388,1.045081167894519,1.366607210377753,0.5210207755562681,0.4159820700619487
685,1.35,2.016102701750667,2.016107378855213,2.107472193551393,1.4365852633620113,2.7158866770737315
686,2.8,2.665714839308987,2.6657191757385,2.765009735207608,2.5475912498722986,2.8029504270143786
687,4.65,4.929588367658292,4.929588165137582,4.910978111131716,5.497425719348655,5.367813306998228
688,5.45,4.674214364727856,4.674215672979702,4.681241569260609,4.914750294781172,4.529198175469714
689,5.6,5.009130022542976,5.009135319611626,5.088094411329002,6.510511618164784,6.5094505786437775
690,0.85,3.411004141569786,3.410993101346248,3.2045890268581405,0.8072671398137512,-0.8418762296591513
691,0.85,2.6357767747190755,2.635779358218532,2.6727091786559174,0.6560696837449873,1.3566649604057217
692,0.7,3.491264679537519,3.4912667406785047,3.5223390051830665,1.512628366021886,1.597700874772313
693,0.9,4.172624522683394,4.172614269751407,3.986455794742212,1.5970951331502814,0.778953392420517
694,0.75,4.245044740363018,4.245037704230185,4.118908153509019,1.9234296894014216,1.675281597616431
695,0.75,4.23178212978351,4.231778745721367,4.170556514057247,2.2739770799072474,2.1187132835409965
696,4.1,4.180506349771177,4.180497376410616,4.063640953131506,3.663911620073788,3.72886474552959
697,5.85,5.046264990277312,5.046269169036568,5.104530018141933,6.590381207903388,6.693163848347508
698,5.6,4.72971807461151,4.7297189052976965,4.732482516753018,4.671460062508782,4.219299689455552
699,4.75,4.694062641209744,4.694072035386865,4.854198242193824,5.283811764123911,4.964780503845118
700,6.9,5.077231643213723,5.077233050020992,5.086101049545636,6.361873262604604,6.547996805475618
701,6.8,4.780937864720552,4.7809364270880685,4.746889499068919,4.291190960455719,3.931333856673104
702,4.05,4.5606390942257296,4.560644190823486,4.669276761688373,4.210334818032514,4.894095162415665
703,6.35,4.860024201857472,4.860029738959556,4.945511163207902,5.775832970622812,5.474791672606711
704,5.7,4.863307119419193,4.863308917169299,4.880545344091969,5.478767763468031,5.229532627737894
705,4.9,4.683192899522656,4.68320132527647,4.8310487352853855,4.917982519309167,4.795291118475047
706,6.4,5.0396204609416,5.039628087490638,5.1659908066855,6.446598113835744,6.572403519315044
707,6.2,5.030828878334379,5.0308271422664,4.980600459492829,6.162199797153953,6.535578901143749
708,7.65,4.848648243279,4.8486463481708295,4.794715150426384,5.588719912374604,5.741669775470696
709,7.6,5.236708945564262,5.236707413900232,5.188103982380193,7.248489312329745,8.3630197528892
710,7.75,4.948361940259853,4.948360547151909,4.903790285357795,5.951148282871888,6.215483685896329
711,5.4,4.873540794420542,4.873541168301475,4.86099028642024,5.811408805635416,5.878671675793653
712,5.95,5.189306233126392,5.189305697167496,5.161384879144997,6.803670691655949,7.430211731848471
713,5.25,5.010650363447041,5.010649531952116,4.980578747687856,5.738378843055472,5.761626901382483
714,5.8,4.87762717075453,4.877628086761716,4.877134200895375,5.627137835824627,5.504307947538832
715,6.05,5.089398336300871,5.089397443382478,5.0557517816200885,6.296845726600843,6.63786108654544
716,5.75,4.824653462639768,4.824653404122575,4.812335742996433,4.815723336175374,4.466603833507447
717,5.75,5.011986714841651,5.011984130940386,4.949659130046429,5.644902161345964,5.728680521665906
718,6.8,5.353453836937396,5.353449693807487,5.259806075643111,7.194129108502072,8.485312347541408
719,7.15,4.540134799479026,4.540133861623951,4.514617829277993,3.662484888777268,3.1176589833151365
720,5.5,4.6871526362197,4.687160804283248,4.827860476275076,4.990670268984658,4.723345794639995
721,6.75,4.960781096906106,4.960785122026278,5.018958323338119,5.990476022251368,5.848746206956134
722,6.1,4.841227353461579,4.841227798689867,4.833365943796979,5.341290676361627,5.116261503799974
723,6.6,4.87334051757513,4.873340699150001,4.861736517697882,5.329016143660592,5.107242746367588
724,6.75,5.207832022728743,5.207831084532655,5.17299632620823,6.795774528083097,7.451604667548095
725,6.95,4.951392903122284,4.951392614842831,4.931266202606781,5.563518782026495,5.468990728589956
726,5.8,4.845317753601013,4.845320003306295,4.870593019586094,5.469687894375664,5.193138823541217
727,6.35,5.142270162866272,5.142267384707935,5.072913714927152,6.532652612464784,7.22432167256879
728,5.95,4.976765881733025,4.9767660355658245,4.960268183124144,6.17053611199033,6.412115271139596
729,7.3,4.858266542151927,4.858267703487081,4.863984797365054,5.40350587993035,5.159324579285608
730,7.35,5.146812591663858,5.146808819668458,5.060913925654622,6.283332058897983,6.855141031282569
731,7.2,4.976316654256249,4.976316761410741,4.962952806063825,5.729203076704774,5.686828508277854
732,6.0,4.897084226953639,4.89708574999993,4.910748806557118,5.443299744474409,5.206738422539543
733,6.95,5.025313089815935,5.0253145030246005,5.031737558992472,6.446483328315992,6.712281822694008
734,6.95,5.12605034250453,5.1260508269585285,5.11451190085702,6.899201122179772,7.542036160363336
735,6.55,5.031164632322434,5.031162964643022,4.985277382706615,5.810241028563826,5.924330333257371
736,6.85,5.114721945895583,5.114720483101751,5.068529473642183,6.616844507462208,7.263103955920128
737,7.15,4.528079390976788,4.528078475410538,4.505795129791224,3.4615498560187667,3.0133789247484355
738,5.3,4.895442269591201,4.895442284918195,4.878353168082091,5.646013784987076,5.595310603005187
739,5.85,5.098918409994369,5.098915539595828,5.026629773825581,6.523984084154765,7.281488831354222
740,6.55,4.89539398182438,4.8953930450368,4.860417763603717,5.640179435253881,5.6701922893944765
741,5.7,4.8592615097828045,4.85926205422156,4.853390339376194,5.393627298780508,5.181178668551224
742,6.1,4.971002791579109,4.971000909744997,4.92105103821981,5.595643252606596,5.614359671987627
743,5.75,5.137784174816448,5.137781733708335,5.076412317561694,6.309167784024982,6.781363713500964
744,5.6,4.905327571480515,4.905326498355784,4.8715423218890415,5.276469791437631,5.098781227746299
745,5.9,4.923393454422186,4.923391748756158,4.875971897274463,5.513793604481794,5.493018611692191
746,6.0,5.002453193301028,5.002453590360001,4.99787779240386,5.513193108816591,5.430213182624398
747,5.6,4.745624055955606,4.745627421274726,4.791489425268757,5.187470175248176,4.765216020699013
748,6.55,4.766227832109572,4.766227029148556,4.73399571159713,5.16544450979762,4.991558674120865
749,6.75,5.197740762323471,5.197738016421566,5.128663292981791,6.790376739966188,7.659081578657647
750,5.15,4.818364350059159,4.81836577901546,4.834454969672153,4.8273255914346365,4.486355898141751
751,5.55,4.9329094780909495,4.932908175030851,4.894232287882447,5.426268189994179,5.326484416791613
752,5.7,5.124574654213387,5.124575233909062,5.115635866455275,6.794006573053373,7.33371524069757
753,6.2,4.9867504499049,4.986745866925621,4.890942165097912,5.090830521116512,4.993339343456723
754,6.7,5.094683234638593,5.094677840525748,4.9776599797557735,6.191357661769555,6.892755953315868
755,6.95,5.067092284726435,5.06709077008041,5.020431452936984,6.370792997455002,6.858610422400984
756,5.2,4.771884481800773,4.771889359928334,4.850571733666348,5.026252342293141,4.65930866822468
757,5.2,4.838211634022675,4.838217654710302,4.939596622742354,5.264837001749939,5.09538828280351
758,5.55,4.869168945602628,4.869169724943543,4.875017892180759,4.817895202591341,4.576465082108411
759,5.8,4.904387813279128,4.904391143832249,4.957198249841546,5.168138752725877,5.037624113942725
760,5.9,4.848576722844545,4.848576695508016,4.834600244842883,5.09213310559355,4.796697539516158
761,6.15,4.951705670021552,4.951704239777746,4.917331749311021,4.87402705264487,4.729025193226603
762,6.25,4.75247268820229,4.752466174706306,4.621398439402579,4.217273337799547,3.7175069380464674
763,6.3,4.902684943976164,4.902682784500286,4.845093629575858,5.626717534803358,5.750878326596689
764,6.4,5.219628773345303,5.219627069772045,5.168736045410352,7.054809595055595,8.0191108656209
765,5.5,4.988953709146504,4.988954553565657,4.991614412045925,5.587612213725734,5.484822719998233
766,5.6,4.94174945150805,4.941750184729182,4.942797724518863,5.37353535916958,5.188752978067482
767,5.75,4.979447507994532,4.979446302899205,4.945483984294146,5.308170663655446,5.192548359099915
768,5.55,4.792231416120519,4.792229086346143,4.733862574605167,4.976766251910021,4.755312755779455
769,5.65,4.79044414985747,4.790445100429004,4.79677711531664,4.770103234020166,4.381448983531341
770,5.7,5.1243044580777095,5.124306485656907,5.142831009783116,6.777721940005588,7.149853809985002
771,4.65,4.916747699074571,4.916746506047591,4.880446822706518,5.34009748211102,5.195469880148762
772,5.45,4.70832548341417,4.70832729830278,4.730756385674213,4.555143639148561,4.088681440130172
773,5.6,5.091145878345709,5.09114679763307,5.089190423855927,6.593608400043841,6.965675840604076
774,4.1,4.055783972505724,4.055774238243153,3.926025527099568,3.60039015871172,3.618992080271069
775,5.85,5.048633038506552,5.048635649456,5.0801304029774,6.283062636965056,6.347848948500582
776,5.6,4.9082678948845375,4.9082678958835935,4.8959326884590215,5.197019148778587,4.965560884976908
777,4.75,4.641871423921591,4.64188400471002,4.861080342954907,5.426125084026182,5.3659740797902895
778,6.9,4.984433865979846,4.9844359137544485,5.001353101259117,6.457215834877598,6.7112110301546135
779,6.8,4.957628893325132,4.957627102482716,4.9158728851217735,4.926330922330092,4.771818350860981
780,4.05,4.474783637845168,4.474795960805763,4.703322032349891,4.787853434771062,5.17155767736544
781,6.35,4.813568398323315,4.813574859641049,4.914682159684924,5.78858369096789,5.44201778837491
782,5.7,5.021387490368323,5.0213846460304605,4.9577716958071845,5.294825838150217,5.253524028990837
783,4.9,4.67181881162459,4.671825802188465,4.7939861406831,4.693540213574352,4.509241219959263
784,6.4,4.971204308592441,4.971207632679628,5.015627545975846,6.05815562814476,5.966559819755316
785,6.2,5.056110165552128,5.056109529628092,5.027699927468508,6.127218940141454,6.345548363227904
786,7.65,5.020249765484182,5.020245589606694,4.928615685531984,5.596118739454052,5.748611667738301
787,7.6,5.323250906852459,5.3232480012143375,5.251216953758718,7.287507201806925,8.5324438029766
788,7.75,5.063254717502075,5.063251831321028,4.995058255815152,5.848543653148948,6.0659974148675655
789,5.4,4.956945717758615,4.956943127957351,4.894722254340727,5.426603382685041,5.397995570562257
790,5.95,5.248514932315621,5.248510953642075,5.160194674956051,6.486944272865806,7.200886515067891
791,5.25,4.962199337430321,4.962197418163576,4.914674622946009,5.241113643194886,5.11037886036142
792,5.8,4.859695452718144,4.859696473646834,4.8607321835462525,5.610177149558712,5.482707895558219
793,6.05,5.192507518453146,5.192507822700958,5.183635106429339,6.463000386725145,6.835598512053862
794,5.75,4.835329753658432,4.835332042612189,4.86384048800223,5.216031509705402,4.874442063693136
795,5.75,5.00807050955228,5.008067681893214,4.9406853943157,5.682628574879608,5.807104466997812
796,6.8,5.266138382383883,5.266136052586603,5.205407448383542,6.9907733277448045,7.931590430375804
797,7.15,4.577562907824239,4.5775623112550505,4.5587097335424325,3.768756892807133,3.25754392641265
798,5.5,4.712258426524857,4.7122631732344376,4.786159510037665,4.970665443752328,4.489162290446343
799,6.75,4.932813663138867,4.932813937899887,4.921632109634521,5.674667832175672,5.598701274511809
800,6.1,4.875276227840658,4.87527840345337,4.900338210464499,5.465708735668148,5.198965909820158
801,6.6,4.717275891414767,4.717278334493206,4.746270333739185,5.0239537317017735,4.593781477869966
802,6.75,5.070345242405187,5.070342188964984,4.997888430242198,6.005065574262527,6.341486921047858
803,6.95,5.011446488632583,5.0114459235292825,4.987480876777482,5.635575774812601,5.607235517751446
804,5.8,4.872819241064807,4.872819880332808,4.86858761112301,5.4572137795814015,5.265074050329117
805,6.35,5.130011354025164,5.130010512884363,5.098606266676379,6.306669017724115,6.640772117856654
806,5.95,4.913857685826348,4.91385646464214,4.873578180661648,5.701259055416227,5.783129149466772
807,7.3,4.902033890398956,4.902033883566197,4.885970958673658,5.517822316487688,5.389037956650595
808,7.35,5.157303521614043,5.157301057590983,5.094397422587718,6.519555393658344,7.149053390524427
809,7.2,5.112836786877721,5.112833579660358,5.036740963068278,6.255202417624712,6.77510838078801
810,6.0,4.879479217241293,4.879479767099828,4.87593181819858,5.253142974831196,4.993910751203243
811,6.95,4.996953259771947,4.996950755391435,4.932473982343215,6.018353029956504,6.391362507306026
812,6.95,5.021425361765116,5.021425951821811,5.01260652205092,6.401399481626484,6.728644464084978
813,6.55,5.010387255540381,5.01038642578613,4.979510381461308,5.826284631930399,5.892979463375964
814,6.85,5.161901201213719,5.161899247430968,5.107184908188189,6.713287311921459,7.451840370398754
815,7.15,4.903697536137365,4.903696489088796,4.87220669658833,5.09873831734815,4.86817338590849
816,5.3,4.7912923857528185,4.791292834628006,4.781933890748532,5.326478352180416,5.131244616960244
817,5.85,5.086588533856126,5.086588006505028,5.057158101555393,6.606294283911421,7.1634971109847765
818,6.55,4.797941158596732,4.797942434773697,4.803532884584447,5.4192198522752335,5.2088778995360325
819,5.7,4.877493478134864,4.877491656073847,4.830468736553282,5.083982950751906,4.860692787380726
820,6.1,5.151101891515162,5.1511014487810565,5.125054880976171,6.6393489738740925,7.151556722107257
821,5.75,4.788841367738492,4.788844681668012,4.831735378544518,5.518406355549125,5.217444045598354
822,5.6,4.8607341170968645,4.860732411081225,4.816150085809028,5.004231783593738,4.744893025263805
823,5.9,4.846903799075619,4.846904119249238,4.835124476917755,5.5205401690526905,5.406145871530766
824,6.0,5.168652024119558,5.1686515411715614,5.146926187330156,6.147227038792678,6.429855097697368
825,5.6,4.843993043681513,4.843991776274505,4.804689159044333,5.25326982587838,5.093185493238748
826,6.55,4.869954306248982,4.8699518620262205,4.806275877608464,5.601165804612155,5.782759990992913
827,6.75,5.193391270048414,5.193391483675848,5.177432206043834,7.085582394082447,7.852500773969082
828,5.15,4.5755621591117634,4.575568041606494,4.669920772928872,4.639067751940544,4.054149992809057
829,5.55,4.79519396726857,4.795195319061261,4.805168591628023,5.126927701265377,4.774141154432568
830,5.7,5.099957862114943,5.099958256362742,5.089604242317103,6.453498429779184,6.77530486181608
831,6.2,4.79591672395315,4.795914634854547,4.745077823666151,4.6925189070715625,4.332351014478759
832,6.7,4.86228125159131,4.862280045486626,4.8259979321607,5.126115594012308,4.8916439829823
833,6.95,4.910026786379079,4.910026111503432,4.882897477843564,5.383303577539699,5.229846582708474
834,5.2,4.688476303640341,4.688483134117655,4.80693740038004,4.75582830810492,4.539118085612968
835,5.2,4.652138176960386,4.652142946849449,4.733657370555555,4.383503808403127,4.0968679522307365
836,5.55,5.060058026533936,5.060056288850134,5.019352407617115,5.273057082936255,5.303498781141839
837,5.8,4.811071542414664,4.81107507465761,4.865123097323952,5.030930966862325,4.688779860005566
838,5.9,4.681886209667384,4.681891737625669,4.776308258265367,4.598365822911717,4.31191249975363
839,6.15,4.724018262475795,4.724021169969195,4.761424131208453,5.087234005160834,4.655309482387834
840,6.25,4.829730802624993,4.82972487215746,4.707872630893302,4.643425315033273,4.340307147794006
841,6.3,5.010834091938002,5.010828665268788,4.895167744112846,5.6329850550682,5.9028052862714
842,6.4,5.070131287487085,5.070132152332629,5.066863776392943,6.545002301311914,6.903339129253295
843,5.5,4.873777538517336,4.873782830387395,4.961059024893309,5.353630643583937,5.176316601303865
844,5.6,4.882542974439525,4.882543084913372,4.870139385701341,5.30767577220934,5.082503411169268
845,5.75,4.986288549621375,4.98628958250238,4.990053125995921,5.814582792199072,5.7577165379707775
846,5.55,4.699553705771138,4.699557344842079,4.750994634307645,5.003502435508207,4.521275372942041
847,5.65,4.752112792782329,4.752112088755097,4.727606651470186,4.561877793706202,4.134552273050799
848,5.7,5.123708915092451,5.12371045004664,5.133914332492438,6.662062931386529,7.006653632999173
849,4.65,4.739256967689131,4.7392574894335,4.7305755100524,5.219379673010348,5.010153718178158
850,5.45,4.757832009650437,4.757832835360141,4.75955698766556,4.8421676823307465,4.427755737447155
851,5.6,5.06341673556634,5.063418836827742,5.0792098371142185,7.025848874651981,7.673586130787539
852,6.75,4.841803646901798,4.84179745957801,4.712627625051974,4.971647715792759,4.893665955247156
853,6.6,5.058731662238165,5.058725794575382,4.9311724697188986,6.29801393921689,7.239457621863535
854,6.65,5.06680727578718,5.06680503167142,5.0012434536669765,7.088221471611639,8.550998606599064
855,0.75,3.782142652363885,3.782141620736912,3.752443429894521,1.9964995508928407,1.582767334326645
856,0.75,3.653719608131879,3.6537233565275486,3.71665135755232,1.880195027153805,1.840581837990085
857,0.85,2.365630643110946,2.365630188867053,2.37132979263116,1.5571551424469372,3.387771394207574
858,0.75,3.965876456193248,3.965870526734181,3.857702087748793,1.5844812102935215,1.3198366327448363
859,0.95,4.238364982798071,4.238360101786046,4.14655369922837,2.2881962018021937,1.813089946869168
860,0.7,3.831915821599844,3.831913968477093,3.795647673953384,1.7225135551575796,1.6188102576065102
861,6.0,4.767573980167385,4.767573249824157,4.738716195645044,4.963908585206742,4.658684595796371
862,6.5,4.933753338932773,4.933751731692108,4.882340522144678,6.254760603798218,6.901742820006843
863,6.4,5.010177719470818,5.010178727207888,5.008302468253074,6.466082987683013,6.815502127719851
864,0.95,2.1228793455748534,2.1228903266498538,2.303710193021839,0.4647163713182562,1.614245785133944
865,0.9,2.841148558455416,2.841140008470951,2.68617621587785,0.420618418357912,0.2132014247843425
866,1.0,2.415854364937449,2.4158507847620543,2.355008827409095,0.7217772565149065,1.9436619287446015
867,0.85,4.082820587451814,4.082808845693733,3.8724340463088383,1.2201447700307284,0.4283494915221535
868,0.9,3.7336622112540327,3.733652167092641,3.551672243690454,0.946090870596434,0.2623734476536992
869,1.0,2.7654826854352774,2.7654768982821607,2.6699036401746365,0.7548950808736707,2.299695072953069
870,10.9,1.8557077677981817,1.8557064388991773,1.8529241105985423,2.846464362739063,4.110176757991777
871,9.45,1.765573022860929,1.7655723158787628,1.7737670662798055,2.989090568149268,4.010453217294037
872,5.7,4.920846422456755,4.920844069119371,4.86071319104054,5.563611876996394,5.63138053722882
873,6.1,4.968765476048155,4.968762378707968,4.89436610240822,5.770841159477605,6.018446956654811
874,6.2,5.047177092258819,5.047173662089083,4.9628687112763705,6.542284439060094,7.508197783633973
875,5.95,4.69309000426536,4.693088630787896,4.651613702686403,4.766483045752558,4.450615210234259
876,6.45,5.1095116341769184,5.109506713331614,5.000761355644352,6.321250528055359,7.089223868953964
877,6.35,5.131386281600115,5.131379355560925,4.985114272653508,6.432627049654133,7.505652211325509
878,1.35,1.19406908832961,1.1940839564178851,1.4642809117050823,1.9465692434824984,1.0469021975180937
879,1.05,1.9624150340682875,1.96241605488624,2.013366839800572,4.5827702625258055,2.858815404371202
880,3.25,2.789011663056501,2.789022908742482,3.0051537008043376,2.391458561017389,2.052065711078326
881,5.1,4.721705848148934,4.721704620547376,4.686204787031629,4.550708762270343,4.116674274690963
882,5.7,4.951847966075144,4.951845738677155,4.8960454455799045,5.4545714760359765,5.420940868765042
883,6.05,4.993383623126243,4.993384613705901,4.990229609638808,6.516662541530398,6.945359309680084
884,1.05,1.339334571180386,1.3393346935834036,1.3518032320275133,2.439261795612841,2.6473271491714634
885,0.9,2.003700827160434,2.003712036616553,2.2170273611540274,2.200185627935697,2.088257623325182
886,2.85,2.2649396139396103,2.2649521948784104,2.5000895345889367,1.9005983014777028,2.0265898428042544
887,4.05,4.512882016407183,4.5128925645295,4.697800289146599,4.676899616471502,4.411373778715456
888,4.3,4.954613910020086,4.95461543981415,4.973233582048222,5.246121615835108,5.117129008754359
889,4.8,5.098313585061625,5.098313956044837,5.093923576056699,5.797394639640089,5.902871275191087
890,1.35,1.201072295129192,1.201082443352599,1.3766872032047466,1.0543698492052234,0.7824040700917916
891,1.15,2.391645049316395,2.3916621668262774,2.6989925629410267,1.4055847623645406,1.9528567111656356
892,2.95,2.552383979458161,2.552390198928808,2.6830178135985987,2.450641154816676,2.602858820468013
893,4.25,4.440646914979131,4.440658588409888,4.6541615656041095,4.542834695914035,4.697522265934408
894,4.8,5.003333402288095,5.003334261162627,5.007857701182909,5.499901052222427,5.419558190303446
895,4.7,4.818694305003566,4.818695977102059,4.836197612232863,5.086363101871488,4.727231909264715
896,8.75,1.5857401330036192,1.5857389181827697,1.5892516056663413,3.9297426836599145,4.099849900069136
897,8.15,2.3306939561213187,2.330685385878719,2.212083671948638,3.6483369787299935,5.186541335737294
898,1.3,1.1409776964376803,1.1409892169774074,1.351432353752477,2.037981762130041,1.2577566857573128
899,1.25,1.3867515573092286,1.3867614601385216,1.5795024465072718,3.1267733977388943,1.8166872121884152
900,3.1,2.4014991851623546,2.401508515515405,2.581563428328699,2.0131482008506736,2.3352064164055104
901,4.05,3.973405499425893,3.9733942293525546,3.818619505816328,3.688910583963812,3.4828976323439798
902,4.5,4.320217668443961,4.320222047721247,4.420565396416694,3.853988856475132,4.127074624417942
903,4.6,4.378455748236088,4.3784615508303,4.501890224717162,4.037778121491729,4.3466785199282025
904,0.9,1.2049025814484426,1.2049102981459563,1.3504295506774395,2.3224818214730782,1.8442033484755085
905,0.7,1.9631261546257783,1.9631387551960189,2.200146448137553,2.1436268716121303,1.9197733191405584
906,2.55,2.798954238869213,2.798960471900488,2.928510846892493,2.288643437523061,2.559959159294179
907,3.5,3.9560973884566537,3.9560871657380567,3.8178826582574974,3.55288855010953,3.5954310330060206
908,4.0,4.322215639719571,4.322216845979437,4.369847507188884,3.650777854803589,4.127385387959846
909,3.5,4.392340272984498,4.392347072300886,4.534403261936728,4.270017452083077,4.482379190893523
910,2.1,1.0557060828940266,1.0557226735123988,1.3527356549682734,1.6399900980106152,0.6215543185385375
911,1.8,1.8859120771032252,1.8859120766524196,1.9169531638335624,4.36724897927431,3.456024250127203
912,3.75,2.915628903496556,2.9156306867320048,2.9716442824403946,2.5513815025870183,3.0564773794325277
913,5.9,4.889546421003264,4.889545323427991,4.85376766255777,5.377666086210951,5.251466811372479
914,6.75,5.021299924019604,5.021299632062865,4.994485156310375,6.579868783621393,7.196180224306358
915,6.95,5.039566153125497,5.039564972955972,5.002169531200751,5.921071578412782,6.062069258114248
916,1.9,1.2684853075498912,1.268489625418231,1.3527391739895764,2.188651689996232,2.111293009947909
917,1.5,1.933475027366674,1.9334843150012544,2.1198527148955493,3.1219433783552537,1.9717746361259316
918,3.65,3.011178412248388,3.011179007836628,3.046994092027642,2.5453259035835005,3.1827834942384907
919,4.9,4.817838871039196,4.817839081008282,4.810520364583128,4.807692913657483,4.450289705318296
920,5.5,5.066838048255541,5.066836088258654,5.017090563169171,5.758687760429833,5.872885484418516
921,5.65,4.865759972947532,4.865759570960824,4.845407026710534,5.0791148438993545,4.801146182812813
922,1.85,1.3927510525838138,1.392746867640705,1.3412603583438658,3.986440964062348,4.312935553243829
923,1.8,2.702443096272697,2.702447157463837,2.782048831121457,1.218388569886785,2.476629551265644
924,3.85,2.8712940152592124,2.871301213336512,3.014159925795092,2.0089945078628024,2.460227284707768
925,4.7,4.413043262457832,4.413053981500923,4.606010506100461,4.324789740749205,4.232421539992783
926,5.45,4.9376293174223065,4.937630187547439,4.943630227118569,5.168207423683555,4.992048745612051
927,5.2,4.976009853571683,4.976006995200696,4.914888739932355,4.883370494339577,4.746145874023155
928,3.65,1.9379680885629464,1.937966432836016,1.9293105267182,2.7094183014806204,4.145785283974818
929,7.15,2.281836554277236,2.281829628620489,2.1884026923408264,3.2080466825861924,4.9995008007253166
930,8.7,1.3116022894052382,1.311602318077088,1.337244750389583,4.528762095795649,3.595883015088516
931,12.5,1.3087328291664049,1.3087330233494447,1.337244750389583,4.523751155399904,3.557500830416675
932,6.05,1.8929087813848264,1.892906836904117,1.879091154416096,2.764768955462556,4.1852744433836975
933,1.25,1.3996465604357102,1.3996426374238844,1.3469318453459953,3.159823234390748,3.6783148924757545
934,1.1,2.2074050535297163,2.2074129106819185,2.360656726803521,1.934755676935202,2.56566313611553
935,3.1,3.0314831835040112,3.0314888769129142,3.1503294266793587,2.1978386178286464,2.5844590991064944
936,4.2,4.461996417403933,4.461989485426251,4.378546994792398,3.8220584148506105,4.365285935104465
937,4.35,4.467745037747518,4.467752868012681,4.613941030817177,4.097270357356793,4.235657434066452
938,4.35,4.973982448881727,4.973982870713745,4.971670586235167,5.261748256579512,5.139875288718526
939,1.55,1.3671244977599484,1.3671233407177052,1.354584396403481,2.178116691288403,2.310826993240208
940,1.75,2.4986496183930944,2.49866230409902,2.7384424532074934,2.203842960610296,1.952632067328833
941,3.45,3.101496305777512,3.101502230823547,3.224972649927543,2.294268178624056,2.5505708062300254
942,4.1,3.905961990865869,3.905950433320655,3.745876374900872,3.629985169266538,3.537484595669733
943,4.45,4.428376885641037,4.428367696988869,4.308469835060484,3.853562917341885,4.12021309967602
944,4.7,4.5885325574051725,4.58853980839411,4.733074504552205,4.513247028071545,5.142147099531412
945,1.55,1.3627879446992353,1.3627873789521916,1.3575175391484815,1.8755857242915388,1.7944418710278498
946,2.2,2.2923017302171727,2.292308733330425,2.418049587429877,0.9221195149867664,2.1195491459069
947,3.5,3.057698701673329,3.0577068684434394,3.217159275907683,2.1241061448338217,2.3603012004089816
948,4.45,3.921140755004098,3.921128632939157,3.752466032389981,3.758289781015351,3.403751067108709
949,4.55,4.339642301152709,4.339636349408261,4.273447975780085,3.857642691817441,3.964154427287708
950,4.6,4.8298038607415545,4.829802917681862,4.838858168251489,4.206989738794661,5.913498100117222
951,1.75,1.5984970517348187,1.5985048810714233,1.735581486743035,0.9514117457905074,1.6049366932885842
952,2.0,1.8992356325294475,1.8992360485481927,1.9235341557377064,2.3381518523570928,3.686395557534919
953,3.4,3.46445680395602,3.4644607862916432,3.5551538703148644,2.496514978879225,2.7774068437642097
954,6.45,4.796991633698601,4.7969870829591015,4.69733383679211,4.949817775026329,4.831200641010396
955,7.0,5.212125644037629,5.212117319414237,5.040606959889077,6.630599126135,7.943802157605701
956,7.05,5.124437117383677,5.1244305820588565,4.986861976801515,6.203360997370222,6.9824079981795375
957,6.2,1.5388348047818918,1.538833455211719,1.540853436264647,4.165115958448542,4.086878377903314
958,5.7,2.3088064811204263,2.3087998258459934,2.219904533504831,3.141996014331552,4.935571526937344
959,1.7,1.3473596205974343,1.3473595972626524,1.3545299256673002,2.1479930119624617,2.262006938828548
960,1.95,2.6299229835950446,2.629930618981649,2.767571327843416,1.0659093610101378,2.070860878601321
961,3.85,3.2678563635662097,3.2678608567500875,3.3687355198072195,2.513731192800775,2.6742265695424248
962,5.45,4.890570544413334,4.890567666513163,4.822753317790784,5.21434736488883,5.1043663103067
963,6.1,4.88594103815145,4.885939470701151,4.837876879657895,5.752416163508762,5.957475862318956
964,6.05,4.787783304488375,4.787780323761407,4.721094061473945,4.563409445344444,4.182854721293593
965,1.75,1.2853141802804973,1.285327813980921,1.5228864930861776,0.8849847069045422,0.998320071750994
966,2.2,2.924796366083686,2.9248026467532613,3.040710413962522,1.2799920100401314,2.1383267873405725
967,3.95,3.157862651845454,3.157863991619577,3.203716161033309,2.2822242409936613,3.060467842809926
968,4.95,4.612904866974109,4.612909119477689,4.681409664393701,4.378834828306648,3.8918866773183662
969,5.9,4.918057472268706,4.918054733339524,4.853410780213676,5.249526231287874,5.14201842570496
970,5.6,4.893782830469462,4.893782921944723,4.876463423235743,5.823826666578864,5.900424810606678
971,1.2,1.1024432041832266,1.102456234155666,1.3453002067513398,2.761003598395922,1.010494254856261
972,2.1,2.5628801016746805,2.5628872063671526,2.69456865542493,1.2042264680819033,2.2805984033340803
973,3.75,3.0880150316118957,3.088018964499043,3.179060476618028,2.40199913747586,2.749493623977683
974,4.5,4.033232641156294,4.033239523164653,4.175469413254422,3.5311979289120448,3.3939349878119014
975,4.9,4.715508042716819,4.71551038974604,4.740569350192903,5.211563900637373,4.876787254787173
976,5.15,4.629178073645333,4.629185029585091,4.7369189238950575,5.364994503323569,4.893052524625814
977,1.4,1.1834838723211996,1.1835001289218574,1.4765223187130834,1.7270642331456725,0.9167082994243484
978,1.85,2.830744628862597,2.8307429483818307,2.829594449565206,2.841444333056164,3.578430473571002
979,3.7,3.084857815119853,3.084860523193776,3.152090787521305,2.104638379159065,2.90565834115972
980,4.9,4.076586872498132,4.076579646723259,3.986714036300275,3.3769684516075813,3.799806445852125
981,4.6,4.586569863714641,4.586576673775903,4.703965579269985,4.459738733045761,4.103350676344048
982,4.9,4.892484202511959,4.892489091586571,4.973234636393912,5.326005549471269,5.20031679103799
983,1.5,1.3293213343954573,1.3293220852847436,1.3522410195568408,2.369309500409511,2.53312054561534
984,1.75,2.7017459624581006,2.7017554705942914,2.8787083601499384,1.5404502786537213,2.2144803365359973
985,3.3,3.311942479810783,3.3119446411865887,3.3736667137773693,2.5303295376188792,2.914071845226969
986,6.15,4.815628975539372,4.8156277939657866,4.777036553764024,5.252269218546431,5.110805116539764
987,6.8,4.995596920247168,4.995590678871847,4.861249527536266,6.046953140050153,6.852264197099926
988,6.85,4.978825919740554,4.978820971980403,4.875238181504967,5.159186368048943,5.095890259544872
989,1.55,1.4096442355128145,1.4096402869691012,1.351670249454563,2.574775004649937,2.9275560373873253
990,2.2,2.6302702504240294,2.6302826153501897,2.853139115655662,1.3416500533906337,2.010923866520285
991,3.55,3.306487788713505,3.306491030998767,3.3846128736377303,2.3682440330921986,2.81599051478811
992,5.65,4.822119894925351,4.822118497886175,4.781186436893705,5.093706371994472,4.864510835612959
993,5.95,4.871088764483241,4.8710871817637305,4.822050581082749,5.782518168557996,6.0484843873205545
994,5.95,4.851706921231764,4.851705648004748,4.815865257664903,4.9265535385037005,4.6292011173009495
995,5.0,4.774024883105242,4.774025170959365,4.766027936956596,4.846108570529619,4.4535094697626345
996,5.65,4.942700644835103,4.942698182139194,4.882130319922686,5.45813599124666,5.444728477585199
997,5.7,4.719343934877548,4.719343211542821,4.696688980328521,4.283090791665806,3.836056296360125
998,22.2,1.500816911564144,1.5008124577343225,1.4431856605407916,3.549874733923087,4.335397415222846
999,7.55,2.5547377317520805,2.554727360516659,2.4096133914693576,4.044854456122003,4.985523229702686
1000,1.35,1.2562484304299957,1.2562532941581686,1.3513638612558143,2.3243730949890704,2.1739936729422134
1001,2.15,2.6601843397778677,2.6601890376564308,2.7636221979142856,2.314181230455433,2.8140249820359866
1002,3.6,3.365208216452801,3.365212348055053,3.4577579499767026,2.3705924443620057,2.734788807669032
1003,4.55,4.575085467925942,4.575092849877485,4.703129983041845,4.48027197706449,4.14547437697051
1004,5.45,4.881695252819825,4.881696257169864,4.886017449502194,5.335990755654347,5.082470380202308
1005,4.95,4.716499005106741,4.716500737954611,4.7377822963588105,4.549393166045284,4.095621372630644
1006,1.05,1.2027540094102604,1.202760316478351,1.337244750389583,4.315320975004207,2.0366772227178047
1007,1.9,2.62572536159583,2.625723877181071,2.6297953299253187,3.2352844047512868,3.567967710758301
1008,3.25,3.31924930080143,3.319251365057211,3.37798686060826,2.4034393140733354,2.9403569425383704
1009,3.7,4.26710004410025,4.26710786967395,4.423199304710062,3.920365384374732,4.035993946280923
1010,4.95,4.6394088840555145,4.63941647382223,4.770737769559531,4.723626771736786,4.432788285017109
1011,4.6,4.990309388815681,4.990314076447198,5.073731563706254,5.326329312208074,5.776167396938986
1012,1.25,1.2452020352976327,1.245205893952885,1.337244750389583,4.404265020181984,2.6635963692587232
1013,2.2,2.3822432149962847,2.3822443065988548,2.428019048001448,3.043544086685792,3.410778978636266
1014,3.5,2.9660073646991725,2.9660149999550525,3.1144355478423744,1.903527148410693,2.384984606890624
1015,4.0,4.170954982193848,4.170951361246412,4.14153694399155,3.556102911439579,3.772970459422579
1016,4.7,4.306653651522364,4.306661999437342,4.467922743065493,3.899150088546234,4.055135309175325
1017,4.75,4.455295398739876,4.455301186565766,4.5590151179942655,3.824697625759903,3.625617575893825
1018,1.25,1.1531733383801137,1.1531830865644184,1.3455383924305826,3.8672233841382537,1.3399978550333342
1019,1.85,2.3941019700806354,2.39410302979624,2.439818884783297,3.1011939693578414,3.3789820077872186
1020,3.3,2.7320683281882943,2.732075798957069,2.87793561070831,1.8260115335396965,2.4548040373114173
1021,3.35,3.844279222652367,3.84426694025394,3.6722701999037,3.685523314176821,3.5005035724894302
1022,4.25,4.133952282768423,4.133962357069224,4.33080356055165,4.005670113821431,3.8228553171175417
1023,4.05,4.178186384684242,4.1781935891699415,4.327358410975,3.9090306304871776,3.78899080646441
1024,1.45,1.190847861326917,1.1908560942159585,1.3478976835961276,2.619187416908022,1.8677402648790884
1025,2.05,2.724201646097837,2.7242001434098864,2.729182853024664,3.330303659783773,3.388613502749285
1026,3.25,2.636935898568664,2.636944812305245,2.8067999955819976,1.748371984112842,2.331838532229666
1027,3.4,3.608408205050516,3.608394453114374,3.412806646087937,4.015418819077331,3.3473615287188245
1028,3.8,4.050266521734171,4.050261555036839,4.001091779731212,3.760581670227476,3.338677488673481
1029,3.65,3.9751279694938746,3.975126390444869,3.983634713687896,3.8944030934496783,2.989036850066354
1030,6.75,4.685919478683663,4.685916453724227,4.613582304022724,4.727706945289864,4.495314505726396
1031,6.6,4.967980146785958,4.967974513539786,4.845455455953967,5.8739768175760005,6.470189656589396
1032,6.65,5.262261889798646,5.26225761778511,5.16177134614817,7.46559559328648,9.239452927831776
1033,6.0,4.837294530727811,4.837293571222202,4.80320386676714,5.293063200936189,5.140998832951977
1034,6.5,4.958119801127285,4.95811680701917,4.885341108039183,5.770641693646397,6.022489461872324
1035,6.4,5.123787828156985,5.12378869242304,5.118373970945317,7.016586318670729,7.722913941698648
1036,5.7,4.956962786177801,4.956959760867675,4.885226899761811,5.573338032403203,5.668426027298706
1037,6.1,4.924952253440509,4.92495110792559,4.888664760372645,5.460049478967221,5.3688611895200165
1038,6.2,5.129419656496311,5.129420070133684,5.116930801656864,6.865373385478147,7.482192730380161
1039,5.95,4.664845536841908,4.664850480889957,4.744256851900529,4.708226615213729,4.21951839535704
1040,6.45,5.147430006980619,5.147426078563248,5.055025781112954,6.7623108197273005,7.839024765571635
1041,6.35,5.133821200515859,5.133817535371296,5.046060100855788,6.746161211578187,7.794972143738091
1042,5.1,4.704378273883281,4.704381315523462,4.748650140912028,4.688831273718094,4.212652603193687
1043,5.7,4.853880877228352,4.853878982576045,4.805677034019805,4.984888908387358,4.72429771226602
1044,6.05,5.002368197226529,5.002371572140799,5.039622222957462,7.08262441390141,7.741561544010933
1045,4.05,4.672262943164402,4.672269048533134,4.775572629642968,4.704450593531501,4.3452262126209416
1046,4.3,4.994999559342346,4.994997589458588,4.947929764426171,5.218784672097371,5.121422864495157
1047,4.8,5.1435857292788265,5.143586954692868,5.148156581187772,6.714674272446313,7.117064350886308
1048,4.25,4.382298234707942,4.3823118895432565,4.625858901414285,4.625714500236624,4.610569834061193
1049,4.8,4.881933049100116,4.88193204591695,4.852553782849839,4.911827470777585,4.637420921988719
1050,4.7,5.045438348168485,5.045436530220597,4.998091306309123,5.712519905051572,5.7898326055802
1051,4.05,4.001708913149126,4.001698447804398,3.860651708812385,3.722969980581313,3.439097092522095
1052,4.5,4.372986913602715,4.37299268578571,4.497653066050615,4.131311150842001,4.354494190068108
1053,4.6,4.378247290273392,4.378256331282632,4.5560129913347,4.340341516670302,4.555859839013392
1054,3.5,3.963079132594423,3.9630678101441488,3.8059346680502215,3.48079213665581,3.7169492026619695
1055,4.0,4.567296289297259,4.567298700441821,4.635913832992459,4.231552572859392,4.953216698192348
1056,3.5,4.568784957394763,4.568797380895958,4.792272239745367,5.021896652143582,5.245528047251851
1057,5.9,4.885084869964926,4.885083342468108,4.84204284391268,5.271915017549862,5.1175831618461824
1058,6.75,5.079741229182505,5.079737764229647,4.996474921427983,6.434762394854957,7.206076926256669
1059,6.95,5.074571109208026,5.074568781077625,5.017363246702196,5.839317996702519,6.014498675680938
1060,4.9,4.743054464547535,4.743056891291705,4.778303229193551,4.610789395987435,4.217454798088779
1061,5.5,4.92258227164783,4.922580146277226,4.867737906714815,5.457266140391546,5.431163467009851
1062,5.65,5.005913122414927,5.005913338924221,4.997041649317641,5.6009177543848985,5.534357838374531
1063,4.7,4.711692260637329,4.711696991018955,4.789945523131369,4.6840011706981,4.329951299115505
1064,5.45,4.9566002432738525,4.95659897159142,4.920422170005467,5.318469783248428,5.184824736609967
1065,5.2,4.975645501490379,4.975642018388452,4.902693725523581,4.86697895570132,4.71668759576964
1066,4.2,4.415729826237262,4.415723287724296,4.338307662271441,3.73713056814956,4.29889056509195
1067,4.35,4.64787782161529,4.64788498161672,4.776463347363913,4.550697139597519,4.551287490525551
1068,4.35,5.082506350943477,5.082504936435572,5.047887900085258,5.365473183655954,5.447972161287266
1069,4.1,3.880792528029696,3.88078004651786,3.70422826750748,3.4978127555143854,3.722837664505926
1070,4.45,4.472203909744204,4.472200140893138,4.442491379473752,4.083724913163901,4.321656024729277
1071,4.7,4.704505686153833,4.704511729082097,4.825266057183844,4.559607563409383,5.366598118482825
1072,4.45,3.946292252012327,3.946278544088736,3.7506265229101032,3.7014994486057735,3.5221510647196848
1073,4.55,4.285267793590737,4.285256868091137,4.1347316140388966,3.5298681894054065,4.056225091633932
1074,4.6,5.010898521741543,5.0108917008150815,4.931562462685453,4.742881701708102,6.287055263340774
1075,6.45,4.868383124265852,4.868379507749904,4.78538383682722,5.285303643141173,5.291729093103909
1076,7.0,5.069038655026405,5.069032735355023,4.9416775934719,6.172209412557812,6.946954753021187
1077,7.05,5.20793205510561,5.207928795217893,5.127549394959835,7.061777714201671,8.27680831273578
1078,5.45,4.830398685904044,4.830394983598614,4.74752382706872,4.961772699340916,4.7766629657190105
1079,6.1,4.966178869358047,4.966174604975702,4.871184519301382,5.608461989999707,5.818583614302993
1080,6.05,4.962171450716285,4.962168597196224,4.89536145079462,5.402174101091266,5.3742658491346855
1081,4.95,4.732634850383653,4.732635622355351,4.732025775960724,4.873419692353526,4.465835254000735
1082,5.9,4.899458736673296,4.899454951404888,4.8162406830656295,5.060345713716032,4.906215548944642
1083,5.6,5.051244037535335,5.051242594363034,5.006779678745216,6.206861442081923,6.563728524455696
1084,4.5,4.505642154806624,4.505650271517234,4.651070523737267,4.2614990251957465,4.116047985873633
1085,4.9,4.843508556417274,4.843506655366995,4.793198610199138,5.151569793603411,4.972690855538344
1086,5.15,4.98042656751854,4.980426687697124,4.968026481216442,5.671930950789541,5.606844649231375
1087,4.9,4.199279463715642,4.19927153983987,4.098249504835325,3.4822900706477986,3.940847543529428
1088,4.6,4.814404100388058,4.814404562535902,4.810264625004082,4.935650373432832,4.577754213170278
1089,4.9,4.860079542764231,4.860084456010887,4.937044171996576,5.495089071647527,5.193760364550867
1090,6.15,4.975135410653601,4.975130504775643,4.868950597782918,5.540052562434358,5.7299607076384245
1091,6.8,5.156985528861744,5.156982410002441,5.079445842869227,6.831241902371609,7.855796303925258
1092,6.85,5.038862192864388,5.038858620207184,4.959648054153473,5.542463083039202,5.627242767075172
1093,5.65,4.860114944567861,4.860111179637636,4.777544887176994,4.901222560928218,4.672953207706355
1094,5.95,4.892148508132641,4.892145469041403,4.818081827030219,5.590592295945271,5.7817379531089
1095,5.95,5.012839584195525,5.012839478722764,4.993209926962329,6.104354700281121,6.283189473193984
1096,5.0,4.808483251705454,4.808481512701258,4.762880551443424,4.8682003941933125,4.556085185905699
1097,5.65,4.852258128676201,4.852254929961313,4.775837446209176,5.37602380912573,5.44870380283241
1098,5.7,4.675611252896512,4.675610591722399,4.653159185178383,4.22394230208948,3.729752568335512
1099,4.55,4.777330725486225,4.777331907291041,4.787775155325456,4.755416936030322,4.35143918170756
1100,5.45,4.908906193376765,4.908902668506313,4.835108605780743,4.652403937243637,4.39508600456456
1101,4.95,4.903530749483815,4.903531194533178,4.901208409750625,5.057585667895459,4.818968682192731
1102,3.7,4.395109490421252,4.395118458290089,4.565040209420597,4.125039393216126,4.320163492237084
1103,4.95,4.787560796222168,4.787565779713548,4.872080488632236,4.874952635933607,4.698328615003488
1104,4.6,4.69838152682272,4.698385909124156,4.775186407941998,4.391645216253256,4.28072196092698
1105,4.0,4.020756068819286,4.020753906253001,4.013418385526224,3.2389454169883827,3.6036380141381255
1106,4.7,4.395529766953999,4.395547695519687,4.709251098348034,5.297561880546233,5.596358550227064
1107,4.75,4.40966127182529,4.409664896109895,4.494443178747041,3.781460997637476,4.335422716281
1108,3.35,4.014330128019244,4.014321574598789,3.9051930410786055,3.717847754074581,3.408859677097494
1109,4.25,4.211249235932822,4.211255291317173,4.338537394833297,3.713015425008116,3.8230092882678672
1110,4.05,4.803517853708323,4.803521375005642,4.861528097266697,4.755942602980049,4.5665832212903705
1111,3.4,3.5682745286482938,3.5682629319090653,3.408591148834615,3.9341342457754833,3.317620365962021
1112,3.8,4.025413094969073,4.0254108616795605,4.018951087441849,3.453785939468557,3.4933521347997907
1113,3.65,3.9204391772079066,3.920439684577718,3.962992556735355,3.7876616420765457,2.945799973479991
1114,6.75,4.68979740121073,4.689791607078176,4.57040988940917,4.219012501377648,3.73722579286577
1115,6.6,4.870287767087272,4.870283630313179,4.777794390639225,5.262765776628527,5.284758506739804
1116,6.65,5.094136438723582,5.094133044918397,5.011530880815592,6.579699342825187,7.4776286610941
1117,6.0,4.924090123031473,4.924088437614459,4.876040062680317,5.628864857477378,5.685745000517313
1118,6.5,4.730983089622112,4.730982864038053,4.709239060245817,5.085918422403985,4.855328819968731
1119,6.4,5.113763778696861,5.113762403729492,5.066327765798109,6.994535556986509,8.04068063467916
1120,5.7,4.828819060830878,4.828816726541582,4.769416192396709,5.202552315633309,5.098282363021822
1121,6.1,4.876028060691822,4.876027061981064,4.837011802723633,5.909212645822088,6.226057893476122
1122,6.2,5.195502115769725,5.195498070794521,5.103469883382055,6.60042426744203,7.442859902983896
1123,5.95,5.024609168530607,5.024606625432795,4.957042833158294,6.425754297099836,7.180175371971513
1124,6.45,4.779698580871653,4.779698288630561,4.760102071699512,4.913149565157646,4.560296150155905
1125,6.35,5.050414905740757,5.050412991183687,4.995377083859659,6.419371345995362,7.029688888868845
1126,5.1,4.739283865420868,4.739283326467223,4.717222468039358,4.581420648588267,4.145498247604378
1127,5.7,4.925327983530852,4.925326459983175,4.8846731279300375,5.17924675118865,4.99490714054768
1128,6.05,4.853221257375839,4.853221637480156,4.84304642468871,5.493227999315508,5.350316437335591
1129,4.05,4.580665787251128,4.580674011832481,4.723895044238886,4.59944844125031,4.296156647804578
1130,4.3,5.226746468232678,5.226744556168634,5.180362190478719,6.093858148197711,6.502690475790628
1131,4.8,5.014142800740373,5.014142535912382,4.9965535965772325,5.58322644688516,5.534950241455858
1132,4.25,4.381162856721108,4.381170831297332,4.531895562715603,3.920548086434758,4.0594211736648
1133,4.8,4.786515972913742,4.786519347982642,4.840733602701274,4.745994999436601,4.477493496533311
1134,4.7,4.94308689114298,4.943091256465159,5.012679331476226,5.548969223823267,5.4302278498637815
1135,4.05,3.816316185254046,3.816307217531023,3.697897404872143,3.3881748859667944,3.63239754685574
1136,4.5,4.41412611746169,4.414134053465557,4.559733072192387,3.958801404852732,3.923710295162136
1137,4.6,4.42626643879587,4.426273436849333,4.566060712224369,4.0771319857994825,4.444846602282764
1138,3.5,3.9461684375573816,3.946158925692349,3.8208441699168985,3.6901189070477143,3.405884101614175
1139,4.0,4.498833970038094,4.4988419394493695,4.645285231272927,4.192999012779637,4.246655195255739
1140,3.5,4.4584010590523295,4.458411014709691,4.6454611744771945,4.416729287944943,4.690047760220791
1141,5.9,4.963341864909138,4.963337545553065,4.872120825216811,5.054194714745432,4.925136805595271
1142,6.75,5.027693767544948,5.027692934399582,4.992488359190588,6.3849884626248326,6.861999413996314
1143,6.95,5.080429853855786,5.08042765114843,5.026851309912544,5.725724261896879,5.84686690894709
1144,4.9,4.885607299708584,4.885607000792641,4.868116002410769,5.0666973540753695,4.801222228216643
1145,5.5,4.887541032882574,4.887540238740288,4.859497200066711,5.172949647201257,4.943022272170351
1146,5.65,5.112624936206226,5.11262523499893,5.103031708466816,6.221488468697213,6.430123640430379
1147,4.7,4.499086649058918,4.499095257401939,4.656813584040764,4.280680974395352,4.337058368764742
1148,5.45,5.009238747838199,5.009237836760181,4.979771164830327,5.520005237515662,5.470757453932988
1149,5.2,5.017894360433186,5.017892862853424,4.981004143751791,5.198516358368565,5.145068756171709
1150,4.2,4.332191362328515,4.332189753062956,4.334942625977584,3.672489884898559,4.153441630866338
1151,4.35,4.5522654527263136,4.552272582834716,4.679708124821135,4.274682211702215,4.13426322756804
1152,4.35,4.886097236737262,4.886103261983575,4.997512776126857,5.0678371451092765,5.657748375318574
1153,4.1,4.1056894334415,4.105677877288931,3.946732414580256,3.772392920960233,3.490225916337818
1154,4.45,4.391434978083106,4.391439624669019,4.497661470703563,4.101380385879471,4.37669417572708
1155,4.7,4.600577994123666,4.600582746000241,4.703320593458398,4.258979267455187,5.035157768194763
1156,4.45,3.8526856943411674,3.852672758729688,3.668964308259417,3.576679406434624,3.656936476296528
1157,4.55,4.490884209529844,4.490886705433146,4.558520844617947,3.936967549499662,4.639806350803651
1158,4.6,4.89017389491106,4.890173883061028,4.923009302236718,4.994892293019994,6.26196275046844
1159,6.45,4.795066927449942,4.795063726772696,4.720225960836679,4.997212148966643,4.839319504642431
1160,7.0,5.02925468027402,5.029250368575265,4.929820537673157,6.2992418454437455,7.124867633135677
1161,7.05,5.181163960717448,5.181158731787632,5.06737688476735,6.494600776500239,7.378079320209549
1162,5.45,4.825084023509564,4.825080871917452,4.752621210169474,4.939114416937397,4.717155564406353
1163,6.1,5.070845881204951,5.070838828689224,4.926340025031703,5.6468707090007655,5.976385715869169
1164,6.05,4.883546383646603,4.883541370539453,4.780625611149279,4.64404771617782,4.345202834764718
1165,4.95,4.684864331304371,4.684867088014214,4.724341342045674,4.572857207171825,4.085575066475071
1166,5.9,4.976007112129507,4.976003537707607,4.8923965929064845,5.831683167005075,6.169908061715473
1167,5.6,4.99104144314214,4.991041777115862,4.973077729649238,6.833763810792295,7.734076200355089
1168,4.5,4.337808941371967,4.33781397464578,4.445215132060117,3.717599036556699,4.097421984679199
1169,4.9,5.037156816095051,5.037151438656487,4.92900036376003,4.97937056578397,4.907420182321671
1170,5.15,5.000360339393142,5.000363781248944,5.04772555888873,6.103064214688555,6.040580631749021
1171,4.9,4.181751848877291,4.181744486345204,4.089371683335608,3.401317281271109,3.96694974743154
1172,4.6,4.712029665663024,4.712036782050172,4.832386706606448,5.010860078173579,4.669666782412646
1173,4.9,4.810962044992067,4.810964743482177,4.846384556520508,5.213160821054469,4.84271130322581
1174,6.15,4.962185611918939,4.962181973281345,4.880323122954022,5.430482573148364,5.465309138433936
1175,6.8,4.9854627749774645,4.985458072167073,4.881477269285253,5.776390605133145,6.151981254700372
1176,6.85,4.997704363988197,4.997700526662782,4.912268924430158,5.536068024424726,5.636463156628038
1177,5.65,4.809759545855001,4.809755839650968,4.725900538826326,4.994090687803926,4.848464118842044
1178,5.95,4.879081456117729,4.879077829080559,4.79771803924943,5.11404878821395,4.990204656042392
1179,5.95,5.075432846676248,5.075428329083588,4.977162545799585,5.8191842642977285,6.128575081800632
1180,5.0,4.859499086980903,4.859493894104199,4.75087357228198,4.808432464938985,4.574720983847824
1181,5.65,5.037406438625559,5.037401864593385,4.934398327168764,6.151259761803047,6.819026335902931
1182,5.7,4.917877660161122,4.917878333927391,4.915782144638723,5.472663568044492,5.28794789791486
1183,4.55,4.6256380945574325,4.625641382752791,4.673588374138643,4.513804012955529,3.966238636410521
1184,5.45,4.913283803849335,4.913280064495568,4.833001056887785,4.8927963473286695,4.672837507265781
1185,4.95,4.712981294942878,4.71298316292437,4.736403619883496,4.5730791251243765,4.11116049263755
1186,3.7,4.300982849043768,4.300997166426223,4.562669678789625,4.5345721035540425,4.732051179287096
1187,4.95,4.933546622485253,4.933544722108696,4.887795836722225,5.010495077522698,4.810921718922186
1188,4.6,4.856827058315253,4.856828181817951,4.871524749779679,4.645844499487158,4.496679600293914
1189,4.0,4.205682398067275,4.205680755127446,4.209227433629236,3.6546409102618247,3.7879741104477898
1190,4.7,4.721557606142973,4.721563842115823,4.82765097526055,4.859454444696393,4.5776215024864495
1191,4.75,4.584157374206551,4.584163365834492,4.689285886626937,4.270493506106131,4.030595682721737
1192,3.35,3.8706377554205607,3.870628891970268,3.7572003753995737,3.8360196357738423,3.151413247807069
1193,4.25,4.083592823611255,4.083605625507159,4.32377255980888,3.982873636461113,3.878487067883993
1194,4.05,4.240671009723101,4.240678036999363,4.375734738901404,3.489996566516321,3.5937391863897528
1195,3.4,3.5086554979721583,3.5086440668329413,3.349883984579788,3.675504413473934,3.674507826907092
1196,3.8,3.7790321754771017,3.7790260413902574,3.7079604631024,3.3661005964157007,3.4380737533329846
1197,3.65,4.027784898317817,4.027788448598914,4.1181957153554265,3.669594394857161,3.307880315801283
1198,5.7,4.841783744530778,4.8417847113041885,4.846748793871338,5.078151585419562,4.750908648511809
1199,6.35,5.150445673698762,5.150443418314044,5.091916584609935,6.436693332822348,6.981459545237199
1200,6.4,5.270897660853193,5.27089267039925,5.164304784542378,6.47688904332615,7.266684532534368
1201,5.2,4.903346872202768,4.903345110981681,4.860389561779904,4.898029883657959,4.651844848762762
1202,5.95,5.033058499807916,5.033053798411606,4.930991062245193,5.7095407878753655,5.973447383024945
1203,6.25,4.849662426051741,4.849662978708218,4.84888539679641,4.919535633822363,4.6031467991650015
1204,4.35,4.615125851304335,4.615129417412833,4.670725604016951,4.341941042925214,3.8379841619151143
1205,4.8,4.957269746234142,4.95727089914055,4.963403262431408,5.701199082294462,5.585949570918315
1206,4.6,4.987938139267556,4.987938036151727,4.975714700245383,5.288902227753532,5.184047590416453
1207,4.35,4.200281728030245,4.200280980205907,4.216890031347305,3.5071726557227265,3.842739719660029
1208,4.3,4.631464640191128,4.631470536524905,4.730722912027629,4.563613709335073,4.1499598818291314
1209,4.5,4.590593120069721,4.590598218479869,4.684000512059645,4.076986139740887,4.105578764658999
1210,3.65,3.8208032126846057,3.820789621044384,3.62668014058141,3.687824951762903,3.564559654665258
1211,3.35,4.2639591226051285,4.2639528716063015,4.1906238217278045,3.5436053567992163,4.027733095520416
1212,3.75,4.188406392554182,4.1884085090534775,4.254840144518783,3.811825884810128,3.686378353530058
1213,3.45,3.253404039762404,3.2533901451928315,3.055519330186193,4.399916692374971,3.539107892501546
1214,4.05,4.054397898510418,4.054386196977925,3.8935343778747424,3.84929088425696,3.3407787572112344
1215,3.35,4.0518646253388,4.051854674333972,3.919251860877164,3.703823423402765,3.4997708222892623
1216,6.95,4.806514945806924,4.806511164818801,4.721011472823284,5.0106187232274735,4.8849704992187934
1217,7.7,5.036913617283516,5.036909726511008,4.9464854820374775,6.1705547023344,6.784087269497872
1218,7.6,4.799786398403883,4.799783302516796,4.730664558099889,4.625296096934196,4.267610913411131
1219,6.05,4.910366993239199,4.910363143119118,4.823416568879419,5.379664427723231,5.431225242280602
1220,6.8,5.104373365881676,5.104370161150823,5.028652114832863,6.182742407795104,6.648876609864642
1221,6.5,4.809239704256333,4.809236390694535,4.737501051057421,4.512300908100624,4.134714090645998
1222,5.1,4.983976419451972,4.983971195375889,4.876548880459729,5.027175676546356,4.914752189940868
1223,5.7,4.899893851997801,4.899889017078825,4.790038418357189,5.926188635079093,6.667966036732237
1224,5.9,4.859514514364698,4.85951118829548,4.786491870222608,4.773494078902434,4.484278544650392
1225,4.95,4.690086726434178,4.690094788100208,4.827527213756451,5.047682343742267,4.716116662289137
1226,5.6,4.953353306786888,4.953354685058644,4.95778187230067,6.326521850749,6.597312623048351
1227,5.7,4.901835550415191,4.901837530877959,4.923912393715979,5.49215512916421,5.255126619767948
1228,6.6,4.809982366481366,4.809977078402662,4.69659559304226,4.98681427775103,4.920347101595366
1229,6.95,4.859031590649809,4.859027906871577,4.772395788024322,5.540939274494523,5.804844658277984
1230,6.85,5.031493623963666,5.031489375049192,4.936917777449392,5.825417509586991,6.1508058821028
1231,5.8,4.9354081065676505,4.9354048136064,4.860949274927339,5.239482554297332,5.151458301612406
1232,5.75,4.876278586400118,4.876275519767352,4.805229815709849,5.13056398232785,4.988658316954838
1233,6.05,4.897037164055062,4.89703706271059,4.879556893335993,5.462024409414692,5.312771983523403
1234,5.25,4.919868401219631,4.919863548713797,4.819275371222084,4.83472018953908,4.614391931032783
1235,5.65,4.907000608164281,4.906997760944947,4.836878441299435,5.600097197838277,5.758905017582988
1236,5.45,4.7910303192252,4.791030169238683,4.776439182256119,4.748062506855611,4.361429706234544
1237,4.45,4.834284742315398,4.834281104081418,4.754767785176185,4.748751687876005,4.451085452063621
1238,4.9,4.989491922146146,4.989491221784684,4.960656881918623,5.794010672200017,5.837448003508184
1239,4.75,5.076078026246274,5.07607794474535,5.0554811812511335,6.509798339508066,6.9407131699104365
1240,4.55,4.41968942249924,4.419700138545669,4.607886522870119,4.404514442616794,4.083701954247585
1241,4.45,4.663636851135748,4.663644796900536,4.802620764484473,4.801251386812503,4.619036851756887
1242,4.35,4.68902593221593,4.689030711083389,4.766112230409415,4.729734308053885,4.279295180468393
1243,4.25,4.13904857018156,4.139047943258198,4.157272602030474,3.4051842138696014,3.72818731628176
1244,4.35,4.557761116061519,4.557771345845426,4.74067618371779,4.700245022470151,4.669163951197829
1245,4.4,4.466809540444536,4.466819896831518,4.65885117566095,4.456107494051954,4.672160272777246
1246,3.7,3.925175416914502,3.925165480108306,3.7921614878882366,3.610691510576452,3.5007689506255897
1247,4.1,4.1860026895547975,4.1859952923209605,4.093751905763904,3.4857632590022267,3.906137536911656
1248,4.15,4.495952580451476,4.4959537433458525,4.548500155164415,4.393483835647492,4.5223698748633705
1249,2.95,3.729473022125095,3.7294622209644728,3.5829448209949843,3.8013780100546177,3.3010256233701707
1250,3.35,3.8418166755819887,3.8418090739264232,3.745755023183803,3.319720344839204,3.616773569373221
1251,2.85,3.952873839308951,3.95286841791405,3.895216422441278,3.602336622680508,3.349063275871286
1252,3.05,3.411638228456381,3.411625589442697,3.234930507546334,4.176790360801479,3.3393208240475447
1253,3.55,3.574943692249973,3.5749351625296844,3.4680371752402066,4.046634957659659,2.8615541998009952
1254,3.65,3.732594715045884,3.732588399923228,3.6625775553901057,3.923777393198638,2.819727329812272
1255,2.8,3.206069817642685,3.2060570672598745,3.0284902483265097,4.581884457540634,3.248035816019133
1256,2.7,3.269523355461869,3.2695102473114703,3.088061968127008,4.913497298515578,2.6255285101256867
1257,2.65,3.4406681655155458,3.4406602560648225,3.343135102825255,3.931195749559384,3.043755481395136
1258,2.75,3.114196489427986,3.1141783763028905,2.845173176257896,4.845279508311657,3.8706955500055136
1259,3.0,3.136433251482428,3.136420584672739,2.960739430184656,4.753734149111772,3.1743097315435698
1260,2.85,3.1336093408320127,3.1335986536849543,2.991899024427437,4.754652462436416,2.845028730102282
1261,5.7,4.930666633250306,4.930666736705664,4.91927674293126,5.367297994407142,5.183326342677942
1262,6.35,5.066650958401638,5.066648465304763,5.0052821944724135,5.928112340885157,6.1664702918179
1263,6.4,5.115811043502531,5.1158057568606825,5.009043003445753,5.282184654476694,5.3813835533936025
1264,5.2,4.833740542381356,4.833741859767905,4.847199276892626,4.912524915726575,4.580248515241278
1265,5.95,5.097125334730816,5.097125182705603,5.073856868347535,6.757585616376801,7.393969588352361
1266,6.25,4.859741370634935,4.859737471168439,4.781969580326288,4.226722932878218,3.936727686720628
1267,4.35,4.59268656180023,4.592692815087396,4.700349442859107,4.401225759584069,4.053937320603422
1268,4.8,4.981069086655376,4.981066434159997,4.914431562354826,5.8847741485035705,6.173844283800959
1269,4.6,5.086735944314204,5.086733259166174,5.026914529500395,5.449431257345481,5.52272144789667
1270,4.35,4.203234128650792,4.203231199016142,4.184783083843286,3.5494249157801114,3.8517985959777383
1271,4.3,4.515264856246033,4.515274640469805,4.686134397643469,4.598999550895719,4.279517056275422
1272,4.5,4.928669821948316,4.928674302807619,5.005618293989411,5.208616953029189,5.331420209735411
1273,3.65,3.6572553122000526,3.65724307884754,3.4858551008524734,3.735530391927241,3.531277280497547
1274,3.35,4.231207635682073,4.231204836547901,4.215542561742584,3.644333991234218,3.865321309586518
1275,3.75,4.215280554574473,4.215281660856229,4.263957818923034,3.7171968708054175,3.7963504093443534
1276,3.45,3.200450953934462,3.2004391296272634,3.038585813873702,4.559117425362617,3.1531115199867914
1277,4.05,4.047720195516478,4.0477082426709785,3.881632361985397,3.702135602484716,3.528698276288905
1278,3.35,4.317444117434521,4.317440193901565,4.287345935023007,4.170209290835043,3.63371778859006
1279,6.95,4.866814108150331,4.866809917134951,4.773745427972088,5.1993032503190335,5.177666641175888
1280,7.7,5.103252371216608,5.103247498392538,4.994847881659464,6.372671259094471,7.20194542054564
1281,7.6,4.927910244561395,4.927906587873736,4.846085595629402,5.269457125502765,5.2190053969905374
1282,6.05,4.955057484356498,4.955054736491441,4.888989303320644,5.51541726371282,5.551308473350259
1283,6.8,5.047593649873345,5.047590478142812,4.972810451763749,5.934092430199755,6.242338670996146
1284,6.5,5.229037230913555,5.229036006120112,5.188385713061161,6.931543463527955,7.715136718275103
1285,5.1,4.888018208657256,4.888016352849721,4.84221019739458,4.941206160540521,4.684080316762488
1286,5.7,5.0782541343101215,5.078250653104655,4.993617226840875,6.57442908524639,7.512613542999629
1287,5.9,5.050115829057135,5.050116060796992,5.034549110014994,6.513050780062855,6.941729883878038
1288,4.95,4.620657790369576,4.620667111584921,4.7862980822426895,4.791434046944872,4.732884415516578
1289,5.6,4.891056768503967,4.891065677911985,5.041206904082347,5.99908844003496,5.911154697861589
1290,5.7,5.011482838404378,5.011482493469333,4.993527213515884,5.465256028966678,5.399804098492309
1291,6.6,4.758950796912465,4.75894853256585,4.697305508070793,5.375625945173812,5.54245061013266
1292,6.95,5.084963326927081,5.084956895455511,4.952399451807083,5.655777046383228,5.954191169723385
1293,6.85,5.0340578189842,5.034054041835017,4.947502078170627,5.935991205899498,6.313111332145168
1294,5.8,4.956064335308779,4.956060172434823,4.8655457155087305,5.272704215177754,5.240678779226114
1295,5.75,5.011430541670654,5.011427607978855,4.94050146934412,5.876296096094432,6.149364660060241
1296,6.05,5.159746750240762,5.159747345812721,5.152667552939393,6.748009596506392,7.228511783988365
1297,5.25,4.946084157331037,4.946080147243396,4.860303146241644,5.039418593294666,4.8898491699699616
1298,5.65,4.9501413747968215,4.950138442518093,4.878718655396969,5.718132796607431,5.928628817119302
1299,5.45,4.827383770989412,4.827383054078288,4.802212516300788,4.842511223695812,4.50295176211675
1300,4.45,4.77694378949346,4.776944114088439,4.768933145908902,4.919219121706739,4.543894184636015
1301,4.9,4.971626996608437,4.971625248241214,4.9303566808143255,5.001537617810708,4.867012135363934
1302,4.75,5.124549294872573,5.124546788311348,5.066071240194707,5.7936555729502,5.990060093120105
1303,4.55,4.79541391272186,4.795413537100779,4.776797613910045,4.736496740579241,4.35511438754274
1304,4.45,4.811712268460008,4.811715249209219,4.855015649414549,5.028652873624914,4.668268514633423
1305,4.35,4.760154481747672,4.76015475776697,4.757751720829932,4.357885291859656,4.011424849586133
1306,4.25,4.259939726059901,4.259945916492372,4.393587743363408,4.090041660076027,3.991527230889387
1307,4.35,4.496673538588235,4.4966867043750325,4.734003099422582,4.900609653545496,5.113694434030817
1308,4.4,4.513603563702839,4.5136146846424605,4.717231823368616,4.673997460481422,4.898625049828679
1309,3.7,3.861031748682679,3.8610270284960673,3.8132197533409298,3.342292619905741,3.4325528470514666
1310,4.1,4.051075362031524,4.051080779323605,4.169230540384176,3.503928239399605,3.425577753016439
1311,4.15,4.127942646121299,4.127953613941577,4.336725338200616,3.8961096778811832,3.81350003147581
1312,2.95,3.738415252646398,3.738404884306878,3.5985556319319643,3.702634071545954,3.387876065974721
1313,3.35,3.8658827367866415,3.865877710504687,3.813102785844839,3.3600281681864823,3.4416332794118016
1314,2.85,4.076305884092562,4.076309118091768,4.160415337486857,3.626599376090361,3.454157264184728
1315,3.05,3.3826583186004626,3.382646953083664,3.226797120412642,4.056830695449728,3.3930803600276023
1316,3.55,3.616510355493309,3.616500808993776,3.4911042039933307,3.832324520051123,3.213301659869307
1317,3.65,4.032489954794707,4.03248059000938,3.909872945436344,3.7300307918748192,3.435036052137937
1318,2.8,3.171754430301461,3.171742685799757,3.0111642236203897,4.5768439626909085,3.186157894644902
1319,2.7,3.390505376359929,3.3904954172518056,3.2607715028981383,4.407281134334499,2.716535036578032
1320,2.65,3.4608691103028364,3.4608614817466985,3.368129860065694,3.923926579328535,3.001352217765362
1321,2.75,2.9730316164762307,2.973020093130155,2.8167989684307377,4.944329903126557,3.169394540738409
1322,3.0,3.145128742119719,3.145118145930588,3.00405199271024,4.5747969006315445,3.064281609898348
1323,2.85,2.984642848521788,2.984635180497041,2.892158661930486,4.458149053577479,3.0514861665393607
1324,5.7,4.94481858308118,4.944816364145401,4.893740701217277,4.9780011308783045,4.792111900816776
1325,6.35,4.9576930543930935,4.95769078848351,4.897884804075005,5.850246251729175,6.10202009533627
1326,6.4,4.974397345457208,4.9743962496843,4.94270856080856,5.273802076545742,5.145754517411474
1327,5.2,4.871930126376389,4.871927125794734,4.809579474265326,4.4205088393394085,4.145732366850593
1328,5.95,5.120920769137906,5.120917678736476,5.04713242035014,6.271252755816455,6.78631479349046
1329,6.25,4.95887281253771,4.9588713329724206,4.920418011298764,5.166358569141803,5.010838995135186
1330,4.35,4.500638890122241,4.500648258678288,4.666250289266155,4.447427808462283,4.210796401870807
1331,4.8,4.97808030406779,4.978083717772063,5.021798146620418,6.325008716484536,6.351649240170941
1332,4.6,5.000957842743012,5.000957798502344,4.988237901492654,5.477129034057331,5.393332006733813
1333,4.35,4.140344068414544,4.140336966138314,4.052443535981752,3.4000693601889243,3.885089730830428
1334,4.3,4.6829391686568425,4.682948370250935,4.843047692981372,5.074799373261932,4.89480936000818
1335,4.5,4.748608155653605,4.74861579387119,4.882628332080018,5.016824812502268,4.970425960391863
1336,3.65,3.608249287618885,3.608237821210206,3.449427558081451,3.6994966761334034,3.5514486168040467
1337,3.35,4.287109406468934,4.28711162793897,4.352919380512473,3.757550411597288,4.012918891616819
1338,3.75,4.323659817125316,4.323658631692227,4.334862527616595,3.81299639999462,4.061037934809901
1339,3.45,3.1229173771180694,3.122904988426014,2.950849837948717,4.563508678208145,3.433912227968817
1340,4.05,4.110425906206565,4.110414437592448,3.952112575711285,3.657453450848536,3.6378968271291097
1341,3.35,4.022355063487345,4.0223471495778185,3.921355851764996,3.3920298219369327,3.734162492831457
1342,6.95,4.94567770417563,4.945674024355989,4.862284694837324,5.459881756622508,5.528374187765662
1343,7.7,4.915674651445629,4.915673382487496,4.869571120180136,6.317794071714694,7.04509655311726
1344,7.6,4.783121218649324,4.783116989330964,4.69214204524269,4.614896880896165,4.278477818644474
1345,6.05,4.863616954393401,4.863616139458491,4.836015790951079,5.01321421047567,4.7306616399117
1346,6.8,4.8482581464671854,4.848255071921857,4.775570012370238,5.199810550047506,5.12502437303378
1347,6.5,5.173471817984827,5.17346961996152,5.11710050806099,6.394761293016018,6.895737344317281
1348,5.1,4.851140333938982,4.851138518550323,4.800240134481031,5.4183672309819,5.409847538453091
1349,5.7,5.022481013255651,5.022477116587066,4.931210608245815,6.214502545949898,6.904679149221961
1350,5.9,4.937705984952344,4.937705188422256,4.908733676536624,5.43346541714816,5.310030938742143
1351,4.95,4.500424451715043,4.500436381216238,4.710754111881327,4.797499931183394,4.644203653497284
1352,5.6,4.870079313411094,4.870081412137106,4.890591857638855,5.742897100299729,5.5994452402415344
1353,5.7,5.155478410836528,5.1554753179145,5.081775719876946,6.385486809261899,6.9698884539102846
1354,6.6,4.865657067169606,4.86565292336802,4.775743380020874,4.940856244385138,4.745198650822472
1355,6.95,5.090521329360873,5.090513811659445,4.937571690000382,5.684252750319853,6.055688218702512
1356,6.85,5.13087981093743,5.1308744822268455,5.016947604574078,6.078242940148609,6.624287130287071
1357,5.8,4.885956174162634,4.885952859795019,4.811093656160546,5.071391383131164,4.905708528029022
1358,5.75,4.913698657029515,4.913695676698486,4.842405801434916,5.467795791420727,5.520034479002829
1359,6.05,5.141892492249309,5.141892133641969,5.121087717634614,6.195449434041038,6.453147431770999
1360,5.25,4.83693727101322,4.836934058223221,4.76149130665118,5.179966081929688,5.112085677914861
1361,5.65,5.050817607607602,5.050812872416912,4.948179290044518,5.765373770399346,6.06330576180339
1362,5.45,4.830677682634682,4.830676063235088,4.788902378470017,4.795345132452336,4.465470026886164
1363,4.45,4.65297549397297,4.652980863603707,4.743405773414205,4.539385381901866,4.166205519742148
1364,4.9,5.022233527466681,5.022231889762991,4.975365869644799,5.951441399846932,6.156160343603956
1365,4.75,5.134061992679905,5.134060111256575,5.086324636364839,5.94993215521805,6.183998939668568
1366,4.55,4.469526077784494,4.4695366388511015,4.654293431635214,4.553450893731439,4.231667872207522
1367,4.45,4.545439364936014,4.54544350391212,4.614467033718592,4.0377256875143175,3.6125799284744016
1368,4.35,4.873971272882926,4.873972904504683,4.891157356345621,5.237245557943663,4.947751207471624
1369,4.25,4.205848050841643,4.205855904058758,4.364541074427404,3.92046613964016,3.89171470713738
1370,4.35,4.468520768481892,4.46853174544656,4.661953431571645,4.573620853302487,4.333217585810912
1371,4.4,4.691463742092163,4.691472807896837,4.848436168653641,5.112384430253229,4.899245511101112
1372,3.7,3.946096281453416,3.946088427202685,3.847972822065388,3.6170021536174,3.423483980430772
1373,4.1,4.167363469722087,4.167363074431609,4.193045424028703,3.795321800974119,3.5907699469174883
1374,4.15,4.326108913187864,4.326111083843513,4.389333648876982,3.6857905631624233,4.130132726135157
1375,2.95,3.715886806602909,3.7158770755312167,3.5861961520766115,3.623964013108752,3.436328779726134
1376,3.35,3.913890847104295,3.913888409312759,3.9035198238203033,3.316192637446425,3.3962460510028176
1377,2.85,4.0946857848684,4.094684937122895,4.110391755379778,3.4593653045775423,3.606540353589208
1378,3.05,3.3833816011049107,3.383371358739984,3.246996517847226,4.108887725920628,3.182260803259219
1379,3.55,3.587888994770308,3.587879315695488,3.4583639281518046,3.56415863940266,3.54920756994204
1380,3.65,3.657265545594545,3.657258315924055,3.5690793244060326,3.539534259690131,3.323772127896694
1381,2.8,3.260662842533601,3.2606509122269074,3.097113909449238,4.513141855957658,3.0921554112090384
1382,2.7,3.17167131353844,3.1716629190876504,3.066592993579216,4.245580365023474,3.084241279093038
1383,2.65,3.368304849763485,3.3682968188092866,3.268483050564215,3.938467913829961,3.124624073251552
1384,2.75,3.0292690905249184,3.0292566738990168,2.8574876311775306,4.831711865218837,3.3293261678775625
1385,3.0,3.0710282026784865,3.0710184621351093,2.944190162584565,4.581556564168057,3.0815993232737258
1386,2.85,3.0661299140181386,3.0661210683307063,2.954769674294772,4.605432677725503,2.8926670076247394
Formula,Fitting Formula,MLSS Actual = 1.3116 + (0.0332 * T1) + (-0.0188 * T2) + (0.0138 * T3),MLSS Actual = 1.3116 + (0.0332 * T1) + (-0.0188 * T2) + (0.0138 * T3),MLSS Actual = 1.3372 + (0.0264 * T1) + (0.0000 * T2) + (0.0007 * T3),MLSS Actual = 4.5288 + (0.0106 * T1) + (-0.0328 * T2) + (-0.0960 * T3) + (-0.0002 * T1^2) + (0.0017 * T1 T2) + (-0.0014 * T1 T3) + (-0.0007 * T2^2) + (0.0009 * T2 T3) + (0.0007 * T3^2),MLSS Actual = 3.5959 + (0.1179 * T1) + (-0.2513 * T2) + (0.1853 * T3) + (-0.0019 * T1^2) + (0.0012 * T1 T2) + (0.0004 * T1 T3) + (-0.0046 * T2^2) + (0.0131 * T2 T3) + (-0.0104 * T3^2) + (0.0001 * T1^2 T2) + (-0.0000 * T1^2 T3) + (-0.0002 * T1 T2^2) + (0.0002 * T1 T2 T3) + (-0.0001 * T1 T3^2) + (0.0002 * T2^3) + (-0.0005 * T2^2 T3) + (0.0004 * T2 T3^2) + (-0.0001 * T3^3)
