,Actual,Linear Regression_Predicted,Ridge Regression_Predicted,Lasso Regression_Predicted,Quadratic Polynomial Regression_Predicted,Cubic Polynomial Regression_Predicted
0,27.3,25.324870927349423,25.324836633313573,25.249411676080427,22.101208579317888,19.16494405339087
1,22.7,26.416670428794443,26.41663817878436,26.355102623589534,23.47295046344486,20.285271181576007
2,25.9,26.068817122191984,26.06897117355429,26.2531793652996,30.834463916608527,24.39034468830104
3,27.1,27.79087112968842,27.79094369200484,27.91301157493413,26.010466352919018,22.539136554162692
4,21.8,27.69705763855828,27.696880003332478,27.44242493052752,18.15953784741225,19.261823969255943
5,25.5,26.839153758729573,26.838909133266498,26.40693352549892,23.32154867700534,22.44973480138113
6,28.8,29.162435720687544,29.16260826528897,29.417475090969628,33.48041391858611,27.24164405139939
7,21.7,27.772569820318964,27.77241695931764,27.545013867318023,20.957740978123876,20.2462536747102
8,25.3,29.13526270650855,29.135032380624704,28.744602880770447,27.57396786530019,24.313306594101945
9,20.7,32.025857849402904,32.025746962881186,31.943175180901527,18.83951771413779,24.579569655034337
10,20.5,30.75283787695254,30.752738883865007,30.693903709899573,13.698734730087295,22.899101592079347
11,20.4,30.872829345414928,30.872726947475577,30.80489966585349,14.952587817497294,23.02496597788257
12,29.7,28.627620912937957,28.627709663205422,28.76736063788027,29.389027985931328,24.607389677795624
13,23.1,26.009521345759268,26.00938564470172,25.81390875512147,15.438304829906722,17.252328635934756
14,27.5,27.654939464736294,27.6547521909338,27.33413722855152,24.913888805593487,22.37107460786552
15,29.2,29.43795833572168,29.43808594094591,29.62355965227775,33.45235460909761,27.330373209790167
16,22.1,27.53959756690943,27.539388783009656,27.21558596143922,20.25578572302491,19.98156851765605
17,28.6,30.91549745271575,30.915324739571595,30.623829558233144,32.25870046706686,27.328013385702548
18,31.5,28.398177707064697,28.39886604319181,29.445215598668725,34.23024071185958,29.92632571865866
19,24.9,29.2419425566524,29.241635083833454,28.766223680104115,21.86340946909746,21.62196797245629
20,30.1,32.73716599260837,32.73707766921175,32.559479978686284,38.47339977598024,32.18694935611191
21,40.3,52.81988849592441,52.81967585183642,52.63807382699355,60.90246050522791,55.97911011254988
22,24.2,29.785345790043777,29.78506071590488,29.359637814860783,21.85576641104136,21.822869325289787
23,34.1,29.097030632530966,29.097483706425244,29.70046597919633,38.146436683451626,34.579827239345065
24,35.8,41.51933575224385,41.51962230983949,42.04321374785344,46.75799488059833,40.1758375070755
25,20.4,29.786307123124693,29.786021098764504,29.347707066773744,23.47387030762555,22.47767586669891
26,33.4,28.101424112238163,28.10184906544388,28.696937757433524,37.026789620525264,30.734872688887577
27,32.4,30.90881218924686,30.90957595930746,31.9593014140324,33.89141227494421,37.71961842327451
28,32.6,30.324243003080586,30.324807034946616,31.04793358376132,34.22535998268822,37.56658539312608
29,14.1,30.75946188900745,30.759359495642705,30.694764154739737,13.768259426628545,22.856256463750185
30,11.1,30.75283787695254,30.752738883865007,30.693903709899573,13.698734730087295,22.899101592079347
31,23.1,32.49301418600717,32.49286413762623,32.336359056618484,22.389219987088826,25.25764412537641
32,13.8,30.91053908524688,30.910395678526125,30.77434388711169,15.265508090876432,22.52514459442125
33,19.5,32.48976761298131,32.489638377339496,32.37487070216339,20.7581269838023,25.16080176893044
34,30.1,31.331988574409596,31.332528050215487,32.19825712487206,34.028859939046576,30.225038571214697
35,26.2,30.45686260846901,30.45659751137437,30.05617932362637,25.141888935357528,23.522914024398503
36,32.9,27.372807605745344,27.373289107328333,28.002718886810428,36.11299598582103,33.89943514752272
37,31.9,36.25448706203806,36.2548821273372,36.91388000643792,41.06828498354984,35.191295874600115
38,26.3,31.64853732321439,31.64825606471404,31.232219404162212,26.621779209487848,24.826416445805148
39,32.6,27.163467255128914,27.163893167900333,27.694221941762702,35.25928213926167,33.98270862406176
40,19.7,23.91862742119177,23.91863206678985,23.894034296469638,20.753964840833405,17.850275930527182
41,22.2,16.21592638025949,16.216613029365092,17.126190610387553,25.379411054286244,29.918087931855013
42,39.2,47.44984465467392,47.44985377553403,47.56083053174862,56.164025236504166,52.77888152272968
43,27.1,31.139250054040225,31.138969521390948,30.70841329001833,27.32434564427973,24.79761153776708
44,33.0,28.316480398854672,28.31694623486934,28.908382636920024,35.98882180232043,35.4031052769416
45,17.1,23.906363632349432,23.90630982310365,23.818911223571675,14.950493665181876,15.60129172982548
46,14.9,31.25287117080617,31.252515497658013,30.758856953347745,16.879028302603718,21.029206687825525
47,39.1,62.16041223213382,62.16030688580268,62.0234948201046,66.37312913198946,69.55411846680286
48,29.8,33.14170795457854,33.142182963303746,33.913012201054904,36.82860935129999,31.85184792462101
49,28.0,30.05900930973071,30.058809030236805,29.743322618661537,27.772179420748007,24.53668790789338
50,33.8,39.02501590395782,39.02532758382274,39.45690640916106,47.83285920677381,45.273453610563735
51,14.9,31.06609135851741,31.065831564291983,30.73459465968066,16.18149688373688,21.49262496559952
52,18.9,21.498566282562628,21.498603366229204,21.51103262621509,17.185662452331677,15.42233412988876
53,57.7,57.04350108826336,57.04352583154534,57.0648427500248,58.00121966200311,58.641787286250434
54,40.8,46.24384926392022,46.243796252327385,46.294045207575365,49.3414533088004,45.11735317000742
55,29.8,30.00957088184912,30.00937783174604,29.6730685081996,30.771888769972804,26.228403629657947
56,38.1,42.89030689001239,42.89046190591861,43.12979129455006,53.42522914352924,51.38698338119608
57,38.3,44.55504887556278,44.555342975473,45.1042126808557,50.14347799021835,41.47204891200673
58,72.9,58.746236127526174,58.74619367032584,58.65221426146135,56.382659112087886,51.739538970131576
59,87.1,69.51440087784938,69.51415901040775,69.23540301746459,78.35845717504674,83.16293538136702
60,41.6,58.68913054168084,58.68923919093946,58.83772871821796,55.06848111973309,55.80048458415618
61,48.1,65.97599687638484,65.97602989109652,66.03264746949058,57.14318032583595,55.86129696109416
62,49.3,67.05381897150586,67.0537749972941,67.01821143615486,64.25553887193064,66.59175958314441
63,46.2,57.29553123162359,57.29536742005271,57.22305160535197,65.38743256111047,53.35182375173295
64,62.8,55.7031819547704,55.70292799350473,55.36745849914196,68.6550689798694,69.88322158412043
65,76.9,53.01834583839731,53.01841491831715,53.12995979143624,60.46581180444303,63.46729702536428
66,44.0,41.61746553987446,41.617983897584566,42.30863486487164,38.21686092340707,38.92318377027473
67,48.4,66.71036873325286,66.71031085635084,66.62825166088162,59.493559990406176,56.47389186625438
68,50.9,55.59434055381385,55.594511509803056,55.826714774715725,52.88482311888986,53.71334697259695
69,28.6,34.881253322923016,34.8817130648082,35.70280505158972,27.47406878392463,30.18960968442792
70,30.1,31.34424070830827,31.34405557634771,31.02581527763737,33.432264170185405,28.150315865851525
71,38.2,38.89843293911121,38.89890979571384,39.644153527807845,46.98429322621139,40.445745049244266
72,27.2,28.12374122252681,28.12345328379601,27.57095181832491,26.366885386478263,25.11713340149205
73,47.9,52.2677578437015,52.26795784281387,52.50658299706068,46.44311763449094,43.23212492814415
74,37.2,30.077906170783866,30.07843222411927,30.72741283057306,32.43978384178202,36.939896785680645
75,36.9,47.73050511428461,47.730279678522656,47.571207728806,40.85051046647207,36.28871265432477
76,29.9,32.14770940939186,32.14744442912064,31.71402194393902,32.72178951827193,27.797556618635586
77,41.2,50.20959517477549,50.2095567108588,50.22862056740455,61.68650818376104,61.03292567826716
78,75.5,52.06303752362563,52.06288623859918,51.88141116228822,64.58310269591203,65.7737366802468
79,63.8,57.71257971815065,57.71235636063351,57.408059784501006,68.89650896450857,70.67252059771559
80,69.2,62.96850824053314,62.96826553345349,62.63101270460102,70.35372132162688,71.16093554985596
81,29.2,29.205867753618257,29.205761797270377,28.92735324510476,32.27802519401622,28.232269411210524
82,42.1,36.49327154109778,36.493616902820136,36.88278002994026,36.29146033349802,35.15189930688862
83,35.9,41.85907399613966,41.8594996601435,42.4136823922729,40.96869415842279,40.94015680024782
84,28.5,39.5567041139031,39.55674564288921,39.76318121776154,31.017322371584715,33.08094038665021
85,29.0,30.34800327860224,30.347817136441616,30.03702493003375,30.549249285806184,26.13619659286954
86,26.2,26.72638657102954,26.726633664807867,27.113613390221957,26.956849648102114,22.9232984431242
87,37.3,47.52313340113656,47.52301520996488,47.52787971718281,41.50257237001179,35.73127520558771
88,55.1,54.36641858128894,54.36632943889057,54.31815815592854,66.84332135810672,67.71332069191854
89,97.1,59.61043742495838,59.61016237650149,59.26771505153384,73.30843710950869,76.12643396599847
90,32.1,28.91487239450491,28.915366497801216,29.51591906792389,32.66745596475168,36.620369232904665
91,8.5,30.75283787695254,30.752738883865007,30.693903709899573,13.698734730087295,22.899101592079347
92,52.1,60.87004938049948,60.87016992421516,61.04714699560451,55.430616310215726,56.43538898913462
93,90.8,64.60479916524515,64.60466112145116,64.43066502080991,68.69763750765418,72.30121466932465
94,89.0,65.46798987657992,65.46783264069055,65.26207852752444,68.53676774103883,71.00878172125445
95,89.9,62.19024981654482,62.19011138920918,62.03653640537337,71.46339361692968,76.95175705167563
96,94.5,65.65170473241749,65.6514605615481,65.33578880523532,73.87544410407538,77.44726299198479
97,95.0,64.20023101660873,64.20012588524854,64.07382735200595,67.59979804296572,71.5134713705003
98,92.4,61.24524424802347,61.245052853016645,61.0244679742693,73.18902260823894,78.00549366647206
99,33.8,47.02788210651572,47.027477452670944,46.58861479503449,36.98421007836372,34.35754963611775
100,29.9,31.896763119738825,31.89653825799447,31.52438095391984,33.19675796871772,28.124078279732515
101,24.2,25.36200769369953,25.36233419877982,25.88170978022653,23.12501950058021,21.85068751653452
102,86.7,46.64186020313055,46.64198424909343,46.82499663241988,56.18144013016975,56.400996730176445
103,88.5,51.051972031072296,51.05215200131505,51.29007325782538,52.89042108498915,53.77214014143388
104,93.2,59.206756360242295,59.20678943770359,59.259392074036725,60.34603945929721,63.15967480026589
105,35.1,36.447249134797545,36.44773528153446,37.07231219882748,37.7523743277233,38.7611747349994
106,8.2,30.75283787695254,30.752738883865007,30.693903709899573,13.698734730087295,22.899101592079347
107,48.7,64.18322616985769,64.18324900374283,64.22629891933002,59.29702973523792,60.22782260157615
108,87.5,59.64960796994369,59.64944715282901,59.46455950264985,71.13769470650983,75.81016644303887
109,83.4,64.27610147156625,64.27595227161616,64.0822346000943,68.57982378103418,71.70823163926539
110,90.2,62.13775462543086,62.13760916981521,61.9817762523772,72.40796542153028,77.91869246666207
111,90.5,59.924172825138285,59.9240395319937,59.76630254225114,69.54193883989495,74.2830343254183
112,94.1,63.48259099224097,63.482488179865285,63.34489222252094,65.22100353241515,67.1888555447978
113,94.3,61.79670032226984,61.79648270653976,61.51976829907572,72.42145314872573,76.54922739553982
114,28.0,38.87968946618749,38.87949203011964,38.71430634293047,26.32504622210378,30.96277643490087
115,29.1,31.385482669780625,31.38523265800109,30.96805301303892,31.88405289946187,27.13072933658825
116,25.6,28.1556667434429,28.156129120857067,28.92618748099825,23.22314209308836,27.533405641423883
117,24.7,28.013992516172863,28.014473445278355,28.8331259965122,18.524848776212373,29.06311573744746
118,28.9,27.55790335852422,27.55867097705344,28.791565561412952,23.371355302882044,31.20740122567034
119,95.8,58.28564108204566,58.28548937800268,58.13345666751312,71.14499628730732,74.74325221833001
120,35.0,32.16855842925635,32.16907217347318,32.814448058607994,34.68341799250046,37.37491534432334
121,7.8,30.75283787695254,30.752738883865007,30.693903709899573,13.698734730087295,22.899101592079347
122,56.9,67.88139189267534,67.88138782801819,67.91764179897937,64.6005304876432,67.47777777899606
123,84.1,58.149375942852345,58.14922028011424,57.95052572307236,68.5601305645016,72.16810826367615
124,84.8,60.08870772332504,60.0886444277258,60.01498988111766,65.54759461846393,69.58673718057176
125,85.2,63.6239302974471,63.62382088756449,63.51059267364373,70.59741238101597,76.23523822093117
126,86.3,55.35884748046682,55.35870336072744,55.20466571834377,68.15243136490106,70.92279216543662
127,93.2,59.26360073032822,59.26362146218389,59.30702854765771,62.18193854854637,65.97337997180435
128,92.4,62.489686702440224,62.48952880334299,62.29885969874893,71.05426985561729,76.01790139026448
129,24.1,30.75283787695254,30.752738883865007,30.693903709899573,13.698734730087295,22.899101592079347
130,30.8,30.80611171101777,30.8060322935258,30.64219783269888,35.06833249384465,29.16309499538349
131,27.5,17.952815213297985,17.953180991843876,18.487294520197537,13.358263517530206,13.482987976501654
132,24.8,37.3987019520588,37.39857543481235,37.33432519580215,25.09630488352839,30.344563864451477
133,28.8,25.9479399653641,25.948622899321755,26.97685483462464,31.629780180452,28.32959144945872
134,35.3,44.88390317760168,44.88400487793685,45.114450377904376,53.75163475645623,50.071716635401714
135,33.8,40.25924453215498,40.25975265840805,40.93427978903868,38.93738509742106,39.71222347386279
136,66.0,68.18534367131832,68.1853117545459,68.15901680948362,61.13820482522987,60.64588281349566
137,69.8,72.77127712435895,72.77110724434611,72.57386522333371,70.83124416217633,71.89683151434215
138,96.2,64.26768790597697,64.26745998251513,63.97908929519498,73.70998286969828,78.04894904830795
139,96.6,65.04959824704811,65.04936845167181,64.7618770103287,74.32709470457515,78.86601349815206
140,95.1,62.96341768728404,62.96321250500661,62.721386660121226,74.16747511921524,79.26307412992097
141,97.2,58.05752330290517,58.05736092636741,57.8667422108506,70.02162773646789,74.0597946997888
142,96.2,64.49791453249571,64.49775325225563,64.2899948247446,69.5085114322627,72.94994631951081
143,97.3,59.24663882407279,59.24650065654434,59.08765599069426,69.955553547312,74.65906897172604
144,32.8,43.95173128358927,43.95139907196644,43.60694689881258,32.78549276510018,33.537174870350825
145,30.1,30.67179455595363,30.671588519263977,30.311879706508744,32.079003612983776,27.14394311748404
146,36.9,45.29840673611712,45.29841051204414,45.4226310279403,49.51604454672507,45.31253883221021
147,83.1,49.455209029925314,49.45496540226449,49.1370706683515,61.20549151697346,59.75445667585987
148,81.2,52.425466362216326,52.42531668025914,52.226717516993865,64.2728595385919,65.35988496755286
149,92.2,65.43700488266553,65.43675898364808,65.11864532659928,73.9170732783063,77.50590251298595
150,39.1,48.77873587271182,48.77905575192672,49.18537174963602,42.49628488815757,40.47590904346285
151,65.8,72.22587988348877,72.22567435796226,71.94796330684458,66.68890720088461,61.64258224987057
152,67.9,72.57080886916869,72.57067728638422,72.42189492650523,67.59855558534684,67.3560566450316
153,95.8,58.81643594168149,58.81621791709502,58.548347052194586,71.57229375027899,75.13161316979145
154,95.2,68.41639502243014,68.41620569974545,68.17157647268188,70.17527594254955,71.91239060211515
155,96.4,61.30073980599892,61.3005212932764,61.03080775015427,72.99032784407349,77.36119927557152
156,96.3,59.60984020304743,59.60967823616603,59.42635554963219,71.36996136424179,76.01023447355706
157,95.1,66.90559717315557,66.90536758004798,66.61558016483735,74.10717873233304,78.10745802082343
158,93.8,68.65084168029314,68.65058280793289,68.31972381219036,75.17250443415185,78.27264360894256
159,22.1,32.486515560047856,32.486365946481044,32.35924717662048,15.672304727597483,24.3031839096106
160,29.9,30.727833176039034,30.727694686975227,30.48828450848702,32.67947589507921,27.521582266245588
161,23.8,27.98964898955481,27.989968718449088,28.56033844353233,17.00191371524431,26.29364442739702
162,42.5,49.69982263802767,49.699170424777655,48.894078744501016,36.67738473968671,28.807431241778342
163,63.2,51.53410559214099,51.53398929568198,51.555146197677246,49.18129175103149,36.76546184879604
164,93.5,61.738178667833424,61.73800070742551,61.51906537189434,71.50479072082852,76.22488008679753
165,51.0,51.563693397773946,51.56392297293826,51.86181535320135,48.9442499832439,48.55346741328063
166,70.8,74.86136856717401,74.86110719937133,74.51094694616005,69.41011234010307,62.53861099860583
167,71.3,73.23910077108883,73.23893998823391,73.05958202675525,71.0423345167596,72.21895303047782
168,84.9,51.84556047994802,51.84561983000248,51.93576026414891,59.65107350327024,61.9775741026871
169,74.5,49.748860551705775,49.74918168303471,50.18978344715581,48.07188707352046,48.62620282853928
170,71.7,60.38512007572963,60.385109520059245,60.3956584808859,64.91997993942545,69.676302159941
171,84.3,58.50154432559337,58.50137908402736,58.31320556120816,70.75103485118069,74.9152558986863
172,83.4,59.72515086245016,59.72509543686586,59.63772002602731,61.359163273453134,61.91049254438545
173,76.2,66.25089022883245,66.25074359528118,66.06842595274456,69.29975916898823,72.72006771204647
174,40.5,32.02559463963207,32.02545848418272,31.9164938026952,15.145069193273926,23.93485102437513
175,31.1,30.936169631166976,30.935995268960525,30.633782840593295,32.85477021551488,27.6912199168938
176,57.7,40.80466636427576,40.8046233608876,40.82935041415903,43.3578445930242,40.86634981696639
177,84.1,44.51217977978625,44.512121268623545,44.463488461355,55.01890491426516,52.89205571866583
178,83.5,48.24072486409853,48.24069916646758,48.23622813219016,59.91480016228482,60.05289306008231
179,75.5,51.72721717660271,51.727072848703536,51.58002948473575,64.10020689658927,64.54986495111021
180,33.7,42.2298012770993,42.23019555011384,42.732036765339785,40.69490759519604,40.17841015187801
181,58.5,67.26980172798255,67.26975308554974,67.21453302763351,61.64315170398491,61.342050257272746
182,63.5,69.22548030854807,69.22541394665481,69.16441851021449,65.33708944822322,67.03150099856717
183,93.2,62.74275208998726,62.74257693096008,62.53140026882774,72.08133162765046,77.13261748911569
184,94.1,66.04213479622423,66.04197317363554,65.84328520882721,70.77248344407604,74.90548879360645
185,88.5,62.46033114675629,62.46011933570479,62.20707731600811,73.96709632773558,78.85151211662847
186,96.1,64.99375894746456,64.99359081151955,64.78280253056893,70.73439607477107,74.84535362660532
187,96.2,65.80234725719923,65.80215949841633,65.56675974704702,71.88577883751056,76.01767007706363
188,95.2,60.9417643264525,60.94162344341086,60.78229304576797,70.96338171797548,76.16069853534023
189,33.0,37.51956687483877,37.5192703046189,37.19391696933148,21.5490218630284,27.874596395346607
190,29.9,30.745237305528256,30.74504856637475,30.425083556015814,31.793875444803447,26.99001522518347
191,35.1,27.903967283157577,27.90428442154935,28.470189952918545,16.84380348507974,26.168615110371544
192,19.9,30.75283787695254,30.752738883865007,30.693903709899573,13.698734730087295,22.899101592079347
193,18.1,35.71820820284348,35.71808484007845,35.649345993866106,22.20262791380282,28.5715011767854
194,94.6,58.27049999559321,58.27019867615027,57.90432339665106,72.47535411192474,73.7183742345334
195,29.8,25.016136885377875,25.01627620398674,25.060584096650917,28.00516894432498,31.48885645855958
196,43.8,56.981897479242605,56.9819997029302,57.099123207803686,51.84316265729357,49.50372166106095
197,55.3,66.22267146181419,66.22264008166518,66.2011045457833,63.340826965042446,65.56476966357073
198,91.8,55.96739896711648,55.96725180462735,55.803786154740536,68.55800812703288,71.75544036289935
199,93.5,64.25847464302268,64.25836155731004,64.12963561469842,69.28408560554905,74.15260645067897
200,91.3,60.69551637382304,60.69533557404996,60.480170792493496,71.93621513440037,76.68400875015973
201,96.7,61.90042955890876,61.90023276273135,61.65653393096572,72.26593296747502,76.88681688821376
202,93.4,64.46619273850413,64.46604013588293,64.28640821827588,71.47540495290984,76.62596184694408
203,95.1,65.42768316377894,65.42747041675595,65.16648628022008,74.11092253292071,78.97654854736462
204,43.9,55.51935526791624,55.51853313407847,54.48423009677013,44.358321572223296,22.60559388704886
205,43.8,55.30200163108906,55.3014624139058,54.70146538853578,49.568727173386186,33.380630038250416
206,69.8,49.558963446424826,49.55879779579751,49.4107615967905,58.83278129846517,56.57756459471139
207,26.1,29.59052288639188,29.590072272135217,28.777309349101643,23.75908644966045,21.34799799457366
208,48.9,51.19651986510182,51.19685369542452,51.63157294995001,41.88805247881233,39.45743140246773
209,49.4,53.82702461705583,53.827337532764176,54.2608455747184,47.00720914757314,46.72120321592152
210,82.6,60.32531427766618,60.325100436314656,60.064168504213086,72.53847600342507,76.73316570575494
211,88.8,68.60850902999098,68.60824631291092,68.27753733818261,76.14949794114753,79.8488091751016
212,85.1,62.9959839221863,62.99579417990565,62.76287628233729,72.45119956958864,77.31536441177118
213,90.8,63.90840246035424,63.90820411921722,63.64651989863903,70.71126756896648,73.83888184469939
214,92.9,66.03246603408716,66.03229129250603,65.8158847711809,71.43591543314554,75.62737148229567
215,91.2,65.5543154564801,65.55415513498804,65.37505314088979,73.25877710298948,78.86918669451111
216,27.3,30.31816339462631,30.31830800708568,30.515883987453243,36.63289732371186,29.999227155134378
217,22.7,30.08626393836764,30.086087671769636,29.833799271110426,24.94572499383868,23.37267860061801
218,25.9,31.316305817622368,31.316242994014143,31.187327420070464,35.84540825895069,29.855692275558653
219,27.1,43.9072761466591,43.90714116803471,43.72824122052834,54.163569217225984,51.22490564579894
220,21.8,33.93816597572719,33.93793373833861,33.627380801220774,29.65666307524765,28.19512569947141
221,25.5,37.09814748716403,37.09785437270294,36.634136246559976,41.66169215328495,34.8083468304242
222,28.8,35.72523719564371,35.72518143450011,35.622661491373265,43.24060683262089,37.43210704044341
223,21.7,32.34422145008964,32.343980032714,31.98313105797444,30.315725932556912,27.020187517263167
224,25.3,31.7682648041338,31.76806959042507,31.410399166924872,35.07696056682502,29.112832421271463
225,30.1,42.51177617749324,42.511826464868754,42.62963173991721,52.30232309710125,49.29191219088685
226,26.2,37.393699061573344,37.393393855127535,36.92046281894636,41.55765002463282,35.07190998837447
227,32.9,43.25741448979795,43.25707487046885,42.65129665729465,46.38789843898098,25.55314265482062
228,31.9,47.54037269152283,47.54058888380517,47.93047314308832,57.29901794474736,53.82614233238488
229,26.3,35.233127217372086,35.23280923941368,34.736636347758136,36.920876292967534,31.168102802158927
230,32.6,53.53658089066457,53.53664717081904,53.66874010001756,62.853925354043966,66.09317463611765
231,39.2,47.52417910252969,47.5242693411755,47.68832364449909,58.46310924335107,58.52417207218619
232,27.1,34.71233900718248,34.71203558714119,34.23664229096099,36.23573538742017,30.678893872380684
233,33.0,53.66469192988778,53.66452735883135,53.42124883674964,63.63308491282029,63.26295684049833
234,29.8,41.266798455995975,41.26680727008196,41.31743058430698,50.37998373568519,46.97561064031734
235,28.0,34.373550659338534,34.37323854802952,33.86112318693742,36.6187589706625,30.04031852969589
236,33.8,46.43226267013364,46.43200956944153,46.06126957481485,57.14954772175899,52.940433272650495
237,41.6,32.76608430804008,32.76661613019955,33.42525100485064,32.15505630635629,36.29460468054927
238,48.1,34.82656191301366,34.827009986919194,35.36878042854413,34.65462584801818,36.10713048123685
239,49.3,42.9350182103329,42.93548347248816,43.55549788840951,40.63917081767765,40.8866769963071
240,38.3,30.09776435102528,30.09768460200533,30.06189898849586,13.707286544009534,22.352112397055397
241,28.8,35.23570556506599,35.235394163248415,34.73294316570795,38.018212886294606,31.346931982124005
242,35.1,40.80112320429844,40.80095251375215,40.540190108434295,49.67654613789868,44.561634774786086
243,28.6,31.828122578137403,31.82880159941377,32.97360095607023,22.82252715737179,30.609463755857604
244,30.1,31.08297676880417,31.082706006509817,30.609705177287317,31.922469395522555,26.91345998462961
245,38.2,43.6662360854435,43.66643007223969,43.94680770065247,53.19665820765628,52.081296602628896
246,27.2,27.37433055697862,27.374141670592152,26.9599956915681,27.42791163810186,26.45177844025048
247,47.9,48.01249409459005,48.01280127267371,48.40818086659955,44.9043339545639,43.98042277763412
248,37.2,37.587479261418736,37.58798501502624,38.23678526949829,36.230193294778886,37.67030736012671
249,36.9,42.97594155896789,42.97589294851316,43.06258315866952,35.27900807369473,34.74849982360358
250,29.9,32.52921255288049,32.52891689384217,32.03636819737592,33.47542676831014,27.978300863732528
251,41.2,46.409731758518745,46.40972282890353,46.41953263628243,57.80096890630263,57.08599034710065
252,29.2,30.286514438272512,30.28651924647866,30.182011910747903,35.67623294609413,30.84907248980213
253,42.1,45.14795219647846,45.148158197670426,45.36893081314008,44.18016525793429,40.25921371579639
254,35.9,50.06723244736956,50.06751396910048,50.43928549235756,47.41158107619305,47.210374279934655
255,32.1,32.92444489501884,32.924897748112215,33.478744836891195,35.52284102902069,37.04225909150787
256,8.5,30.75283787695254,30.752738883865007,30.693903709899573,13.698734730087295,22.899101592079347
257,52.1,62.74060396181483,62.74066148758772,62.82617638041452,57.033423573663136,57.34120943177837
258,90.8,62.830142223521264,62.82997144640876,62.62619204008996,72.10022616925318,77.25611011661309
259,89.0,65.48648594535523,65.48633939699009,65.31075512098134,70.52317286703376,75.07636540513991
260,89.9,63.04603143496311,63.0459579983559,62.99030963414738,70.11764334053825,75.92207188575881
261,94.5,58.88830072880856,58.88812807676726,58.6868975191305,70.97659964506597,75.22719447142677
262,95.0,67.09831546661798,67.09811189978755,66.83601272802404,71.65843551124358,74.61687125953827
263,92.4,59.71671103580904,59.71656095880684,59.55414806450813,71.45674041497318,76.20865603655162
264,35.1,34.18650236474265,34.187112536563845,34.998177917207755,35.70073593120695,38.363501995573785
265,8.2,30.75283787695254,30.752738883865007,30.693903709899573,13.698734730087295,22.899101592079347
266,48.7,64.23824289437471,64.23827121429993,64.28459054372891,58.0014796288424,57.89602263378325
267,87.5,62.11674841133394,62.11648013616213,61.79408291739543,75.67032007088908,79.41821670926234
268,83.4,69.37953758669161,69.37931093036637,69.09024474582077,73.0549869463627,75.46328343895507
269,90.2,67.2629248634293,67.26271691599148,66.99610999484769,72.08361386349662,75.18794025362436
270,90.5,59.853732667184175,59.85357631318307,59.66890208906237,70.63969964002047,75.33981848836007
271,94.1,67.77387868040628,67.77360997794759,67.41810573026149,73.98753015348572,75.82335473078743
272,94.3,64.71349840531475,64.71323887252014,64.39159230881548,75.98228088282707,80.48601446486387
273,35.0,44.84995946523836,44.850336477427234,45.36016818192999,45.82988489416687,45.97207767927753
274,7.8,30.75283787695254,30.752738883865007,30.693903709899573,13.698734730087295,22.899101592079347
275,56.9,65.76333174992332,65.76334717484589,65.80677196693134,60.86742589882042,62.46197758034319
276,84.1,60.17889796369187,60.17868582889818,59.93394999472315,73.23639981781292,77.25887419317056
277,84.8,63.84829675979178,63.84817082155459,63.67705083239608,65.96834597046448,67.5927523021193
278,85.2,69.01030611205528,69.01014963691894,68.82983357978097,71.58712520461424,75.53122003015883
279,86.3,56.07134676493271,56.071269750488966,55.9964873807396,66.89241995423278,70.88706703254334
280,93.2,62.94301426540132,62.942923610526535,62.827859888902125,65.77439038070989,68.85289731421759
281,92.4,61.79928759759274,61.79906629431889,61.516610640785146,72.4649675776702,76.50613699695273
282,33.8,42.04878553500495,42.04922656678961,42.62819031816508,40.817121772259775,40.93123917052176
283,66.0,68.24710016684026,68.2470318253519,68.1557006952045,60.11996552003132,56.82088310323448
284,69.8,72.76839117009227,72.76828730071682,72.67455883164345,69.1635587497442,70.54788150219534
285,96.2,56.97928171729889,56.97909902528608,56.76823753106762,69.95588488835588,73.15010537214326
286,96.6,67.66373931135469,67.66350670510218,67.37007798863795,74.27118737193396,78.06214363011637
287,95.1,68.51667485825173,68.51629144186755,68.0200846813803,80.77439264173923,82.51409244059792
288,97.2,60.91863858670857,60.91849323532145,60.7531854687642,71.10869221618294,76.27134988143476
289,96.2,67.46751674405975,67.46731294463096,67.19931558900672,70.63241987337689,72.4478846131598
290,97.3,55.50606295414515,55.50592262589584,55.35229633286357,68.09347359688556,71.12608455320984
291,39.1,59.76527764461424,59.76534000381589,59.83618739753842,54.22434766430825,52.386927949016496
292,65.8,72.51075468439146,72.51062839764084,72.35291693820614,63.55858973010809,59.37522269144316
293,67.9,74.46198652353259,74.46180468204227,74.24242554675958,69.211781597124,67.23536220328165
294,51.0,43.84349158462683,43.843884113675344,44.35472034643584,42.16417364338687,41.84213225858289
295,70.8,74.45642554050363,74.45618480622566,74.1488859738252,71.6230091254792,69.18217147317333
296,71.3,74.30696942500268,74.3067888217697,74.09915190692655,71.40675802414202,71.5209848827864
297,33.7,34.55414338508022,34.5546566150182,35.2049665325531,35.287435586648144,37.510132463435326
298,58.5,70.46724665233846,70.46714230261547,70.34847114413742,65.77451572170384,66.03491633817171
299,63.5,73.18240261452574,73.18225392266486,73.01504694570683,69.37651234819103,69.67706580962036
300,29.8,25.67988628515549,25.67985133847521,25.473261819628377,27.107544839982143,28.807536217126117
301,43.8,59.02960762809522,59.029654798228975,59.08284210614568,56.215198692271535,55.86732878723629
302,55.3,65.27531953049304,65.27534466996386,65.31939132063384,57.86769951764943,57.2394177089765
303,26.1,66.1935639386437,66.19344179452344,66.01204048075867,61.49253214073474,57.23901866685915
304,48.9,66.1935639386437,66.19344179452344,66.01204048075867,61.49253214073474,57.23901866685915
305,49.4,54.77843565096359,54.778728075129806,55.18350951457167,47.45313357764957,47.02746480093552
306,27.3,24.96789078208446,24.96844204136692,25.80095103611041,29.15036838315284,25.32965973467722
307,22.7,27.591473500360767,27.59135983111529,27.41982080429864,22.23492063234693,20.586696622260995
308,25.9,27.71319742206873,27.713161113969655,27.6226068999636,29.07147713374449,24.04645275583337
309,27.1,30.84573572645194,30.846147064720935,31.488698250025685,36.362556667124885,30.6216746056065
310,21.8,29.1761269665982,29.17591126911045,28.85192583562557,23.026295541791004,21.945033516142548
311,25.5,30.23749777699677,30.23731621535431,29.911410956651743,31.98000666852685,27.028839206026845
312,28.8,28.429207455123816,28.429741519231825,29.24699471004626,33.902946270924105,28.75103414266519
313,21.7,29.67004054240138,29.669800417779022,29.30704614182627,23.840920500636347,22.56102433309079
314,25.3,30.050432041062244,30.050208905633728,29.67514985163721,29.533021058756557,25.52595451248408
315,30.1,39.59264448706762,39.593008609725885,40.24583686202976,41.64835623568986,35.111363845830766
316,26.2,31.67797346688999,31.67771853302952,31.28181582456346,29.929894750932025,26.33736883063601
317,32.9,32.79097854355852,32.791459632348904,33.43280469982196,40.08765380112543,38.54470203074485
318,31.9,40.151171866707,40.151616270078655,40.941009606316086,40.1925710104057,31.80473242525582
319,26.3,31.02270549696349,31.022435289773508,30.599834801840085,28.23060817251229,25.16493841478196
320,32.6,35.57821907751865,35.578557595759335,36.02999184010309,44.34012696200911,41.06562521408492
321,39.2,43.53336803854568,43.53369705397261,44.13856674597344,47.963270154518455,38.839728870719824
322,27.1,30.70381961954199,30.703575016635853,30.317552240234622,28.446506490092595,25.156374030300626
323,33.0,35.959222595681595,35.959636950562256,36.4990086130083,41.73627755446043,40.63376179793536
324,29.8,42.95755282975185,42.95785814733989,43.56626392294547,40.91250438461805,32.39046485867303
325,28.0,31.293342753139,31.293123776522616,30.939974672289985,31.18254459250626,26.83555917036486
326,33.8,37.40145861465608,37.40182490592831,37.901627484935005,45.57493147592898,43.06089431749948
327,40.8,53.40585874917369,53.40563745909312,53.27743211440959,51.08393775006247,37.0622572601678
328,29.8,30.375077379568012,30.37489958022296,30.054725086286144,32.35566171386115,27.28304898716894
329,38.1,42.59298679660948,42.59322423083722,42.94508433148795,52.32027793794648,50.47656498001939
330,41.6,50.40890416502182,50.40918775486935,50.77893727696557,46.20942774558628,45.38614381822768
331,48.1,59.62443155871336,59.62452891886791,59.7468084187101,52.90308959707555,51.17286408480064
332,49.3,59.7342640800812,59.7344078805351,59.9439144828041,54.88462058583156,56.147283702040255
333,38.3,41.65886637592642,41.65903424499286,42.00150578555327,47.085620685677775,42.27664479506066
334,28.8,30.91924609819739,30.91903125739703,30.54475157220257,32.43721348489261,27.389641226915305
335,35.1,38.48671688081448,38.48689367715616,38.71250565221906,48.08367633339175,44.50129738061483
336,28.6,25.637714928588125,25.63810578699943,26.29688666367958,16.371081655562442,24.80036052939454
337,30.1,30.354098324215197,30.353953906442733,30.078854479633733,33.37385094513996,27.967969929156
338,38.2,39.71864350989688,39.71901138216572,40.26804902745853,48.96896496130344,45.29432280153847
339,27.2,28.214139547596567,28.21388964884377,27.71202914596779,27.391527077937784,25.63630728122817
340,47.9,48.25691767054819,48.25722757001542,48.64865134160442,43.13039180612764,41.29313612635556
341,37.2,49.50621978820898,49.506533459404295,49.922105313641865,45.93304633837776,45.563919971356114
342,36.9,38.38405600961951,38.3842608210787,38.835528624189095,30.57812223785233,32.00887453383868
343,29.9,28.501310066455872,28.5013178364308,28.4546101338007,33.20617702983627,27.374040385625023
344,41.2,47.380455498640174,47.380455902480726,47.40302169548908,58.75727366089435,58.675749376513664
345,29.2,28.33661447256608,28.33657582088685,28.149369388568708,31.807447630390342,28.87587449883918
346,42.1,41.017952991727725,41.018299735119854,41.427682159526285,38.355883125763455,36.38588920652106
347,35.9,39.62205880188125,39.62251675020755,40.21117044640448,38.60086699558045,39.006293836214496
348,32.1,29.49485313277576,29.495175085405062,29.843081231837104,34.61089033098396,34.7191347745667
349,8.5,30.75283787695254,30.752738883865007,30.693903709899573,13.698734730087295,22.899101592079347
350,52.1,61.7780749723201,61.77818241548755,61.93185362418012,54.47570204975004,54.20431219399248
351,90.8,59.51176269971833,59.51157223579924,59.285613430389176,71.72687618130855,75.98439636598428
352,89.0,63.90297636190931,63.90292553584939,63.84998494604905,64.710102123317,68.05829191201624
353,89.9,68.38724409316643,68.38692119528568,67.96754293364029,77.82251781021901,80.27995608737652
354,94.5,62.190055247305935,62.1898739371527,61.96707661940337,71.81345066490653,76.59856945939205
355,95.0,65.88155071365838,65.88136533387932,65.64226688300816,70.69441017863213,73.89586202962633
356,92.4,61.8910421651305,61.8908447481338,61.648509590021575,72.50046972385049,77.21187937557912
357,35.1,30.29010048507693,30.290706457311813,31.06365322931866,31.81073288104321,37.60815139389357
358,8.2,30.75283787695254,30.752738883865007,30.693903709899573,13.698734730087295,22.899101592079347
359,48.7,66.34283486125267,66.34282045430916,66.33163590812929,59.44047128978028,58.56647412850285
360,87.5,64.38396512918625,64.38377710576577,64.1577616241943,73.16192404866926,78.31914634706769
361,83.4,60.78781219503615,60.78788380043795,60.90894178466786,60.42796364344076,63.9206525119545
362,90.2,66.66999811510671,66.66977828074761,66.40482650108194,75.22528037768201,80.23423330415713
363,90.5,58.5605744498759,58.560381361529366,58.33437245882688,71.34120459110056,75.14280855321536
364,94.1,60.696272938072624,60.69626854969499,60.71041548341448,63.87073848215588,68.15189481710073
365,94.3,62.420590453562,62.42043125058272,62.23296753955697,71.65662148018946,76.8717198980768
366,35.0,29.032906813982933,29.033345649977136,29.551157590129577,33.19929480648179,35.99797137312012
367,7.8,30.75283787695254,30.752738883865007,30.693903709899573,13.698734730087295,22.899101592079347
368,56.9,66.4243914151074,66.42443112601003,66.51279662464266,61.21848448441565,63.225312342437206
369,84.1,62.91875645583137,62.9186016472933,62.7365692378187,71.52250246919958,76.76843127295538
370,84.8,61.807766760539394,61.80764851011436,61.65161874918759,66.76325036554348,69.85566957402003
371,85.2,65.44811325191404,65.44796416709752,65.27787207031513,71.93903860728173,77.25793381261352
372,86.3,60.107544997682766,60.10739028551332,59.926863461159954,70.8643583089519,75.6938609029377
373,93.2,63.67627524952691,63.676141719284175,63.50259842984984,67.73583144800665,70.8316222864261
374,92.4,60.62503894924637,60.624945241064,60.53038896748083,69.32990616977281,74.69616838745893
375,33.8,29.78156124990045,29.782110567473552,30.468272787359965,32.45040090947634,37.21855528953543
376,66.0,67.3581320683141,67.35806245433065,67.26443153658205,60.80630001508461,58.54898023012643
377,69.8,71.88169573357443,71.88157132211677,71.74855270860382,68.85894269623037,70.29001638004334
378,96.2,61.03573583238321,61.03556517401468,60.83396941284607,71.76414226436529,76.70050459370864
379,96.6,64.54689109820899,64.54675558948519,64.38328040773273,69.68318723681958,74.15814424666601
380,95.1,65.30421867303973,65.30395244746443,64.95674454004211,74.52180635204506,77.79112148683558
381,97.2,60.91863858670857,60.91849323532145,60.7531854687642,71.10869221618294,76.27134988143476
382,96.2,67.46751674405975,67.46731294463096,67.19931558900672,70.63241987337689,72.4478846131598
383,97.3,55.50606295414515,55.50592262589584,55.35229633286357,68.09347359688556,71.12608455320984
384,39.1,39.81113604328205,39.811559486814105,40.34119494737551,38.06183466690405,37.91165752480188
385,65.8,68.12039323473248,68.12026571297676,67.95020410776829,64.66876928382857,63.62005721084566
386,67.9,71.78041379388615,71.78032649227737,71.69405197735557,65.5707813467518,65.4677420772197
387,51.0,42.65071315446866,42.65115303318528,43.2284972469119,40.63703235272531,40.69109135697468
388,70.8,71.27820968967,71.27804917783347,71.0683741455144,65.82825038133967,63.04879953079504
389,71.3,74.58896132610644,74.58874390035638,74.33871064106044,75.1792519883872,76.61021513082156
390,33.7,35.86060085769364,35.86109078032831,36.48074142778815,36.150442027895394,37.67367425139233
391,58.5,68.58943843333658,68.58928886223222,68.3815142097659,64.11627591249939,60.89494979118823
392,63.5,75.75075247028573,75.75052375723824,75.47365505263096,72.92544635095,71.44747060764999
393,29.8,25.16866376948745,25.168739661257558,25.12736327688671,28.18359704020796,30.256152074216203
394,43.8,56.99075934247465,56.99088419314569,57.13909860810632,50.496172188794574,47.73686844112959
395,55.3,64.74345990585363,64.74354213219867,64.88377131617443,58.35380091875837,59.69868989838065
396,26.1,33.76070402029721,33.7604570504945,33.26970356815504,35.689697966323685,25.906773243969752
397,48.9,50.35053139258906,50.35091545028429,50.86455226535206,41.60586686642929,40.14051106694674
398,49.4,53.27330773861951,53.2737084691812,53.82824757615512,41.939320996072105,39.998060199977004
399,32.1,31.163911109374407,31.16366306631783,30.720277876237148,32.81445237630679,27.460277580890164
400,26.1,28.395176128494917,28.394831529659896,27.755189214745013,25.1941485651379,24.29124557505193
401,56.9,61.14520854841932,61.14526873402996,61.212629513339735,53.240668969970216,50.0446449435432
402,59.1,61.27726875679649,61.277230579378966,61.22023626882083,61.173636974725504,62.11224892981332
403,89.1,59.13026053607436,59.130174497742885,59.03934096444266,68.01632938206835,72.90414334673474
404,79.5,63.591516961847205,63.59143944676424,63.50801081997129,67.18678534381675,71.68386323121481
405,80.6,66.93055112468349,66.93035435439045,66.69483840451902,73.96827343153234,78.90715863560686
406,83.6,63.70110914842384,63.70098781374662,63.55294680039158,68.53858345092343,72.74749518613604
407,79.9,67.09639281142476,67.09630944265696,67.01902096268651,68.77390329682869,73.28986427015039
408,79.4,63.36413810965648,63.36407800437057,63.304692801936525,66.41417934830108,70.85168412541785
409,39.9,42.13851549967647,42.139012590299046,42.79458127647183,37.970714515130105,38.42359716161732
410,53.2,67.3590659464038,67.3590638606298,67.36952175155201,58.832951415745576,57.473472629323766
411,53.2,59.06376339860266,59.063728259332166,59.01329288678369,62.09471459318826,64.255576118817
412,65.7,60.59425324475451,60.59409773114528,60.39377917166439,69.1090513980553,72.99703258809782
413,64.2,64.90325947054959,64.90311146320528,64.71559287996082,69.14041276638069,72.6900857213524
414,65.3,73.18522282505903,73.18492365871354,72.8102310032068,78.15689230530393,79.74200107954235
415,84.8,60.15938534611215,60.1592365580734,59.97021960813299,69.03056349826535,73.09705645570389
416,83.1,63.412691722500384,63.41257705381622,63.26698017187363,67.22589439047289,70.63311639844429
417,77.6,57.61151941894353,57.61140226683972,57.470481473022375,67.74051059750465,71.76751481013267
418,33.8,32.28900714724611,32.28961929307641,33.07727685006266,32.14087959836261,37.32519241715741
419,48.9,50.101422760353486,50.10184951376043,50.68718622160657,41.89631206777742,40.999855240435096
420,44.8,64.3896696140933,64.38966517017897,64.40588326679631,62.91406028776613,66.00581180495206
421,72.1,44.92034938288241,44.92065192342676,45.327122398338346,48.64236893965127,48.63437203179743
422,61.8,60.34998908059991,60.35003349335442,60.41146128351353,58.04569677351504,59.20844259031506
423,55.8,67.23078806270874,67.23061693866377,67.00754630954664,69.007286961919,70.81946184570475
424,80.5,59.45274068501382,59.452779357743694,59.52845938504795,62.468691601306126,66.71244742852937
425,78.8,65.56928893780228,65.56919695300097,65.47903683351143,69.49656007196839,74.66262031711554
426,61.9,60.30105344202711,60.30104984918216,60.3132469300146,63.44571488505253,67.50117880170652
427,36.1,42.17745439828849,42.17790718798875,42.76807666111797,39.34981743008571,39.45266399880271
428,47.8,61.11515981998538,61.11527407263645,61.269724830254205,52.66059038319575,51.08386409598748
429,52.5,63.14162587701472,63.14162068611213,63.136715591930695,59.71716099444208,60.26727394051992
430,56.1,52.19118170182966,52.19120936405329,52.25275031492613,61.932612856543386,64.64808517779252
431,49.9,51.181849298666,51.1817550319354,51.04450654951755,61.5884672937411,61.977095471895296
432,50.8,66.45178902074927,66.45156401186992,66.15911099171483,72.61140118025226,75.68567959222233
433,63.9,52.916419015189305,52.91650395254648,53.02669465182905,57.04408411694388,58.61788968694341
434,56.1,61.78657542537327,61.78651254907058,61.71103728845942,64.94335996791978,68.41211758400928
435,55.9,68.84497574914798,68.84482518345753,68.6778828886638,72.20286187832065,76.70651154179282
436,66.8,67.9262251195295,67.92615683534521,67.85710594174455,65.19653421259329,67.28347769972166
437,67.2,75.8104456373915,75.81023190883276,75.53742100903845,68.07667540720232,62.18974687246296
438,66.1,70.31462881366046,70.31446881016338,70.09714283292459,64.62126954925183,60.75645599971463
439,84.2,54.68041647817705,54.6802895703471,54.538303703407415,66.96632491751748,69.83020890562435
440,83.1,66.42858779156501,66.42840506765579,66.20308039879232,72.06325945557471,76.35109892124379
441,76.2,64.73533759506334,64.73517499278805,64.52901202386609,70.06423958110153,73.88614263516607
442,26.5,50.51644370041411,50.51620347866161,50.32456369940808,50.42929369495247,43.39949373765754
443,87.1,63.93208664339926,63.93182515419648,63.57298300104036,71.75136978921134,72.86006520274273
444,90.1,64.6206783887382,64.62029727581104,64.09391768696139,75.6099085603662,74.11114238001133
445,60.0,64.90082487727489,64.90081880760711,64.9047090097877,60.726928110634205,61.83546511811724
446,60.1,61.57564921489754,61.575765646990206,61.71474626512081,47.60431153749099,40.57570342167233
447,45.9,55.73658694240193,55.7366521040242,55.79931982886677,53.83201670641655,52.03866805653266
448,23.9,26.534920555262065,26.53530090642131,27.19090184128993,15.622898295995563,26.10159080577128
449,29.9,29.014236700987187,29.014254999149195,29.02527065249601,31.363689693192832,25.78958766560507
450,20.0,25.0711434951165,25.070883868419607,24.60889143660484,19.125044953474674,21.10569082757345
451,58.0,64.42165290163076,64.42164863588457,64.42801943345113,60.92083929151266,62.38436124689829
452,58.9,65.35490154041226,65.35480410404799,65.20742514349776,60.54052062420121,56.82333811854838
453,50.8,60.569646732661326,60.56968432950178,60.62422035653879,58.79021216762945,60.36576468621857
454,68.1,47.58689560216007,47.58688156629473,47.58949771577022,59.056391364336086,58.9995950320928
455,73.0,56.481604700773616,56.48156023576173,56.40286454808053,60.394934821436514,60.71379315472146
456,64.8,57.39227864136714,57.39232436110835,57.46711011953134,60.931456790660384,64.42748669472454
457,25.9,24.2696224256178,24.27071623955509,25.97341406431095,19.99741812469992,37.94034083718376
458,71.2,64.0505634711025,64.05045855554228,63.93122162382524,68.67832937466059,73.39979427967879
459,84.6,60.67768778543437,60.67742282459329,60.33458627068323,73.04093296827759,76.15695381721812
460,27.9,33.81428269402244,33.81412938536077,33.66385626910707,23.897354492835,26.947749692737144
461,23.9,31.900260003316188,31.900105188856784,31.74697931535192,18.039159486636464,23.820357120905605
462,27.5,28.20921136491747,28.209676264017823,29.004738169126973,18.675278865039488,28.903836289877773
463,29.9,29.10725262132844,29.107272236768694,29.11924158310133,31.700352864156105,26.043283355484306
464,20.8,27.043716323217907,27.04337861804712,26.474659477182563,20.268845686579624,21.60462477419961
465,61.1,68.78263742736506,68.78248762516179,68.57904919485854,65.029320475794,62.90484457202106
466,63.2,70.0093064509323,70.00921918367132,69.88515747566137,58.14832759529609,50.490121077585314
467,61.2,60.3130427526131,60.31301121559443,60.27953178526823,63.60778792896142,67.08466098886234
468,78.9,52.38518629140616,52.38516777900341,52.363663073464295,61.53440301862619,63.59814167151504
469,73.3,57.35411552057184,57.35401420837485,57.2160183216601,65.18620507320651,67.89376543105132
470,77.5,70.98381542444815,70.98341294328465,70.45339912042164,81.08060057948776,80.92955257384452
471,89.1,62.9582704537618,62.958124000291335,62.77017389920192,68.91226990127687,72.67674161704522
472,68.0,58.67947554364565,58.67940575491198,58.59566660103359,65.61591566632649,69.54746514899958
473,70.9,60.45420972873876,60.45400493089812,60.182245292479166,70.25884126748693,73.38152818116137
474,31.2,38.65199563283772,38.65214202151573,39.01496519900996,30.59593767892804,32.410985031354755
475,29.7,29.78858773441668,29.788567458415717,29.75203888232146,31.07235711327253,26.091458070315696
476,23.1,26.863224214461276,26.86298753965792,26.41281879346992,25.24707105942222,24.47405446647176
477,50.6,50.10770375195271,50.10798701545493,50.47954045260791,46.81648599038736,46.33641318207552
478,55.4,57.67856475017668,57.67875384778614,57.94609548609371,52.624109230955,53.44774718549812
479,57.1,61.24445740102806,61.24450534761869,61.31189077342364,57.5627943392121,58.29682184139816
480,40.5,67.36461008460111,67.36399788870447,66.55836689146763,84.63116427049607,76.80156328624813
481,53.2,71.80399138092413,71.80339311542112,70.97393721028745,84.2893894440799,71.60486094875083
482,42.1,58.731990729728594,58.73187952670838,58.59189209826157,67.16336106934985,71.04676762786144
483,73.8,52.76707555769097,52.76699548507452,52.64946194991235,62.16107788958081,63.232888305905504
484,56.1,57.239076789433554,57.23900355942095,57.13824051883789,64.02281501590355,66.6624529177108
485,43.7,63.44024659632093,63.44009550247695,63.24462898697627,68.91048978510133,72.42114829442212
486,24.2,29.114776814154837,29.114720649386957,29.084555392548552,18.36424149412888,21.59958843827089
487,49.1,52.65750425753564,52.65743099280114,52.61826794023776,64.97600722145202,66.08847314986647
488,30.9,22.46860533999451,22.46925419609361,23.302142138561628,29.58925862977157,36.887138316805846
489,47.9,62.331412121338005,62.33142253983502,62.35125553790684,59.92542964397321,61.386815022228944
490,60.9,71.5334418352386,71.53327373346747,71.31792853582739,67.20752419441526,65.50452551661797
491,58.3,65.16948151496965,65.16946257363469,65.1507423115852,60.31438881775994,60.481521261833365
492,40.0,60.30736028219068,60.30705375207073,60.00281410334223,72.6350378410319,65.5605463868516
493,45.2,58.52539929138233,58.52518279992145,58.27420902845504,71.96686971052141,75.18219532893559
494,38.9,49.1744101061864,49.17455460968301,49.40025820968821,58.00750184518428,59.47733108888147
495,77.1,50.20995001373952,50.20986570780084,50.110335878427314,61.99182834817664,62.85794581353562
496,58.9,55.99610479398184,55.995994062256855,55.85736521969693,66.29353273855618,69.5477181771677
497,50.7,58.5594520192136,58.559397799226005,58.48345466289452,63.112138633381086,65.54331587113407
498,26.0,28.2959451841931,28.29593545601084,28.299602742129387,24.268260849995656,22.117651854447686
499,30.8,29.11955487309964,29.11960866296801,29.178592511433745,32.87118833619458,26.77899339599728
500,36.9,30.580974271721075,30.581746700414342,31.632827343729677,32.3918309260689,37.97689689781433
501,52.9,60.40260916672746,60.40269259735324,60.513304354071735,54.8268129896885,54.350936556041376
502,56.7,64.31748746962808,64.31750006150943,64.32483652655422,55.01049003864375,50.92051966915383
503,56.1,60.40175465461465,60.40182909440615,60.50932435128756,57.24541628392255,58.62757997238364
504,71.9,57.04527048717756,57.04501102127634,56.73350563626631,70.85101959077409,72.56443140992192
505,83.2,63.95833214798573,63.958203667583945,63.82271663157103,71.86627286767967,77.61927510955061
506,75.1,64.59434944479393,64.59417503896287,64.3912300837249,73.1920672550426,78.63257649210678
507,69.5,63.10599608988626,63.10585422090243,62.9272213267931,69.14664774128397,73.24107252103491
508,75.9,57.104130334640445,57.10413909975236,57.12318655521413,61.81995229224222,65.08644603610733
509,83.9,64.5433910301997,64.54315837307352,64.24710918520292,73.790218740987,77.97705323965161
510,28.1,27.96926356151794,27.96936718139768,28.126784377277765,28.799729071966443,23.84509951379428
511,32.4,29.858630271817155,29.858801768552887,30.09843759490133,36.05593180200726,29.356373857964652
512,38.5,45.83599330759671,45.83628411238109,46.20177612324749,45.22391605125558,44.153277833865246
513,45.1,66.20883673882977,66.20876284372096,66.10905353458703,61.87053660861055,60.96033048474342
514,52.9,69.14704027101877,69.14692852983408,69.00543561024048,64.46205141053969,63.63526144359199
515,49.9,70.25380574611582,70.25368563356062,70.10005467979623,64.03837066758709,61.84892097965272
516,63.1,59.172436335469975,59.17208523588464,58.71394434170299,73.37223435457867,74.1279296379345
517,79.9,64.25505041625613,64.25495684617616,64.15286804295008,68.3475178567276,73.10321557549028
518,75.2,63.70724060174854,63.70712913186833,63.58316096264308,69.62999247179292,74.80696942738828
519,81.2,58.21383524942023,58.213723243718206,58.083699202459584,68.18136735731834,72.57531592780393
520,69.3,56.84760068755355,56.84758137804376,56.82092784180436,61.96034949190835,64.58341241437225
521,68.8,64.24454273266025,64.24436471107909,64.02005199535407,71.20454218631195,75.47349682561358
522,26.8,34.650957880850925,34.65080062893959,34.48674251696016,27.865393388785343,28.823613158806054
523,27.8,34.613325623648784,34.61316940946534,34.44018697230133,29.764519682927045,29.423611554753755
524,33.2,31.469448902228365,31.470051071566047,32.43109742827358,34.20103938066745,30.251850160622013
525,31.9,29.427324188446512,29.42754149978267,29.75912018117069,33.71762743170287,27.68601915121528
526,27.1,22.76128027453072,22.76149160918436,22.97908474800964,28.53992747428348,25.14353803980956
527,51.1,63.27586130880975,63.27584083979153,63.25261535501885,61.07147561419127,62.33574348378093
528,55.1,67.72164509290229,67.72159762439132,67.66757018188943,61.12719817113173,60.18075803362004
529,56.0,67.3617802369697,67.36178693204923,67.3819634726755,57.66913461197505,55.449197987704935
530,62.2,64.83913440683594,64.83861486575165,64.16386709806645,81.18058228861236,77.64050960961154
531,80.1,57.05178860907017,57.05172869796407,56.97496035440936,64.24736255546979,67.45886890812577
532,56.1,69.60342146900686,69.60315690973742,69.279117158167,77.49324922721533,81.586019835656
533,72.1,58.07513878340568,58.0750309642556,57.9376531498075,66.6710086751723,70.30951807619127
534,73.8,62.71111543337021,62.71097847221466,62.51382224016525,64.9045234664276,64.98771519903781
535,76.8,63.4780584089126,63.47783993314,63.1781643893178,70.03078847745189,71.60010056692514
536,37.9,39.65872517023204,39.65911683995936,40.36821650740469,39.45235097905028,32.90120128023446
537,32.8,32.845316762465146,32.84545914139042,33.08608734690468,37.10932170134482,31.98042475595028
538,31.9,20.961298646746528,20.96217045077876,22.199289983947686,29.50871389552659,32.76589185984008
539,61.9,65.12535462483638,65.12533371316461,65.1004646078959,59.72915024406727,59.21879381616159
540,64.0,70.34674404035809,70.34665762996651,70.23965354402009,61.70730507579336,58.52264050687077
541,65.2,57.24915021842793,57.24912743895392,57.215512997915226,61.76611644416472,64.12503633638985
542,57.1,64.94700865817245,64.94658752334786,64.46692701785653,80.37581489439143,74.15899381458544
543,76.0,62.84889718954574,62.84875117588078,62.65869633251934,68.50132443624574,71.94351631415262
544,56.1,60.92253178846565,60.92245631415601,60.86023211403507,69.51987133848074,75.08897722703765
545,69.8,58.212804134837725,58.21258362141833,57.94182758171922,71.19192400346941,74.45751711404151
546,57.2,68.1448301624092,68.14447915483377,67.69106510239563,79.38550831717828,81.80681677238422
547,64.9,63.130417438698544,63.13016491129807,62.80996835062406,74.3933425805819,78.48203352013584
548,36.4,41.6912498031168,41.6915881799639,42.350002292487176,38.21155857086136,31.07556861550657
549,33.2,30.059645790872736,30.05990176866997,30.44735248975126,35.72601695162035,29.35379406039661
550,33.1,29.493410315262267,29.494169782700865,30.579844256734237,36.6116090078776,35.06013838175764
551,53.1,67.52674222999806,67.52666663168365,67.44298294173231,64.96636539919669,66.76399826117918
552,58.7,69.98252373412323,69.98241145197318,69.83756210556858,63.27282791739904,60.71894916502711
553,57.1,71.35098838961841,71.35079458124699,71.09108795305652,67.00411851173973,63.5863574567949
554,45.0,56.69973538000228,56.699544796472736,56.569718813358406,66.28453094242056,58.33076913282767
555,57.8,66.83194000679917,66.83170725236259,66.53167616889988,73.38862600553935,76.70546740854039
556,59.2,64.14124054643366,64.14091043217181,63.68171916959498,73.45756181358692,72.56323333060314
557,55.2,57.88599211936929,57.88578727519378,57.61852656366747,69.53656190384433,72.43235634683074
558,48.5,60.06218731501855,60.06209492909588,59.96098068464356,68.25770721395291,73.22539984411483
559,68.2,62.52332992327416,62.52319307999055,62.349971323938135,68.7421461736191,72.76447183710584
560,35.6,37.22762449395975,37.22801699799556,37.92611573474319,36.64514136257028,32.59726353635156
561,34.2,29.92067013964079,29.920957211904955,30.361280520645124,35.20848593620097,29.05692743976684
562,38.9,41.370038783722975,41.37044775539117,42.001080766495946,50.01964118178486,45.58354945399256
563,57.9,60.95069800668685,60.95074623665285,61.02423594815755,58.83149279017108,60.71566837026617
564,52.9,67.11809936581226,67.11800284765822,66.99735537286631,64.81150570553756,65.77143452882515
565,55.8,67.57791857985363,67.57785450027394,67.50025132745141,62.161570839143,61.63552912674928
566,55.1,55.39046057111968,55.39056662023316,55.64980098866077,65.5622091131066,62.31435649093706
567,61.2,54.06767082162186,54.06759453603479,53.96138669149698,63.20106261641608,65.15596200667383
568,60.9,57.07784396713207,57.0778705256823,57.12617125144968,61.7603642187919,65.36487212146781
569,75.1,53.462552544869126,53.46233991101922,53.16927188494197,65.50883262649822,65.80291589161621
570,46.7,59.40499663137847,59.40483021760046,59.194728700572895,69.67865068723316,73.69047510931992
571,68.6,61.464842631504126,61.464788224114415,61.40496302427526,65.24490988419598,69.22859042662927
572,29.8,38.13010174138206,38.12995075519511,37.97888715427963,36.89161887270588,35.46917184449039
573,29.3,35.685195078028684,35.684974229458305,35.397126515105555,33.791079189951546,31.54435241973127
574,36.0,40.577592155955,40.57780685286364,41.01192718657055,42.16087027863263,37.51093872426932
575,34.7,31.25364539286448,31.25401412252738,31.80334252606053,39.33287607263425,32.74888956931605
576,34.9,29.42715350991162,29.42781979055094,30.35930889479528,37.24222455551457,35.76825293217385
577,55.9,63.62992880015628,63.62987729241206,63.56258653549821,62.37786453374567,63.62993510048105
578,48.9,65.53971626014676,65.53967776358637,65.5068944035807,63.86473329825751,66.51617772832392
579,52.2,60.354924918054266,60.355003423452885,60.44813357337247,52.81978728735382,50.11622575379002
580,57.0,43.392931921545184,43.39355497932711,44.39349793350912,47.52631516873852,34.27030116849906
581,60.5,62.67333094525294,62.673318602440375,62.68716231413472,65.43942113771692,70.26359052631702
582,47.3,60.9588419158362,60.95870506077087,60.76045574272794,65.0465888856294,65.65291792087297
583,78.1,58.699384525885165,58.699273736389145,58.57975073532128,69.11957086852765,73.89028367954339
584,68.2,68.15820375936717,68.15791970560764,67.78619825856887,75.39376782901434,77.68741207598319
585,53.2,63.47276884765592,63.47262562179431,63.28265978898962,67.72317953216154,70.44147524009091
586,32.5,30.649782308292902,30.65041272460811,31.673822546452847,29.759305819805817,29.632921626186004
587,38.0,35.80269478680523,35.8030557913026,36.34929188281821,45.079525157578665,39.43539718843945
588,33.1,23.55244249064114,23.55309310954781,24.4771583467734,32.21185047518606,28.48723485743531
589,61.7,67.29844425370239,67.29831389226077,67.13677341066408,67.77302504779044,70.15630423011967
590,59.1,72.96823898766444,72.96798590562811,72.64348937237637,73.2436048398687,72.7670184073751
591,66.5,71.77775823491456,71.77760336450389,71.56646569735173,62.82469962374519,56.26895802476716
592,62.2,61.35086668459019,61.35067455808934,61.08785690510362,68.98435160405907,71.2285065197731
593,69.2,63.22598052236901,63.22586963525072,63.08166263425916,66.46269874048568,69.35338367351974
594,66.4,60.58410501590693,60.5839573914938,60.3804459108201,66.97746587337227,69.25750979217733
595,89.1,60.49760262022443,60.497432136843216,60.26605171972805,68.31388740405885,70.9791906169859
596,67.5,57.0641455081705,57.0640622277687,56.941471476606665,63.30204637793745,64.95303230152527
597,61.9,66.13233921852833,66.1320739632765,65.77031121167363,72.24669874231381,72.93318904322146
598,27.9,26.102589985390185,26.10298683526401,26.752354544885694,21.684788743791373,24.214570990592662
599,38.9,35.50695603726762,35.50737201369362,36.13035412007592,44.72908400776523,39.118861350232834
600,32.3,26.640355486156796,26.641095783872277,27.73332282185126,34.09366910592338,30.545171139682594
601,52.9,64.58394167362607,64.58383737096952,64.43907319576438,63.91027061113505,64.16864847962202
602,56.8,65.58557508292407,65.58550673267565,65.50294138146702,63.87688724244904,65.50647296027378
603,54.1,70.65120223030564,70.65114298655782,70.59733401646666,63.21446549793672,62.56529888022047
604,29.9,55.6619404717045,55.66184672442655,55.738783153971525,54.91144817172179,32.350331009916005
605,51.1,46.73339398631213,46.73375099503101,47.37236901397648,53.112470587882925,42.24894606733565
606,54.9,58.33356799134107,58.33339432191268,58.07911314094613,65.65330104441678,65.74956486323859
607,66.9,68.75486475738504,68.75441264169184,68.17713804626659,83.95901471885553,83.89283848454139
608,42.9,60.0745351510794,60.07426818224137,59.74695421162817,73.75045466149109,76.8846661342433
609,57.8,60.59962374287407,60.59942958599623,60.3234224927819,67.5489291169713,68.27700548126373
610,36.1,37.07084887785922,37.07131061963732,37.874123148769634,36.39956494430919,31.54890570002104
611,38.9,34.28566673029061,34.28610143464589,34.933895442763934,43.39517520032197,37.52462247567624
612,35.0,27.876786564131105,27.877562599359983,29.030577267825777,34.83730017964088,31.26980186434972
613,66.8,65.69488723409076,65.69479439176578,65.58302418776996,66.05868956299335,68.7667410503083
614,61.9,69.28045376183985,69.28037617950513,69.19303758039561,63.70943632179088,63.55695098241191
615,66.5,70.37193615950314,70.37182904351813,70.23402291806526,62.57876199646007,59.31462951426798
616,63.2,61.868281037438464,61.86803158143182,61.57585032882695,75.35231581900732,79.235878111973
617,59.1,63.66543173475294,63.665211108398736,63.377675748616326,72.21739843546318,75.81797560328701
618,63.7,59.70232747526569,59.70224445482211,59.58171402614454,63.4468278902006,64.99028072671277
619,78.8,57.487086814186654,57.48693958277218,57.30239774008005,68.26962022544419,71.89610757255119
620,71.1,62.94418214091248,62.94397645209111,62.66669399878237,70.20297349156604,72.7227985161891
621,71.2,58.45826409914922,58.45812611937687,58.29874678988021,69.5227357136642,73.95302072068822
622,37.5,38.85242772855153,38.85279163460496,39.53915405740646,34.10234355164633,31.058869380259157
623,37.0,34.905078253023994,34.905406499745446,35.43430982887008,41.74424674997017,35.88316786690771
624,31.5,26.48263485573584,26.48321336282177,27.32098891129805,34.803347763162606,29.303330476789966
625,47.1,57.76311893995762,57.76324000148789,57.91902273645201,52.93097980736327,52.28816366985407
626,41.8,48.5715281835097,48.57185205272202,49.0104445779248,47.43022763767511,47.783151447010056
627,54.3,64.85386673123293,64.85379397663033,64.74325134657956,59.99955928355546,57.206311031138426
628,55.1,62.923456895743456,62.92313914660652,62.50432910861674,75.24881564522917,77.57442469908452
629,56.2,65.62093772452711,65.62066332021513,65.23384967162539,70.65919474259792,68.88699966110576
630,67.9,58.35094392720788,58.35088508338268,58.26190346270327,62.301265504840174,63.81244318371242
631,79.9,57.17458551281531,57.174478132589314,57.04369984459662,66.99536954349922,70.80933899487641
632,67.1,53.96076487154147,53.9607130076562,53.88849290722524,62.53377412867189,64.62908312840332
633,77.2,68.26433985804006,68.26404346136148,67.90552006225222,79.68322871124815,83.92128427379171
634,35.4,34.83111637621791,34.83165093091088,35.76315011188622,28.208736383937516,29.60620736142405
635,35.2,31.11535220812152,31.115793175373035,31.766645403364976,39.74703363718654,33.32728525050371
636,31.8,26.336737522118817,26.33734898442004,27.238305203277022,33.80410745073462,28.67954881631832
637,44.1,54.9511486386301,54.95130907117881,55.153458416522994,50.777835942087776,49.74020056180885
638,51.2,61.576831287965575,61.57680814310001,61.55135594373188,62.25655036337124,64.7695018264541
639,59.9,58.09614375648143,58.09615071134748,58.08251354808834,56.56136318610673,54.88927432517008
640,52.9,50.46641307535987,50.46629904130052,50.33878471619671,62.701599345528514,63.401374262867336
641,51.2,55.66649668802978,55.6665295412221,55.73788309344173,63.19458879563065,67.28438429080703
642,67.9,63.99138840689108,63.99115203607784,63.66807968781866,70.94106253784668,72.45176829265725
643,59.9,61.02876613525703,61.02868591852514,60.93238544433662,66.29453707983208,70.35512952235254
644,79.9,53.977206590784775,53.97717442575311,53.91788058199796,60.2434893864801,61.03873580633368
645,61.3,63.98701919443063,63.986805283430186,63.73032860127978,74.541434604868,79.65048999098067
646,30.0,36.25263008602272,36.252490957201374,36.134602411653006,29.17528390080613,30.80141078768296
647,32.0,36.68298999194697,36.68270625608632,36.29533591341402,35.36841342178382,32.57438651082494
648,38.0,40.25760142378672,40.25796606092548,40.96568342291183,33.00510228259529,29.126132483776612
649,35.8,33.82964760110417,33.82961184196065,33.857867465313966,26.89593711551549,28.63485793334385
650,31.1,24.26042809235228,24.26111991930204,25.273793034420954,31.6611395129191,28.1641945402379
651,56.1,70.19584463634692,70.19559581948195,69.87219801870346,73.2804103957092,74.46998256125804
652,57.1,76.54282548036126,76.54249328010926,76.11407200077268,77.10793679039276,73.6706095218207
653,60.0,73.12716478795645,73.12700493713393,72.92504431882114,65.84773525924133,62.177827648744966
654,59.5,57.758685301373134,57.75843950968069,57.45487240218897,71.23934586911615,73.83806777713576
655,57.2,57.07336925523136,57.07320408500144,56.8468348884588,66.95881075241404,69.1104763626901
656,46.2,45.94963732270199,45.949962077427045,46.39553233640021,48.86945042054226,49.22872214841223
657,74.1,46.88718859530927,46.8872089580637,46.93175784990744,57.997561369646974,57.786554499725895
658,55.8,61.03204399763898,61.03174219357736,60.62277490391993,72.78280930999225,74.15031743962405
659,58.3,59.22765668806106,59.22762474155617,59.18676144943119,62.74780016137418,65.57845167330302
660,40.3,45.447364705041934,45.44741926457005,45.69333386627474,42.32654649689533,36.362232072368414
661,35.2,30.8838604803195,30.884419696832715,31.760227100970184,35.73654455139547,30.61583677925742
662,30.1,23.046211103366744,23.046891919033055,24.01450920057119,31.69585937846645,28.643634117052585
663,44.2,50.7369658461956,50.73724739993513,51.09912089698308,45.11571157602858,43.55469778065995
664,47.3,53.48789702585765,53.48818651334278,53.88346896076922,47.43095813373955,47.14936454977865
665,48.5,55.02743139847864,55.02758202518061,55.22843615191701,53.60079611965739,54.477503818630026
666,53.3,51.36783340597597,51.36773570029856,51.25847483140789,63.4576311067325,64.8691986883106
667,47.1,63.99795208105802,63.99768358579149,63.63527790639138,72.84737110579582,74.79573654247102
668,47.1,55.33886461934473,55.3388230108843,55.26694613457437,60.74450824642551,61.60613646281959
669,75.8,49.763213844714656,49.76318624379081,49.728725158730256,60.27567395781893,61.12654502841284
670,60.1,59.72296018760362,59.72283010231219,59.53849701924709,65.55978154570448,67.26985793842428
671,61.8,57.78848955126288,57.78845365012033,57.73094034102583,61.3701628070174,62.90253063516607
672,30.5,35.02695184048484,35.02738178264634,35.78901176033915,30.725383283408853,30.738999023078435
673,30.8,28.21349847135445,28.213603094740137,28.3371103665948,33.03462076241379,26.54038132792479
674,33.2,28.694773442548865,28.695431734225835,29.680375765453192,35.95109141090324,30.801777856293853
675,47.4,63.61073376108095,63.6107215237646,63.6110079216684,62.76744167159588,65.72683176874048
676,50.8,55.26288325732425,55.263077751775,55.53067724919244,52.338569307646885,53.28733771865441
677,51.7,60.79113894500623,60.7912607143542,60.95329817734711,51.811383009399705,49.74115120572165
678,37.1,63.67265563812163,63.672310538148025,63.34942786536864,74.82162824957085,57.52449298109801
679,52.1,29.781841523417924,29.78295285009422,31.46352558623828,30.03202343736704,28.53652438110853
680,44.8,46.90002953076886,46.900351710412565,47.41392133934369,55.15484274048261,52.935761110921845
681,69.9,56.00025903473808,56.000052139492894,55.74092053475236,68.85421861593204,71.29250329629772
682,54.9,59.52595951024176,59.52580856898044,59.30911176381622,65.83197910452438,66.93234011319069
683,69.1,56.793469111241706,56.79341316115415,56.72041958580466,63.86622751098801,66.90264609614601
684,35.0,38.7511276837264,38.75164617566342,39.68761916741363,30.64372478516641,26.52807751285266
685,49.4,39.319993738349545,39.32007208461216,39.523520869209946,42.20395142819213,39.04201216315468
686,29.9,28.404050560732745,28.404236516615565,28.66081352455935,33.94016735534803,27.16845925932725
687,54.1,63.579217943464485,63.57920750952384,63.56633394790751,59.60495041850504,59.7470489149629
688,50.0,62.89161826120015,62.891646825593696,62.95276468700541,61.70099115708963,64.95878144742088
689,54.1,57.66784394804931,57.668079370775786,57.98695473824769,47.105797726033344,44.87176550831933
690,55.9,71.56741803259132,71.56683340073526,70.84623004909942,89.9456733197672,79.78187156963773
691,53.9,55.575803658716985,55.57575628780216,55.63380290772071,66.40085900067271,61.40907262640772
692,55.2,53.40292631797384,53.40294334163265,53.48218550834733,64.61835734797623,67.05981706007893
693,51.8,65.66343918874728,65.66298241736077,65.04549955266945,79.45186649662453,77.44748661629379
694,63.5,59.81283084603061,59.81253463978327,59.39913733458776,70.86142151949338,70.82381866118536
695,68.6,55.79221127735353,55.79207347777796,55.596056979921215,64.96874511772913,66.4032026741626
696,26.1,26.592101680543045,26.59193167656288,26.18909212386255,25.969657170306967,26.880613108435483
697,56.9,59.56549645809625,59.565682022491714,59.81718931328531,49.02250855090367,46.66735346720739
698,59.1,60.000944679439215,60.00097784005415,60.048835326670016,59.185870029282285,61.01792149119788
699,39.9,46.39446288402057,46.39489265203308,46.96754216845876,40.936467138287824,40.51299370930533
700,53.2,62.72101640704523,62.72108282485053,62.80825017791727,54.13603829074466,51.92388175076045
701,53.2,59.66519329054236,59.66514891986422,59.59048638684121,60.38952842229715,60.39834766133859
702,33.8,30.99114730398688,30.99150148583377,31.374675445846197,33.180302541143135,34.5538251601794
703,48.9,55.574393885123,55.57463870110509,55.907163569419495,48.37703269212183,47.6590025029756
704,44.8,61.13588455896682,61.13595750295325,61.240108484776016,56.63466889661623,57.35431731518034
705,36.1,43.47010674508479,43.47051771855651,43.999419232982646,40.12026620216519,39.62297649855751
706,47.8,50.24902185157666,50.24939119460576,50.7266187862718,39.006147106822034,35.803560322357185
707,52.5,68.79801513736251,68.79792447839374,68.68558026606206,63.384100253631686,62.52255621090731
708,66.8,69.6782362824764,69.67811937313198,69.54468614436581,67.6121186917079,69.45297514134577
709,67.2,70.20421924723573,70.2041444879182,70.10821805656595,59.806530356152656,55.02583020709349
710,66.1,68.77325260960714,68.77316798483346,68.67592802451325,64.48709280623339,65.03342367433575
711,60.0,66.32847714586464,66.32846658675506,66.33484657202963,61.84513174061564,63.37542684012729
712,60.1,66.69127951117333,66.69125911012105,66.66127968707193,57.09423772749744,53.18827947297464
713,45.9,64.50205206607187,64.50201942597722,64.45476168840223,59.53790345946486,58.42093031812252
714,58.0,63.77270628545307,63.77273171431686,63.81885050924648,59.30780240736056,60.42679712239547
715,58.9,66.58051607620646,66.58047494225728,66.52608545626107,59.55828697147786,57.53247828291856
716,50.8,60.39812691364426,60.39813260954999,60.399728754076165,58.88226646075631,59.41127644503209
717,61.1,67.32835637371633,67.32824182634108,67.17314398151605,63.76027514927136,62.59608053009575
718,63.2,71.97176995484388,71.9715975224365,71.72958997585063,62.21207047390488,53.36793997829878
719,61.2,59.392746060067694,59.39270199952681,59.33494750259938,63.225234386907296,66.05667888635904
720,50.6,45.83104724928941,45.83143459604646,46.3375437776516,41.95802418889505,41.37400909331441
721,55.4,57.59438781518605,57.59457271764158,57.84051248343821,49.67535065476268,48.21373987487746
722,57.1,63.48179838344798,63.48180520269115,63.50097861533095,60.33443507422877,61.83980343552972
723,47.9,63.00970135498484,63.00970396297133,63.01751590462847,59.740565280343326,60.636494288183854
724,60.9,66.9445520442333,66.94451675963441,66.89213322457483,57.42962607401749,53.04966785405409
725,58.3,63.66790536496501,63.66789301523191,63.65099914032298,59.3736778625236,59.17640964284797
726,52.9,60.6345491619872,60.6346403868523,60.76489795052544,56.05756540091958,56.88919615809132
727,56.7,70.43857462652278,70.43844461227994,70.2675927938078,63.72705031782498,60.53324400438137
728,56.1,66.60276240216912,66.60275053274385,66.60098268068016,60.382965483975326,60.46386468414781
729,45.1,62.00497135748037,62.005015062488425,62.0703046670772,58.10926881387476,59.08332621490186
730,52.9,70.62515085769897,70.62498336106961,70.39834393435915,65.10755995116142,61.26390041835762
731,49.9,63.44804739492001,63.44805304916029,63.45521177121,58.26663836547176,57.71718456405429
732,51.1,60.380463328256496,60.38053352168447,60.47382722635622,55.82326992407985,55.82357164420969
733,55.1,64.78229194112659,64.78234172158177,64.85975184742829,56.51271460055077,55.56895584332884
734,56.0,66.98478143805626,66.98479173412981,67.0074174968896,57.17019838262824,54.7051253903584
735,61.9,66.1943942657656,66.19432207713169,66.09533211279239,61.42051199052505,60.08033429071216
736,64.0,69.1637384892047,69.16366259485021,69.06934392911965,61.59071430227046,59.29880241753122
737,65.2,57.07338130399228,57.07335125319042,57.02473100811811,61.33043507089731,63.07157642909911
738,53.1,65.24004899015256,65.24003364108367,65.23151962462074,61.15008929564952,62.24410929448564
739,58.7,71.5846172942109,71.58447329845008,71.40214655977357,65.53571335393872,63.19134764060723
740,57.1,67.06831713465361,67.06825543090888,67.00004025082964,63.6608320214977,64.90936925711063
741,57.9,63.18954427065552,63.18955802591128,63.21621668916815,59.68495843072254,60.88972735037456
742,52.9,66.6373191789617,66.63723141958748,66.52172130405475,63.142845429349855,62.863821670637805
743,55.8,68.45451169116234,68.45440588825501,68.30935901466621,61.9577497653919,58.72445837583214
744,55.9,64.2951424872039,64.29509351696775,64.22993045350853,61.608990587486645,62.04482093839684
745,48.9,66.92820653294952,66.92811958520092,66.8189970808793,64.0135027730193,64.62862977076216
746,52.2,60.18865863436825,60.18869707474384,60.22521918117803,55.06859210419751,53.01498456857294
747,61.7,58.78776552409785,58.78790104797251,58.982095495196376,55.17870430118518,56.62576555132469
748,59.1,66.62178912620284,66.62172446536873,66.55620406432018,65.4338761093515,68.27854967062663
749,66.5,70.64268544488881,70.64255993995444,70.47550105041616,62.67665779017117,58.34832916261362
750,52.9,57.16668554198901,57.16676542668189,57.26269014183552,54.92339658172718,54.70221420870544
751,56.8,65.20028905398155,65.20022832598137,65.12031553522898,62.06579698776359,62.2596679182781
752,54.1,66.14634127869411,66.14636009733127,66.17728421656172,56.53052666082221,54.012751340265055
753,66.8,67.86970009434887,67.86950630800082,67.59988477277787,66.99471270723987,64.910265998332
754,61.9,74.26457648308565,74.26432252140376,73.93147507996939,71.00129456723457,67.12764716849702
755,66.5,68.85287280760579,68.85279297794567,68.75436911244398,62.41008421817882,60.96976431867293
756,47.1,52.32344859831095,52.32368168875121,52.62705906174649,48.49703092519878,47.87872106543833
757,41.8,49.13411453487282,49.13441479096973,49.5163569080423,43.904229490002734,42.19658974104746
758,54.3,56.828037463610514,56.82809960088814,56.89161161147257,54.470943014897614,53.13432839034536
759,44.1,52.71268192449527,52.7128663683332,52.935216907848215,48.115668967368215,45.75153743882507
760,51.2,62.15452833284222,62.1545264125634,62.15261288219611,59.78367851848113,60.68845011270892
761,59.9,60.03133331557504,60.03130103431354,59.96415790874889,57.851682153945895,55.47561296086056
762,56.1,70.75964239046428,70.75934033606283,70.36007353065929,75.40410954898282,75.56715251425263
763,57.1,69.1290136658924,69.12889479475275,68.98542724672922,66.58075278880082,67.64286857039329
764,60.0,69.77198940671443,69.77190953300708,69.66714962128582,60.14269230327879,55.668662499544695
765,44.2,60.27432269946343,60.27437603210687,60.33482238173916,54.86143024282866,53.24730723924509
766,47.3,60.10101052400431,60.10105692304114,60.1536116882497,55.73411659628705,54.75980554107369
767,48.5,62.68929239513622,62.68925446648073,62.62628919714099,59.20742470171454,57.778316829582
768,47.4,67.4939613473678,67.493837089411,67.34140914163957,67.47722573144492,69.76717950944581
769,50.8,58.70767555598442,58.70772604939114,58.769995984772194,57.07321321425637,57.70015586068908
770,51.7,63.15224797914517,63.15233856842508,63.274816168326026,52.60294804090783,49.66147937334168
771,54.1,64.73848245426133,64.73842728416186,64.66553114485889,61.87995538479235,62.23204872181592
772,50.0,57.15878142393338,57.15886655805161,57.27086214354206,56.31307010383872,57.47738295196828
773,54.1,65.00514327244716,65.00517886171286,65.0575323322039,56.00942294169048,53.96705040586235
774,26.1,26.91583823393408,26.91562787561349,26.463071701582574,25.971795878296437,26.23977368598108
775,56.9,60.40310291233939,60.40322563109366,60.56450022014445,51.6013971690622,49.42973611571793
776,59.1,61.20473740188163,61.20474724734605,61.21084089785052,57.991233725485294,57.686093692161336
777,39.9,40.91523161727056,40.91580830901936,41.683338550737886,34.95477857262162,36.30055895716501
778,53.2,64.71668265719278,64.71675291724014,64.827708679039,56.401366045032205,55.99783737779868
779,53.2,61.21543068137143,61.215378327377,61.12411855098526,59.07778010070891,56.942957599559264
780,33.8,29.940956400472587,29.94157690222019,30.72665716468337,30.13769348042553,37.52203514986573
781,48.9,55.20282470464575,55.20310211224872,55.586142186228656,47.8370466835902,47.37082034608025
782,44.8,64.9129855966677,64.91287696700691,64.75258625069466,62.03125538299981,59.67916401889593
783,36.1,45.1951191088729,45.19546558030605,45.63758956282875,42.866459128912,41.9542622105902
784,47.8,59.41310964606649,59.41325838983772,59.614028323261294,51.55095582687942,50.36412190018305
785,52.5,65.75589214151395,65.75586280309301,65.71715243927666,59.30628038076682,57.791773066196725
786,66.8,69.89895078174831,69.89876238718918,69.64603465878646,67.52446609092847,65.73106329586804
787,67.2,70.91692497311519,70.9168022203971,70.7460558691637,60.38223457008905,53.043210171973584
788,66.1,68.06392694531174,68.06380095359886,67.8917183079821,63.71406374523411,61.61253113278795
789,60.0,67.16428576548981,67.16416747308911,67.00661871828686,64.65845441315005,64.39220605869119
790,60.1,69.84283770293693,69.84267572369059,69.61242503184354,62.72153045783012,56.26091786177781
791,45.9,64.17686573234526,64.17679090653368,64.06776752189444,61.47951606800004,60.530236642195774
792,58.0,63.92781507430959,63.92784195529634,63.97834710964446,59.60790837340805,60.99493549754985
793,58.9,62.437557759416,62.43759466533116,62.470120314775855,53.03283011772927,48.19526634985155
794,50.8,58.53817278283452,58.53827745098859,58.677899506934025,54.70945707005904,55.03693550071617
795,61.1,68.18306926029499,68.18294016042522,68.0109493816819,64.77768197578683,63.750042772312696
796,63.2,69.41741098023284,69.41731396715933,69.28128943485262,59.79566543598775,53.95599074625639
797,61.2,58.53446686658072,58.53444374148161,58.50068277578629,61.67358710385757,63.90454465170038
798,50.6,54.44859286728682,54.44880320407916,54.734135508543474,51.13723423050416,51.66213965125567
799,55.4,63.90679961934019,63.90680508070308,63.9194634697562,59.19470978136764,59.48970356681744
800,57.1,59.824215341092014,59.8243112480538,59.95489214846008,55.04539222161377,55.25822491791328
801,47.9,60.18987371542829,60.18996426426284,60.32628055456412,57.72372706435361,59.88709650487286
802,60.9,69.28972991445369,69.2895908337393,69.10406031759527,64.69893073753013,62.62240262020637
803,58.3,63.099635980107095,63.09962182004966,63.07236754928188,58.174380459221936,56.679250294007176
804,52.9,63.12268131332064,63.12270009646974,63.15555361751893,59.279740571954925,60.29513253412293
805,56.7,65.45592551789797,65.4558965140966,65.41051527882026,57.89205908508519,54.81709131650783
806,56.1,67.58290119182654,67.58282735542818,67.49780896734616,64.05633391026225,65.05043122978819
807,45.1,64.1159562079223,64.1159474544008,64.1106404731222,60.25617964050208,61.00819492107908
808,52.9,69.39187372201941,69.3917629488691,69.24297489686326,62.25559418832161,58.77503567358068
809,49.9,70.19289739800959,70.19275061227783,69.99745514474259,64.72419425899594,61.87216485470995
810,51.1,61.3823501474716,61.3823768144909,61.41695246746089,58.00526438104423,58.37478589743401
811,55.1,70.12420473744453,70.12407479923088,69.96242643024388,66.00074298885286,65.56266678943862
812,56.0,66.18403189565828,66.18404237716217,66.21030232412754,58.636227697895926,57.95525576087235
813,61.9,65.17653080406808,65.17649408346851,65.12685137992821,60.02813129525782,59.11424315298351
814,64.0,69.54140658372056,69.5413141248562,69.42061253339249,61.560980304016354,58.21619738085352
815,65.2,62.785340137913295,62.78530122643589,62.72703571613606,60.45691656430476,60.38452385356064
816,53.1,64.73983830074081,64.73983345438914,64.75213458059434,62.10435876469142,64.47903415739998
817,58.7,68.0234301376864,68.0233934570874,67.98393537523226,60.09314781284882,58.40020387446853
818,57.1,63.63034869970821,63.63038174630198,63.69313092560361,60.17882092381146,62.26727446128567
819,57.9,65.06064804046453,65.06056443156125,64.9495271476144,63.5510022953381,64.31737537895165
820,52.9,66.41175692163525,66.41173852903759,66.38608226828758,57.57849745799258,54.43483360554379
821,55.8,60.510226882599,60.5103535353036,60.69752017018607,55.660343521230544,57.01891708176768
822,55.9,64.62655576284105,64.62647771534822,64.52266079114831,63.37124123179808,64.29705449568715
823,48.9,64.99088789859022,64.99088133986521,64.99784961334726,61.46539616273456,63.193403060896486
824,52.2,62.38293220442903,62.38293839923677,62.37065865755794,54.48245492784034,49.73497549725212
825,61.7,66.17812132392432,66.17804861739107,66.09214257162193,64.33242895082932,66.0720741113029
826,59.1,70.27157829903894,70.27143922994867,70.10631761638102,68.37270772450178,69.81370136871479
827,66.5,66.96688309241192,66.96688903501729,66.97783423303028,56.12207834182984,52.30636543020515
828,52.9,52.97583193488117,52.97608198401748,53.32327448662837,51.05646714950354,52.15455482834946
829,56.8,61.08883890807279,61.08889005856992,61.1650159684116,58.32661142545578,59.85643963728504
830,54.1,64.82804100215667,64.8280590025925,64.85226642299912,56.43058992644169,54.136332853510936
831,66.8,64.59838276050016,64.59828539819226,64.47003774728744,64.8608644216462,66.48147515404267
832,61.9,64.54915564850356,64.54909666989083,64.47347089168177,62.71287671004846,63.8088577117334
833,66.5,64.19858344895462,64.19855016841338,64.15614455065126,60.98142738470849,61.46186364991004
834,47.1,46.06818396372599,46.06852055485135,46.49936044311394,43.395035909316896,42.45647954687334
835,41.8,48.59236431511815,48.59260635987813,48.89769093348698,47.7305616998598,46.88629231416522
836,54.3,61.07434421897851,61.07430312154422,60.99158665557623,57.059925345318966,53.03055214075644
837,44.1,54.3838873458773,54.38406134435739,54.60690662010704,50.74902544376731,50.12851123212491
838,51.2,48.22047095156911,48.22074572372949,48.57086688300339,46.30490656037895,45.41158582220047
839,59.9,59.55179944002055,59.55191160143529,59.716752195172845,56.61630649746231,58.51568499237615
840,56.1,71.04738829980339,71.04711238398902,70.68307310213136,73.81863739399046,73.65210848329585
841,57.1,72.73242898073258,72.73217628144445,72.39897639674301,71.45885875138435,69.10897905582456
842,60.0,65.34309877884694,65.34312856132854,65.39017442973385,56.731660035710135,55.11532545808873
843,44.2,50.867371236456734,50.86763689918982,51.20441904987389,45.26347726045511,43.37391565578324
844,47.3,62.71277743217547,62.71277998596702,62.71817568118017,59.4437584782584,60.10003179067931
845,48.5,61.8834219353257,61.88347217444657,61.94838887886664,55.826295911030925,54.86355108284184
846,47.4,57.91085437720862,57.91100158331382,58.12136711043013,55.02237704715912,56.6714481681403
847,50.8,61.685317943706735,61.68528595325655,61.64264456321443,61.76820057344565,63.501114136225766
848,51.7,63.34292538652379,63.34299656193423,63.437321080676384,53.418552571407794,50.507152670378815
849,54.1,65.15818989444011,65.1581809000237,65.1704331920137,63.20329994389021,66.19995509437572
850,50.0,60.77647477993432,60.77650532966887,60.82263787943039,59.32175038370583,61.11321342758961
851,54.1,66.33990415467083,66.33997296831146,66.45187231036763,55.71583343919955,54.05693518781041
852,67.0,73.55702067472524,73.55672092177215,73.16979284209863,76.0181406784746,75.4538964147279
853,68.3,76.49909059920986,76.49880252426757,76.12963356890243,74.02017078159359,69.98843151496763
854,66.1,74.45880509470521,74.45866402289228,74.29909474168738,67.2141590362618,64.96946853707337
855,43.1,61.50995571961416,61.50983286706908,61.40160841345262,72.81040898257409,77.78592998890522
856,53.9,50.03853572739668,50.03864902130671,50.2321768799947,59.82385022398304,61.45634037023697
857,40.0,40.50267627585736,40.5025865902007,40.433323269247325,45.21211469228137,42.2304824184429
858,72.1,59.96811752104125,59.96783827336942,59.60167274942664,72.63043810625706,75.10098402883901
859,73.9,60.65909627191148,60.65887396000258,60.3620294831979,70.74601060282384,73.59325259968605
860,67.9,55.91842478590317,55.91830986261792,55.78728028181182,67.35484036276755,70.94118233568693
861,59.1,64.85641952205549,64.8563684466416,64.80141940248731,64.00559753906204,66.55744257750044
862,60.4,71.46377139422994,71.46366120892826,71.34392886856244,66.92015162178586,67.46806006582042
863,63.0,66.1123328483389,66.11235827294884,66.16157752885177,58.23350296786296,57.69867071396871
864,53.1,50.65154012270084,50.65179087597833,51.17000200858746,55.988024342280966,41.20882690831709
865,48.4,63.00097241232806,63.00048524499263,62.42168420366194,77.33248611832089,69.26709168493986
866,49.6,52.83107855754134,52.83080215825853,52.54486831514616,61.44854345872717,57.425469715918695
867,61.9,65.48454685466179,65.48402878348591,64.7798712616375,80.36290204143832,75.82712723529872
868,55.0,65.04286611022069,65.04238471722667,64.41707969477619,80.98520763847642,79.22458803399073
869,67.9,51.6359801226483,51.6356582714101,51.24852791929282,61.869469629909375,59.466952978546175
870,29.1,35.738112561501254,35.73797772121429,35.612233279530926,30.670925520419463,30.92596838733403
871,27.8,35.11256489302724,35.112449434114325,35.01915923155467,28.781921342041866,29.843219838916774
872,52.8,68.61189105379886,68.61176967673057,68.46030073685452,66.11452676131715,66.80287808881545
873,56.8,70.27544222881136,70.27528714020397,70.07867912247049,67.41417357684477,67.20249850166434
874,58.1,73.87424304892401,73.87406011815298,73.6496288274917,68.9527194298818,67.06404647157174
875,52.9,66.52300475386657,66.52291360065185,66.42237441717516,67.23688925148139,70.75704682612846
876,65.9,73.85624817804033,73.85601541702692,73.55174419830048,69.76909615126128,66.00914021626446
877,69.5,77.58649467432409,77.5861668316818,77.15768948527992,74.86520848475547,68.28420327633572
878,28.9,29.93104183741571,29.931486412650735,30.69599205305301,22.79705328347754,29.028031155491007
879,24.9,23.470100729724734,23.47013647380918,23.525391438464773,15.338524891543114,15.457982668675708
880,31.2,25.6196351443035,25.62010352046429,26.27762791678404,33.966992138037824,27.74950297307205
881,49.8,63.6271118821483,63.62704617613616,63.54664406588398,64.3527586228735,66.95091221257385
882,61.2,66.78164353952076,66.78154055508577,66.64531611857419,64.02366053206573,63.93311253666903
883,57.0,66.91847625093388,66.91849473145045,66.96297714719122,59.10770860502932,58.86530199040786
884,40.9,42.65434545992166,42.65417945690954,42.55837031786433,33.3570756284839,34.436885951056105
885,29.7,27.39447776131975,27.394869315786547,28.00502894349015,29.881486571639257,25.649906100995707
886,29.9,27.95704918076671,27.957509464098607,28.654887810076964,33.62279607798547,27.842410222911692
887,48.0,41.66295667828293,41.66344308937521,42.30869136299742,39.5015194425403,39.98075095116033
888,50.0,56.46344359473156,56.46354271744903,56.574396044765095,51.91339977331214,49.55518696071809
889,55.2,59.695141288134096,59.69518967170396,59.73680897767602,52.90978241502497,48.93091010815184
890,35.8,43.78805645167019,43.78824252628081,44.239605854629126,37.71255641943782,31.54763238734327
891,31.9,29.789114108865945,29.78974121702783,30.73924413314997,36.66953956519206,31.093591295337006
892,28.9,28.050814414802023,28.051062768452592,28.408159620778253,33.626306537922,26.845408488604704
893,41.9,33.46933760482622,33.4699097318514,34.20422496294424,33.70412115780761,37.386789344092136
894,50.0,58.9591656230832,58.95922871293725,59.02600521781497,53.6172293994584,51.24595469754709
895,52.3,59.25202588947708,59.252102035919904,59.353946242627714,56.21685716253516,56.89691455638527
896,21.6,32.153077882315856,32.15294695298903,32.03332023991332,20.183495553781874,24.676017309615386
897,28.1,33.30457511970112,33.30422672908971,32.80774497910354,25.87956158958879,25.37946854088321
898,30.9,33.82386984472395,33.82416258342735,34.38542600588673,24.96179909199234,30.25966060576032
899,27.9,26.6738629160864,26.67415982777213,27.183692106677142,19.01357188753176,23.53386691293137
900,29.1,29.363636552850583,29.36397938926897,29.88199676692101,35.40201234463436,28.991011988852875
901,25.0,26.768359170109854,26.76808619533348,26.22649197993711,24.19126451970787,25.46581189500725
902,37.3,28.166835064770567,28.16716022428584,28.50884305218792,32.77426790931446,34.280985268899855
903,38.1,28.390052576117228,28.390433746363627,28.81342028917976,32.348313146340686,35.071435305942174
904,30.9,35.84442379062931,35.84456891197189,36.18982943317233,26.55916132196652,30.97858853683336
905,29.9,26.69642312264672,26.696866997407263,27.38502125248006,29.17354367353081,25.417875762437436
906,30.1,29.1090123157824,29.109274995012875,29.475451781477005,36.619608584390704,29.682502901660342
907,25.9,27.2684599098875,27.26822114624067,26.782248946476816,26.08408564972553,25.77162354026009
908,32.8,28.682594621049866,28.68279957018188,28.84604355908809,33.193503271360136,32.607317712052605
909,40.0,26.554677464288176,26.55510781937488,27.0409894673121,30.194102815568165,35.76586579286155
910,28.9,31.10330856622633,31.103798223637305,31.95306532041168,22.38682221475187,30.263314947169206
911,28.1,26.015041712083907,26.015017873161096,26.00031599486363,16.99030780808197,17.995152606581712
912,28.0,29.522585763254988,29.52269112652646,29.64539499487858,35.63777315363849,29.022316093675187
913,58.4,65.58264790811188,65.58258886510347,65.51057107343017,62.88169083513704,63.90531987567297
914,75.1,69.03100813123811,69.0309686140226,68.99769741410654,61.73754310608141,61.188821749775485
915,75.0,65.79891749783555,65.79886642851592,65.72888059944042,60.35872547930876,58.96818989201998
916,33.9,40.28588731886639,40.28588495796577,40.428812257319535,31.66220854356686,33.48523653066808
917,30.1,23.67663505908039,23.676972562751335,24.19027412024198,23.12290858570332,19.964807743848624
918,28.4,30.097110550295334,30.097176389770134,30.15638504164268,36.25359442222911,29.774718327408124
919,50.8,59.91859732633914,59.918615311582215,59.936576890617445,58.337659762870295,58.861174485045154
920,56.2,65.43700273662274,65.43692731483914,65.32620050377118,60.53918659916334,58.14110351090781
921,66.2,62.33893254214166,62.33891706797729,62.31632093014265,60.05066592865945,60.65165284013997
922,51.9,37.2065909849863,37.20630355313724,36.89327726075751,21.17719697870328,27.685453218387824
923,40.9,40.67750618317808,40.677609964800766,40.87575512794294,49.65981841019169,45.8039666477645
924,29.9,31.157426837635043,31.157718600526906,31.573702722203727,39.74297876633111,33.1421220226288
925,42.4,37.41858575396218,37.4190962086809,38.08445687973932,37.72175906048151,38.92072946295335
926,56.1,57.91228890139925,57.91235339890736,57.98033770001351,54.02085314742244,52.24064227865816
927,49.2,62.70747094707829,62.70737154680448,62.55212768494154,61.08379328208802,58.51607980362965
928,13.7,36.15269193213803,36.152549253635314,36.011161570106125,32.32556915887257,31.87381601221312
929,21.0,34.7721599200913,34.77185929340514,34.35914671795483,29.7305978449506,28.41795403342336
930,29.2,30.75283787695254,30.752738883865007,30.693903709899573,13.698734730087295,22.899101592079347
931,32.0,30.62903998411098,30.628947626187124,30.5796380634535,13.635467493993728,22.84403545395372
932,28.1,36.49182684257778,36.49166771485679,36.33073383261322,31.8756215721012,31.882135575785888
933,44.5,41.674405995520544,41.67410149560983,41.35964475020848,29.19136478208417,32.065683176820514
934,32.8,31.48822688233397,31.488486331392146,31.90710782003833,35.67089922333514,30.40330635531572
935,30.9,30.61480840866585,30.6150610851807,30.95718768569049,39.27324515575948,32.73498252854884
936,30.1,26.67182856531243,26.671756656981916,26.396200117083666,26.5400377553682,28.002347182866657
937,43.0,36.90086648540098,36.90127788594141,37.41041435744325,38.55273633423568,38.5013288894726
938,46.9,58.68578874947551,58.685834949018144,58.72782881341189,54.44048872963744,52.21493741702139
939,39.1,45.89832108914205,45.89809027556375,45.72055183153957,37.81310564960549,35.778939315765335
940,34.5,25.59874923211497,25.59924703746056,26.32265250870205,32.739462826894176,26.61164579397351
941,30.1,29.946745508260054,29.947016588456435,30.30794808985315,38.72359952997881,32.30439006897714
942,25.9,27.236785106638976,27.236493097345846,26.673843395977496,24.60148628973254,25.086864672664007
943,30.0,26.201028076187846,26.200872909776518,25.79974174671343,24.40238231642666,27.17806707020796
944,36.9,30.55143883708192,30.551877593081144,31.05798134808373,31.724693555902878,35.37628534217234
945,43.1,47.86800711694336,47.86778574999658,47.71574182188056,41.11362158404173,36.30429369900213
946,42.1,42.39990660434616,42.40007478538475,42.735408793982174,49.28873749501077,44.47033155297336
947,33.2,30.599859327986444,30.60020562778181,31.081382082835923,39.82820962995297,33.63374551510802
948,25.8,26.69015580779213,26.68984753410039,26.098521416712806,23.062275082969396,25.04671090797112
949,31.2,25.724747786534515,25.72470781080353,25.50113684909312,26.384450903223907,28.914914419363782
950,33.0,31.366806195224285,31.366957108448855,31.425829404697534,31.27307383059152,28.948698900910276
951,49.8,44.17989920017193,44.180029921188265,44.52052225455347,43.84333930890509,37.850801193988815
952,41.1,36.99871617750309,36.99864167662177,36.96758028154437,34.8063201738464,33.90535536020846
953,30.8,30.67975614161709,30.67998084333373,30.94803019354314,39.48479287118694,34.032242892792425
954,72.9,71.4063865555186,71.4061567223719,71.11599658751794,73.09033848233742,74.47801677548628
955,76.3,79.44263784441162,79.44225363166849,78.93311376095886,76.59015092158225,66.1520950262449
956,75.9,75.73866817320747,75.7383654888808,75.33806016650529,73.05969562956645,67.40725820907315
957,21.8,31.57036118917024,31.570224983506566,31.44290889636995,18.128259182469588,23.67011823581705
958,28.2,34.69673273313239,34.69644477607829,34.30039541670001,30.294729385691326,28.676546710309587
959,37.9,45.00554663060002,45.00536153089879,44.89322950251152,36.94624003923223,35.58570277260718
960,40.0,41.17719023467719,41.17741703585477,41.5691298055966,50.06390550676768,45.39628141564131
961,29.0,29.220255311565047,29.22049162700123,29.512597243424796,37.748682229018,31.69164435679332
962,63.0,67.86234784259298,67.86220917664903,67.68278232191238,66.72384236591475,67.50145335719495
963,72.2,69.28198813545114,69.28188882250458,69.1699925099839,66.23102406437044,67.64629702722883
964,73.8,65.58191579192442,65.58177880802499,65.39988948391735,66.74803978729258,68.2886759673303
965,39.8,39.94750288955888,39.947848140463,40.61148225070621,35.398774398815576,31.117891055270405
966,39.0,40.78045447498733,40.78065792261685,41.11299048938896,50.73229414782489,46.858254192542205
967,29.1,31.86164447281226,31.86173909079644,31.963176349275564,39.67246848958479,33.28645994969614
968,49.5,52.24964184544592,52.24983918991953,52.5107915871692,51.612638435620994,52.18079829444574
969,63.0,67.14348690684798,67.14336003168627,66.97566119410503,65.51792910584706,65.7876693374084
970,60.0,66.43727501153901,66.43725502030256,66.42851595412654,61.91853078188285,63.198827079161816
971,24.5,27.65231618272445,27.6526992407742,28.31868047098085,17.236416546830846,27.112075036932332
972,39.5,38.95051754839777,38.950732837993854,39.31773427118761,47.23312940277376,42.325909171932295
973,28.9,29.73108687359774,29.731284565540182,29.98143005410313,37.76145318410076,31.1686582801905
974,34.9,27.50206895905937,27.502467021925117,27.97171862947352,34.12631826509721,34.77208514402051
975,49.5,62.09616030585997,62.09623550749144,62.22013928068496,59.20544944071926,61.78471385722074
976,57.0,56.40388550668743,56.40415866920546,56.80121701653984,51.191147477638296,52.10674343239148
977,29.5,29.90070068430751,29.901195870141844,30.742590846536245,23.150696733899142,29.477093403737115
978,29.1,29.77588724742186,29.775856114681137,29.700599650610524,32.98428178790718,27.25954565442825
979,28.9,32.73184591838893,32.73197975782077,32.902796684878766,41.11917563464874,34.85230465197915
980,32.3,27.956559724617414,27.956437388372223,27.64075470453698,29.68082498610466,27.47442594705754
981,49.1,46.656115931913845,46.65643978750681,47.07894945420233,45.4115731017782,45.02655070107826
982,42.4,50.80319257941974,50.80344529348015,51.11896319707422,45.313862038983096,43.09411165592351
983,37.8,42.54425272618344,42.544109790455664,42.483197655615896,33.501558442933415,34.489703745573166
984,34.2,34.24132127606754,34.241665573827575,34.76658024187179,42.87104710194858,36.74850836295005
985,28.7,29.935939202093223,29.936088626071275,30.097938023874825,37.886620103104434,31.736217130612573
986,68.9,66.7413965821941,66.74132126882915,66.65672873922647,65.13965561435418,67.36026037477055
987,78.9,77.02678296259609,77.02647265943975,76.63144321128401,76.12844599542284,72.6116158535871
988,76.1,69.31932125928317,69.31910448280972,69.02347645809695,68.73400255140122,66.8809985551226
989,40.1,45.58995030446849,45.58962174804447,45.25990575643476,35.78402760521909,34.72244897915012
990,34.2,35.033418744240095,35.033857856588455,35.71138169735635,43.32795794362172,37.00324791973517
991,29.5,31.01970013450834,31.01988241683832,31.237671895464302,39.64503836510438,33.55950865033256
992,67.9,65.77463454835252,65.77455771910051,65.68182953180653,64.55968059208864,66.46463352420247
993,72.2,69.86675052483974,69.86664585069867,69.7510242267693,66.93722140637348,68.51948758943686
994,71.2,63.30046309336524,63.30040839811251,63.22509332086992,62.00771926469322,62.79816971386313
995,60.9,61.50021766460826,61.50022525255811,61.51456595507227,60.19753811223879,61.92662033011143
996,63.2,67.51416905851069,67.51405215052478,67.36159422126086,65.02938637135367,65.1445798612032
997,64.9,59.9306501928437,59.93062551859532,59.89171085423281,60.88384764847838,62.22827970213726
998,33.0,38.60682881280101,38.60653178172316,38.2787567418598,25.52646264060478,29.786536157825463
999,26.1,30.8473053957304,30.846923931405044,30.27025495059293,22.21899180488851,22.34761269831065
1000,35.8,38.74666259464276,38.746688801944245,38.92503426148444,29.6263594519442,32.59776426958458
1001,33.0,29.85139362804823,29.851583634142948,30.122711962244544,36.014093592453264,29.32481512491964
1002,30.1,31.160121841796677,31.16034095294248,31.430031965016,40.10451468520492,34.3216459751126
1003,46.1,45.63460935544565,45.63495963796112,46.09247882011276,44.307856354173126,43.93606885722434
1004,57.9,61.05069178168365,61.05073744899475,61.11193941086215,57.19352456811431,57.52935636741964
1005,54.9,56.998105095949526,56.998188854143166,57.10660952838066,56.1431754102548,57.13162952729104
1006,23.9,26.05676733363497,26.05692003462689,26.359423339742523,11.148268971869872,21.08208331458861
1007,27.5,28.15070307150589,28.15067224331434,28.08213729928757,28.832073560215267,23.95196953798728
1008,28.8,31.06266410208225,31.062803651710176,31.21548336483084,39.31658797304111,33.15032430725424
1009,37.1,28.82227072298221,28.822714821789347,29.351234570700143,33.45064937840595,36.04783167872134
1010,48.2,45.73868515250631,45.73904777019816,46.21093781145987,43.21397318551263,42.67435906385904
1011,48.6,45.97026249568498,45.97054536325817,46.29737848741229,40.20656135046998,36.05299311757986
1012,27.1,27.88811390154461,27.888168448327757,28.049759052619404,12.179663939493809,21.664163942687427
1013,29.9,28.60828869940244,28.608330201370563,28.66948800547287,29.22875227211541,24.396905651644687
1014,29.9,32.46486285857209,32.46517057501614,32.90539347828866,41.65135023647118,35.45276132972609
1015,30.8,26.91629517407512,26.91632013829809,26.809803582009216,30.17551513400354,29.488973370070568
1016,42.3,31.576291274107817,31.576741089733048,32.1262168927789,35.48710247476467,36.938910069164336
1017,39.9,44.14342834953421,44.1437189963447,44.51202124077139,46.09171922382506,45.26391541645822
1018,27.9,24.92640195097738,24.926684607771477,25.42244815385125,11.90732453188934,22.31688065571817
1019,29.1,28.232929574670106,28.23297316924608,28.29431638822269,28.77481177203576,23.90569576573759
1020,31.5,32.34614128824721,32.34642439985373,32.76635095857663,40.57501290278524,34.13339908969638
1021,26.2,27.256510117821765,27.256186132755083,26.650058253265552,23.707993302046773,24.645910515107342
1022,34.6,25.70922107024369,25.70975631651619,26.368276174346818,31.144620490859516,36.62474197258794
1023,39.2,26.177456910498805,26.177886914379144,26.677111437399184,31.669788821224785,35.28551209824414
1024,31.8,33.37634149406158,33.37651961614564,33.75885663962116,23.264772002887256,29.317392696628804
1025,28.9,27.17370825734794,27.17369083144636,27.11258660724296,28.25439962163835,23.276620545765667
1026,32.1,32.08987368950761,32.09020384610062,32.58669564388054,40.07803737063939,33.60225675215466
1027,22.9,26.8238878108248,26.82349276786222,26.12546653898592,20.20754152567663,23.49059504720857
1028,27.1,25.02748695370196,25.027463814850663,24.84696904567964,26.96851171458549,28.588674570729182
1029,28.8,23.342533741752767,23.34263987018091,23.353194253108,26.937129499750284,29.751286806195964
1030,67.0,69.56049191070002,69.5603205875665,69.35636614131458,71.63118967209978,74.94667388879239
1031,68.3,75.53638136170201,75.53610036291319,75.1790161723902,74.6920502882554,72.51673530797703
1032,66.1,75.79329382413586,75.79308576359993,75.525403188871,67.02586180339198,60.20150637054681
1033,59.1,66.04877542366374,66.04871433144024,65.98009199109933,63.98077457104921,65.85943264361336
1034,60.4,70.33472811960132,70.33457560614194,70.1429710997278,67.52285218194561,67.52657753135932
1035,63.0,67.07306897966063,67.07309258134616,67.11642833051623,56.72226460677396,54.280434996987566
1036,52.8,69.07691546742635,69.07676939516992,68.8879746431307,66.64322100176382,66.53261564357231
1037,56.8,65.35867285364526,65.35861632277404,65.28650105630813,62.137580164630926,62.55883490988632
1038,58.1,66.8134749573949,66.81348396178274,66.8329609229695,57.09228799588976,54.548885498977285
1039,52.9,52.609992456784326,52.610217421249686,52.910920425469925,50.38557451597207,50.77195636654429
1040,65.9,73.81081175174828,73.81061905291338,73.56364099933624,67.59471587365101,63.70772825609234
1041,69.5,73.54991870788436,73.54973621005195,73.31769692281452,67.3168206404558,63.849400438902336
1042,49.8,55.77832010636477,55.77845867484319,55.96360833597298,54.06036256957933,54.96349490382195
1043,61.2,65.05002419781529,65.04993602870212,64.93372812397831,64.03217135731143,65.10308634793469
1044,57.0,65.88796801153222,65.8880816164448,66.06952244480908,54.80066218348922,53.51827608488307
1045,48.0,48.69691300608169,48.69720540516309,49.07725239514993,46.261636306938925,45.70034225512896
1046,50.0,63.13777012901775,63.13770248489722,63.03128732573072,60.133394558835775,58.1390246427392
1047,55.2,63.7917046285435,63.79176326098896,63.86819555059671,53.71958891338552,50.49208365769587
1048,41.9,35.46937883617437,35.47000713421933,36.3044245227031,34.39343669184452,37.67892606247838
1049,50.0,61.659058103310784,61.65902590616197,61.60624838766397,59.90963210980645,59.71731395016391
1050,52.3,65.38058995339614,65.3805183629774,65.27684757461346,60.73308349854273,58.80316770199275
1051,25.0,26.347794984576936,26.34755663958885,25.85370334026725,24.33294809511077,25.97894331805142
1052,37.3,26.989843134403245,26.99023129067737,27.41637952587288,30.95415054724249,35.08674030927355
1053,38.1,27.43591549975345,27.43642212351915,28.04318151882813,30.68585860783835,36.74655768549215
1054,25.9,27.98047114289649,27.98018797348586,27.430730128164484,26.17467006839664,25.178636924380072
1055,32.8,27.710522258617416,27.71079783349397,27.956803633564974,29.991540990014634,33.1276588622824
1056,40.0,35.36422527729539,35.364824076951564,36.14030085329067,32.68167372856933,36.54018952915536
1057,58.4,65.74998485165291,65.74990853575032,65.6531226961773,63.60161911392646,64.58378711881156
1058,75.1,72.57040789180277,72.5702343266291,72.35025014468947,67.43750137372515,65.16317697011542
1059,75.0,66.5844423065,66.58434690666662,66.44930767653175,61.69745004706973,59.30599847789486
1060,50.8,54.914581477265145,54.91470579270607,55.07069768100641,53.41293076715469,53.430720096888
1061,56.2,67.36034138625816,67.36023622476452,67.22612580456494,64.86587837983451,65.41733774845775
1062,66.2,61.26680642985144,61.26683189405093,61.28952707534259,56.005570533009454,54.24803652429469
1063,42.4,50.7113088722445,50.71154140562513,51.00961661012725,48.45910240216421,47.83850419270416
1064,56.1,63.59598088743459,63.59593307575038,63.52481159300626,60.39072883196437,59.67524645447261
1065,49.2,63.98312889099918,63.98299858285071,63.78828695552501,62.79605059449574,60.309057707821154
1066,30.1,27.01889005555972,27.018826753636866,26.76161608022285,27.53931576569767,28.073060296626323
1067,43.0,42.25228474617859,42.25265349663312,42.71379800453602,40.85979866401691,39.93134503201614
1068,46.9,60.44165274402711,60.4416293010687,60.38033131372086,55.79253464683559,51.264792870187335
1069,25.9,28.2987479996254,28.29841329248944,27.679191669948526,25.37282582442553,24.47360309924889
1070,30.0,25.199174705714327,25.19922949650572,25.10566759156987,26.13594243619189,30.5464387589183
1071,36.9,33.752899968992466,33.75328406925095,34.1861509238848,33.62833136240598,34.42924978131592
1072,25.8,27.469428527577367,27.469058973206117,26.787836004315835,22.640318663768955,24.17895594333595
1073,31.2,27.913965415351264,27.913723834287225,27.4025480780186,26.16322791905089,25.36081140431159
1074,33.0,24.83399330078701,24.83398190623237,24.59849051878679,19.54475678234834,29.26926753549165
1075,72.9,70.33637848185596,70.33619557887074,70.10549455305035,69.91604856003899,70.93282698521139
1076,76.3,75.64861741834858,75.64833346935892,75.27989204207222,73.249536446527,69.214712985685
1077,75.9,72.96387769215312,72.96371984794584,72.76005379644276,64.78446240860251,60.03483819516183
1078,63.0,69.09570431556494,69.09552270136072,68.86270773788748,69.69242619869766,71.05819599168458
1079,72.2,71.44056713986863,71.44036160138803,71.17438865300035,69.82253567251075,69.0631126639411
1080,73.8,67.37325123230501,67.37312234991178,67.20038534474287,65.03982318005689,64.58881758644853
1081,49.5,61.95035490641041,61.95037422103224,61.98797161775458,60.67650278124071,63.11835751930553
1082,63.0,68.27376563696157,68.27359166627055,68.04258312529863,67.95146016051208,68.12034814856739
1083,60.0,68.02461777507781,68.02454434474558,67.93234728916792,62.05175485118825,60.82105169733691
1084,34.9,41.32581481362304,41.32621286531169,41.83697427853458,41.430980303017805,41.11318691996272
1085,49.5,66.66842986570133,66.66833071307472,66.54532947401763,65.46722796499756,67.10757093467615
1086,57.0,62.84148383996356,62.84149402160014,62.851801415140514,57.73960557679062,56.93808768865634
1087,32.3,27.71668710744146,27.71655054533748,27.3689507555913,28.514313106974218,27.154057537040583
1088,49.1,60.69500637733796,60.69502864995316,60.72401776173429,58.71690987748468,59.690494430119685
1089,42.4,54.18556810340617,54.18579836665833,54.48867803170012,48.213403995894986,47.21129117938031
1090,68.9,71.97604738710078,71.97581561332082,71.67261203549366,70.87378395738523,69.53102155354568
1091,78.9,72.53513689937624,72.53498269311591,72.33821696286789,65.35798434888966,61.75290508120739
1092,76.1,67.86154113160364,67.86138900878008,67.65062257886498,64.86472605807825,62.69176781089769
1093,67.9,68.01853439832666,68.01835950113826,67.78747105600887,68.39699187872242,69.10680194321608
1094,72.2,70.77755417594636,70.77739186398253,70.57839836535501,69.11168369439827,70.06200913298304
1095,71.2,65.69455658913022,65.69454366101414,65.68344866054628,59.413120839425744,58.76054540331384
1096,60.9,65.01115153722338,65.01106561954583,64.90141939752819,64.59376930924078,66.3484203881882
1097,63.2,70.56138374205209,70.5612135714271,70.3521512251269,69.85562117918747,71.2772972800332
1098,64.9,60.59060083410486,60.59057082260208,60.55053755949396,62.03314661935691,64.2074857597901
1099,46.1,58.45148879370993,58.45154831647278,58.52698057869776,56.84894977509634,57.60183303690897
1100,57.9,64.11093423732657,64.11079611197512,63.909989561077154,64.09417820893268,62.79594582673886
1101,54.9,59.00056703362188,59.000606368232624,59.039255179686165,55.9110462073527,54.929114215788246
1102,37.1,32.803078970287984,32.803551469798094,33.38742724150315,35.32788065048334,37.18882546200999
1103,48.2,49.00485509467013,49.00511365470973,49.3272797938823,45.708623240304064,44.04982995669994
1104,48.6,47.26128256021322,47.26152222918759,47.55218887955815,46.31135155138836,44.58521153016878
1105,30.8,28.41337567576364,28.413433003862075,28.375197577086944,33.491473307413024,30.400109972501383
1106,42.3,35.45641230912473,35.45719966139983,36.53024834557378,30.01273462915413,35.41041807495199
1107,39.9,30.736937750740424,30.73722666846808,31.031894565229397,34.79057204184025,34.37069328675548
1108,26.2,25.911374173478883,25.91121016805041,25.52602033807377,25.45669387515801,26.86465757375541
1109,34.6,28.624341324167773,28.624716639501145,29.052646959284274,34.05205024931861,35.13446838413361
1110,39.2,51.03616459358486,51.03635803097304,51.27047421828253,48.37955749355833,46.61640541768898
1111,22.9,26.38176004900314,26.38144402591009,25.80303584497451,21.97623358843944,23.98418335034165
1112,27.1,26.766215423949795,26.7662805918389,26.73036747386746,31.19459131527676,29.801319817568725
1113,28.8,23.50077583333544,23.500953572687465,23.624379290549044,28.436622728443496,30.16918066506642
1114,67.0,70.85505128347044,70.85477006316349,70.49210209037874,75.69391909790949,77.27619060421708
1115,68.3,71.10906235506526,71.10885566525815,70.8464564703682,71.11746024056174,71.84055919414382
1116,66.1,72.98090827503985,72.98073601363922,72.76392237186467,67.34031841342912,64.79632658979895
1117,59.1,67.70545846192324,67.70536756815959,67.59456179537186,64.54779899303009,65.29269333984044
1118,60.4,65.80246927095146,65.80242804820003,65.77030705747535,64.72153487183456,67.89402160267778
1119,63.0,71.33563745975094,71.33555145410314,71.23812490054331,62.9232228363243,60.61913537248907
1120,52.8,68.27145450519845,68.27132833882436,68.11761317895798,67.46002883693043,69.39244372027238
1121,56.8,69.51366660626893,69.51358607233138,69.43201445767987,65.82066108892353,67.3770603257282
1122,58.1,71.96375754301421,71.96357578584964,71.71924784894887,65.45455660911423,60.527697395696265
1123,52.9,72.1080700515059,72.10792883154032,71.9382314490084,66.9195802160724,65.93030560720504
1124,65.9,63.18170768898534,63.18168403411137,63.15785516473824,62.031293199651714,64.09575000225519
1125,69.5,70.31919918717334,70.31909424705457,70.19221393624667,64.30092528823835,63.12683608486546
1126,49.8,61.89899037512296,61.89896212098553,61.8640939878707,61.96903125302647,64.00462820421595
1127,61.2,63.87253364098476,63.87247226015543,63.78476940795582,61.45224364860141,61.218612887364685
1128,57.0,64.488850505477,64.48884974974466,64.50130470804964,60.92219147601914,62.48323988428015
1129,48.0,44.53888710197293,44.53927567160476,45.04799300394109,42.65843188520297,42.37214853808578
1130,50.0,63.3572734980428,63.35722572159959,63.26469111627655,55.76186173199061,49.15796495464306
1131,55.2,61.9283958378349,61.928400152781,61.92228354979244,56.904651380696,55.05282630803336
1132,41.9,35.144655517635385,35.14507585943245,35.66439148957849,38.0157242644805,38.18758704295047
1133,50.0,52.16216343493183,52.162343187499815,52.38335575339251,49.662745909081394,48.43214509776149
1134,52.3,52.87676346132695,52.87698831501676,53.15826096100013,46.42619849740285,44.00980650053603
1135,25.0,27.913456748601806,27.913248901365925,27.487869197423027,28.218283239307983,26.106235318474347
1136,37.3,38.77969689149991,38.78009629990461,39.2855895998478,40.723743670236416,40.342873078651934
1137,38.1,31.029300599154084,31.02971373465857,31.51195909901421,34.17399502621485,35.94937927880088
1138,25.9,26.278643213915707,26.278435945256643,25.83517064783297,25.14445786659013,26.19404156280328
1139,32.8,38.542598073846335,38.54300713755359,39.05541887914978,39.42166596448139,39.2211451501436
1140,40.0,32.06309719178783,32.06361591619759,32.70832414505131,33.422391671817955,36.92519774450116
1141,58.4,67.65839164900513,67.65820696693748,67.40287738887902,66.94201767420991,65.45053206257867
1142,75.1,68.63335074704743,68.63329419365687,68.5716655723933,62.1057911354957,61.45251763503907
1143,75.0,65.31400573725077,65.31392321946603,65.19080674602691,60.48041018746984,57.61972167523268
1144,50.8,61.39309319700155,61.39308894612413,61.38067505167025,58.868893884004194,58.85266517439882
1145,56.2,63.35429147661385,63.35425710055897,63.30718962952923,60.88823323415015,61.386402937481
1146,66.2,62.94600393934034,62.94603096096535,62.97243982241966,55.02281968490257,51.95909777984994
1147,42.4,37.90440504920576,37.90484163933478,38.45517284408453,38.47281562336372,38.73808930493684
1148,56.1,62.95683030224899,62.95680405200402,62.910702007845344,58.52093658902472,56.84396665215096
1149,49.2,61.174615090782,61.17457878043548,61.102776541045245,57.65475460200423,54.65327926235764
1150,30.1,27.60682480481188,27.606933136289847,27.61786105838754,31.139403568082585,30.826959479659
1151,43.0,42.77723743525668,42.777594003087245,43.230422593760224,42.67939571129314,41.9567967864688
1152,46.9,41.08221151383523,41.08256510157217,41.4966031515834,37.0835317027049,34.827758449285426
1153,25.9,26.34784835890028,26.34757827338689,25.798140939607613,23.217684726842755,25.800629623874077
1154,30.0,26.962347152276266,26.96269541162661,27.327192161775105,30.82842170657314,34.49856392849384
1155,36.9,31.18412208176781,31.184465635872755,31.549717613324475,32.99442130937467,34.20064126894354
1156,25.8,28.05857653035924,28.05822420217099,27.41321033082979,24.37956094694466,24.2403799285307
1157,31.2,29.62717126761744,29.62743196815319,29.86736052858126,32.886105940716,33.23419952895816
1158,33.0,24.49499473074308,24.49522702269764,24.634082259831267,22.544540879315324,33.88624622823832
1159,72.9,69.25591860770321,69.25575163801436,69.04852917683624,69.82599341370141,71.919230078379
1160,76.3,74.40547374058035,74.40525352062797,74.12891413274124,70.91232335011452,68.85955560477956
1161,75.9,73.84224221717012,73.84200405730125,73.5241770780274,68.73579376953316,63.27629827676279
1162,63.0,67.98472440750854,67.98456949262577,67.78621780868093,68.26312557888409,69.83608924008072
1163,72.2,74.47702486924898,74.47670637998418,74.04957457668878,73.75240897615105,68.62820088993536
1164,73.8,67.90961241925378,67.90939400454208,67.6105743386306,69.27679483377271,68.53636117733109
1165,49.5,55.87350146996832,55.87362732425245,56.0416004012109,54.73756015448842,55.81820710650496
1166,63.0,71.39262780160271,71.39244885453283,71.16554942919055,68.7249473873787,68.20315217968451
1167,60.0,70.1806468993858,70.18062098792387,70.1764918129258,62.16367641891642,61.79064743088671
1168,34.9,31.14044142847534,31.140774018679608,31.508852179296355,35.686500024804445,35.433766096801406
1169,49.5,67.31198220045323,67.3117666220897,67.00245074108945,66.50111509835136,62.371313476817846
1170,57.0,58.59767978405495,58.59784026302924,58.809593879115525,50.30311804381733,48.49671271305047
1171,32.3,28.171995560391004,28.171875510287958,27.85299338535205,29.66176552891061,27.449389806075857
1172,49.1,48.33105732327032,48.331392582205225,48.77103201838664,44.3473357329097,43.66826028316714
1173,42.4,58.383721261550335,58.38383999799616,58.54562179150048,54.5522656819516,55.17136688330643
1174,68.9,69.12570513443342,69.12553653539625,68.90267610798102,67.33727040857926,66.78762564608692
1175,78.9,72.89331622106052,72.8930871918953,72.59834224672649,71.13690447860026,69.76709625268555
1176,76.1,69.3789906768172,69.37881611252413,69.14572430831213,67.12529361799548,65.88379514028125
1177,67.9,69.83945713274267,69.83926912921136,69.60249362741497,70.63498945936607,72.33686451239842
1178,72.2,68.87372792156167,68.87355445172292,68.64815083007424,68.59804539039997,69.30043186789331
1179,71.2,70.7317752170963,70.7315736490236,70.45950335368454,67.54960557387705,64.59604793543545
1180,60.9,70.13683774650887,70.13659709608683,69.81842701545224,71.74630494760079,71.74692488417637
1181,63.2,73.81384341840139,73.81361779458075,73.52524253609066,70.67834056437019,68.45181971298658
1182,64.9,61.854025845810256,61.854057367304165,61.895704414415775,57.51452052613509,57.519616729531805
1183,46.1,56.07404322867616,56.07418261739238,56.26808069941421,55.26215105288252,57.00965743317207
1184,57.9,66.50934960444935,66.50918925389793,66.2878793094811,66.23389196357182,65.68968577717456
1185,54.9,57.0618282606076,57.06191633202725,57.17745295127723,56.11020330813704,57.19848375646976
1186,37.1,29.60108493526513,29.6017668910019,30.49052733384896,30.830256762427936,38.18193609265941
1187,48.2,62.99193424640626,62.99186500386293,62.88681308187506,61.03860399437273,60.08311456697552
1188,48.6,54.23915719406364,54.23924685614708,54.330784949520975,52.28423547157762,50.04940098243529
1189,30.8,26.51418271781584,26.51428607261561,26.52108007275113,30.4071276696686,30.61578041977205
1190,42.3,48.18049619645639,48.18080063450054,48.57244769097037,44.9704191969446,44.01630779939765
1191,39.9,45.71316182948786,45.71346101522085,46.09373868696851,45.440160896200055,44.62347792764845
1192,26.2,25.26985077905226,25.269667415461225,24.86245688462354,24.065291653644564,26.323418832941144
1193,34.6,26.872014035677083,26.872638795477314,27.67626300391061,31.80284969534148,37.5991052578776
1194,39.2,35.23871671007031,35.239089917513624,35.69837223690999,40.03581577669637,39.02439759273071
1195,22.9,27.841082643940837,27.84075891085648,27.263278910837137,24.450184830361955,23.98550854580128
1196,27.1,27.233789843481496,27.23368776657968,26.966706984297534,29.58441822634448,27.16067319941547
1197,28.8,25.190676950396718,25.19096560946263,25.48292273347638,31.27436195892429,32.48588341807695
1198,59.0,60.03070396492437,60.03075119447979,60.09162021333688,57.1878848359854,57.69364837953541
1199,62.8,68.62107855696063,68.62097963913939,68.48628914398405,61.571707396012144,58.20432635696048
1200,63.9,71.19140871642949,71.19120295682838,70.90079495002618,64.58772989621325,56.947670623288246
1201,25.0,62.578938514820265,62.57887445230213,62.48158733801492,61.08496889553187,60.52351522336463
1202,37.3,71.36186930403065,71.36165360626785,71.0749477543218,69.06959334648775,66.84715513083862
1203,38.1,59.17771477001479,59.17775256354675,59.219078711031656,56.8622520125626,56.77277571560549
1204,38.0,53.57576303280132,53.57592709561352,53.793921917885854,53.25412299310254,54.18727889659127
1205,53.0,61.559887972460416,61.55994223518408,61.63128968761088,55.99821234195188,55.41782890771279
1206,49.5,59.73424884122653,59.734270386683534,59.74389173836279,55.56037027539566,53.29872784507748
1207,27.2,27.83104744800477,27.831175376761635,27.882715264862966,32.48646035157003,31.24976484897084
1208,44.1,49.197755224395365,49.19803348150028,49.5625913082019,47.46629989186094,47.23519566715655
1209,42.9,43.33585293689808,43.3361341865735,43.6757044696414,44.10357564320956,42.37548956985589
1210,23.6,27.761940157790058,27.76156278303813,27.079534659588088,22.991630434231247,23.945576571621014
1211,29.4,27.52599381117308,27.52592553982641,27.275356850200268,29.15851810291155,28.12533273666409
1212,32.2,25.55472980996747,25.554976494454067,25.77372514618541,30.50284086367133,32.57107773371959
1213,19.8,26.767298345982148,26.766869161685413,26.043546437450964,17.402226287748768,21.84708023402116
1214,26.2,25.958485872171803,25.958208574599485,25.399565286399643,22.40191691163569,25.86286714110108
1215,26.1,26.347036088735887,26.34682087779854,25.88408626144455,24.83909841223693,26.30391471036953
1216,74.8,70.17671627892786,70.1765231838811,69.93418924619418,71.04448599983988,72.76247431502921
1217,79.1,72.70909166709984,72.70889799808707,72.46258095529781,68.95712820332584,67.22609358576588
1218,77.0,66.02106750616747,66.02092457117803,65.83161034872023,67.03678444146124,68.48533883369524
1219,57.8,70.43219440612644,70.43200574268565,70.19002570666564,69.53709382385037,69.8363499324652
1220,67.1,69.92268320653096,69.9225374679409,69.72795081576233,64.69256146340851,61.971900986943325
1221,68.0,65.2481344298022,65.24798895623066,65.04985315478497,66.47473500760483,67.37320297972033
1222,62.0,68.7570027923617,68.75677966925991,68.44808156039682,68.49169901482605,66.102836265006
1223,69.8,75.88523397605918,75.8849747338826,75.56769008743734,75.13741181759627,74.17816913873972
1224,70.7,66.12208938873844,66.12194224829412,65.9223983200282,66.38066027568664,66.85848368020666
1225,43.3,47.06152161141317,47.06189774695842,47.55772464981042,42.86047253161897,42.311499428012354
1226,62.2,65.93096608865439,65.93100163395438,65.99870211947506,58.71644893209841,58.97849864514061
1227,59.9,59.648742088617,59.64883404468178,59.77050671261756,54.67480343186582,54.44723436324708
1228,73.0,72.72292963338404,72.72266558146352,72.38727954912643,74.80763548209595,75.45574917437548
1229,80.0,72.38470719896968,72.38450851978958,72.14210250499144,71.7296328627112,72.72472953172033
1230,79.9,71.30919481710364,71.30899602875166,71.04759636144757,68.48736541123372,66.62792824958811
1231,64.2,67.72547129490799,67.72532182221894,67.52550672077214,66.31451737492897,66.11850728223286
1232,68.2,67.97026676063493,67.97011928628393,67.77908313514385,67.27932752859303,68.18518404880083
1233,68.6,64.00753110305943,64.00751910952542,63.99710010408501,60.38367684993627,61.16027420563401
1234,62.9,68.15990536553345,68.15969434331983,67.87069651721316,68.70130989328268,67.61236562560876
1235,65.9,70.13460562856355,70.13445555777503,69.94923225890372,68.12107667720295,68.9369159176014
1236,65.0,61.02179011023184,61.02178584715092,61.014343399184696,60.025179688629805,61.22105885921261
1237,54.6,67.23023359310052,67.23006606955644,67.00783873153564,68.04805193265776,69.01285764734635
1238,56.1,65.24218297908983,65.24214891760762,65.19843578046678,60.308727013510335,59.80941809492211
1239,55.0,66.79691947873654,66.79690590207923,66.78623894412112,58.87312620885115,57.291995317674406
1240,47.9,41.2375680188355,41.238055564021664,41.88959922896501,40.39090252243367,40.86072762194013
1241,45.1,44.27355700786218,44.27394372783101,44.77221462852829,41.44925312920336,40.83544962418014
1242,43.9,52.29836437590764,52.29858713318005,52.59243106284403,49.94366093833425,50.02188837633653
1243,31.9,28.127525959302773,28.1276515024717,28.18180767627729,33.2241798368924,31.323855936355045
1244,36.8,39.05819584360725,39.05869011105996,39.697970411413166,37.2911913603274,38.24555161757158
1245,40.1,33.3540176654714,33.3545439946966,34.01725255273388,34.13096590438851,37.15667981797665
1246,27.1,26.856557908686494,26.85632968063222,26.386252879785108,25.664566079491824,25.871684160988
1247,30.0,27.606740178520496,27.606622651738505,27.2880879495088,28.76910624645384,27.45316066680076
1248,29.9,24.13530866366503,24.135554107822813,24.32162385230236,26.33027010290181,33.91994045333209
1249,24.1,26.307371365327405,26.3070984554504,25.78122927506708,23.438183448609134,24.93957340483371
1250,26.9,27.965896959580668,27.965741357664665,27.61748365563412,29.547836834807075,26.877604698661717
1251,28.8,25.84971041846029,25.849657439505528,25.636020619862546,28.00971242025012,27.892715342711227
1252,21.7,26.31081357829003,26.310446592137527,25.666522922836627,19.57003462683944,22.943775286615008
1253,24.0,24.409613448318183,24.409423336040764,24.009312526028104,22.21522184487105,24.772734678753352
1254,23.9,23.97597187745733,23.975879205911657,23.708447233220543,24.25866003347433,26.37915598362244
1255,20.0,25.531810266125216,25.53142700884898,24.87398465641094,16.33503861704132,21.739027458761505
1256,20.9,23.923698427576497,23.923317006130333,23.254982353041733,13.32851520523356,22.400009667240585
1257,22.1,25.05866041604664,25.05847819964221,24.68388065751803,23.39452739198501,24.06486967417825
1258,18.0,28.300378613342843,28.299772752345493,27.329093916119888,12.266103978163155,19.97720885362296
1259,19.5,25.114057314788163,25.11367396745081,24.458968397525144,15.01951875007626,21.291782063282387
1260,19.6,23.907453583587,23.90715051531765,23.36693464422838,15.649115379610532,21.302703109193647
1261,59.0,61.80093821844756,61.800950047839976,61.81167348446864,57.917263371762544,57.53944036771568
1262,62.8,67.7598259233187,67.75971659197799,67.61079907258893,62.927121522539935,60.91721707212051
1263,63.9,67.39651258588732,67.39630631859697,67.0956271093402,65.03020199469302,59.39198554212558
1264,25.0,57.81480191094711,57.81487497738424,57.90297666106913,55.27591660646084,55.098638522638026
1265,37.3,68.02227180480234,68.02224986429493,68.00421263119176,59.34672606604693,57.48312483080659
1266,38.1,62.3510298897165,62.35088463758781,62.13323303374453,63.7538383223974,61.98297000715061
1267,38.0,47.13723653781388,47.13753738658352,47.52759156626915,46.18393289581681,45.73320105680537
1268,53.0,69.90314440751747,69.90300904149144,69.7331380890107,66.33553186312676,66.09128244128001
1269,49.5,63.95897076605674,63.95887922776744,63.81417601477148,59.88286231399167,55.95838781772105
1270,27.2,27.224109459620472,27.224160738233397,27.15660149329737,30.808517975184653,29.937115492085155
1271,44.1,42.88524528351661,42.88569619776926,43.48406016055134,41.0204637999144,41.1919734737086
1272,42.9,48.459968641255685,48.4602235770205,48.76338242157858,43.37452619763025,40.0559233828491
1273,23.6,27.410045060085164,27.40970655573333,26.79649468179288,23.42298279407718,24.122541049495
1274,29.4,26.70387862869617,26.703940210963157,26.646934416627783,30.028217546003077,30.05108724075231
1275,32.2,26.50667338138078,26.50687913753205,26.667231496394614,31.261086941706075,32.12897177101709
1276,19.8,25.11517565141444,25.114828690965147,24.510190347865187,16.850967684017803,21.786741488577857
1277,26.2,26.847727478186528,26.84743491064786,26.271215065069168,23.646460121337483,25.30236068316773
1278,26.1,23.453246146274708,23.453293158437525,23.3498541866797,24.47334779829349,31.10558582141144
1279,74.8,70.8542014060908,70.85399398452628,70.5893360829916,71.04286309042146,71.77449710054057
1280,79.1,74.21391625989862,74.2136825713337,73.91046594866566,70.09186621832636,66.45301332440718
1281,77.0,68.85451209306568,68.85434166406289,68.62977333599436,67.76233129547714,67.70250310801853
1282,57.8,68.17571626537763,68.17558579518469,68.00544158615922,65.65384891824415,65.56348028505377
1283,67.1,69.60045190265956,69.60030467990302,69.40592570734876,65.5201725073197,63.85045733912844
1284,68.0,67.8445845305544,67.84453490134852,67.77395037423882,57.97960361280199,53.203311513642944
1285,62.0,63.62868770707102,63.62861247139327,63.5214586546107,62.28590948437129,62.35508543109896
1286,69.8,73.4632729314262,73.46309318525984,73.23886237320662,68.1196471883687,65.76303770889277
1287,70.7,66.88603694294126,66.8860322569005,66.89119358042747,59.02060294363053,57.923623302881566
1288,43.3,40.97100800358429,40.97146218883117,41.55627020902021,38.50253864962956,38.69811036476236
1289,62.2,48.041162257182606,48.0415802629651,48.590959661047165,39.00121472660249,37.37517182260049
1290,59.9,61.16118630462395,61.16119213125269,61.153292462468144,56.47718656877964,54.31526792841319
1291,73.0,71.01202036104324,71.01187427486208,70.84856490666957,70.61966823939542,73.2565278635731
1292,80.0,73.06275228968886,73.06246655138297,72.6757850425699,71.57877212002188,66.85327771399821
1293,79.9,71.08513214119732,71.08495236220017,70.85076406034068,67.6637525015826,66.04777031428526
1294,64.2,69.16752445488275,69.16733572934655,68.91483384621266,68.1062515025559,67.28977464990308
1295,68.2,69.64214455374773,69.64200289373828,69.4589344478912,65.93484750897201,65.03869247835897
1296,68.6,64.85386137915278,64.8538915801431,64.89217060077769,54.93897173222336,51.52441767767883
1297,62.9,67.36343862424907,67.36326575031343,67.12537978315126,66.65933981537873,65.63853630407098
1298,65.9,70.05853011205163,70.05838091455553,69.87083488652573,67.38630149234274,67.5264728421636
1299,65.0,62.05435093041285,62.05432240308073,62.01333675794457,60.83639625843005,61.73617641640081
1300,54.6,61.99916512226986,61.999171257669005,62.01387547670694,60.48542400188487,62.35676875421919
1301,56.1,61.38685665048973,61.38680596981355,61.29797592554384,58.923997474241,56.6662805320731
1302,55.0,65.24435781813088,65.24426813189037,65.10667298443896,59.93905856468255,55.9372074477316
1303,47.9,61.282257040034025,61.28224320977597,61.26150257758245,60.39773021004222,61.55503107741893
1304,45.1,55.75627281255416,55.756418100203945,55.94356857127484,52.3318754074358,52.07597598742646
1305,43.9,56.81755717999751,56.81759181473039,56.847727819140005,56.73613946638514,56.54822723513749
1306,31.9,25.274128278427,25.274533070457245,25.724653783063477,30.111536983688996,35.18895878612116
1307,36.8,34.02007443692963,34.02070294105471,34.8388572117064,32.2044547045073,36.964161750857926
1308,40.1,34.13337340681723,34.13392706819626,34.83866244048669,33.60195808709066,37.01307786156136
1309,27.1,27.1927268383676,27.192683995528604,27.008625583762942,30.59756811149109,28.12107674344944
1310,30.0,27.53604459787944,27.53638981001432,27.92485536239528,34.06858619318826,34.123955100050495
1311,29.9,27.920439581354543,27.920993825227143,28.620866903820826,32.98675722360818,36.99698344989716
1312,24.1,26.65969791822528,26.65943958037974,26.156819370447387,24.54922304381679,25.10671395760511
1313,26.9,27.14760412137877,27.147550645439296,26.946856298245457,30.31102424176582,27.97215693497995
1314,28.8,26.090113865245108,26.090389334869123,26.3638464092611,32.02863888515775,32.70035352764276
1315,21.7,26.354680900632637,26.35435830843761,25.779739115140337,21.14317127165743,23.109428195638017
1316,24.0,25.875979525793284,25.87574630728946,25.41571778148266,23.72363130464552,24.799413948533072
1317,23.9,26.04380276156114,26.043609466645357,25.61366259665166,24.91008385877545,26.578226696991837
1318,20.0,25.14261933754782,25.142272795805432,24.540557285871145,16.76032960494038,21.606109687144983
1319,20.9,23.89249786143284,23.892242924113432,23.40532278189938,18.62465989007786,23.28985651917214
1320,22.1,24.910761974737948,24.91059270224072,24.553174016692036,23.55594875482176,24.23597303442034
1321,18.0,24.54845997857677,24.5481088837366,23.95104923986201,13.988236050962826,20.16335407119246
1322,19.5,24.602872400374245,24.602569389312425,24.06544175839733,17.155400410211527,21.463301266762382
1323,19.6,24.16732476912067,24.16711938837048,23.786664646148363,18.846530756433424,20.454535697499267
1324,59.0,63.07202253301476,63.07194195995128,62.949419546285625,61.25007328445856,59.92118164163108
1325,62.8,69.51075596807323,69.5106353586186,69.36256643198166,65.98507287741893,66.22160786414602
1326,63.9,62.300520395051976,62.3004884660932,62.24478266380561,58.87726234374228,57.4314444975636
1327,25.0,61.81113349845848,61.811025757770665,61.64599655572424,62.24015288643431,60.83988578054337
1328,37.3,69.87749389124922,69.87735401452045,69.69011641560392,64.1795530512164,61.18854128442322
1329,38.1,62.67775510118688,62.67770540985731,62.5984840658661,59.87897925825789,58.63137912514426
1330,38.0,41.61958977623867,41.620031867647,42.19916378657042,40.70172626897888,40.83628667177541
1331,53.0,61.17368955113336,61.1738314089732,61.37348630658416,52.422276102829045,51.45279273077827
1332,49.5,60.91788119336718,60.91789874976715,60.92710938403401,56.145349088505824,54.21394627242185
1333,27.2,28.002532834818112,28.002420027399133,27.696598757378844,29.70049986331034,27.58983225740431
1334,44.1,43.85924505127511,43.85968228717064,44.43033981493883,39.64919171335203,39.37624742451695
1335,42.9,44.20795247024881,44.20833522283149,44.69392806796313,40.32440497659898,39.28863196539274
1336,23.6,27.41619274618811,27.415878504395216,26.842917364101645,24.14056906998139,24.254771929471588
1337,29.4,27.45565971068661,27.45590677612408,27.67842432681756,32.13448519311055,32.97609421831035
1338,32.2,26.39716693564809,26.39729761751156,26.435827099056134,29.76730756265377,31.144263959673168
1339,19.8,25.872781475911165,25.872402652619577,25.229734695611526,16.72973379487824,21.30240821922537
1340,26.2,26.989494770139125,26.989224385967,26.442546182554864,24.384860939528263,25.52192993135353
1341,26.1,27.8192599219909,27.819108539624168,27.46293528019876,29.016268919449622,27.02525250040597
1342,74.8,69.81654312201316,69.8163674197597,69.5878688623228,68.22035209213851,68.02091761949046
1343,79.1,71.6597577553059,71.65965738128342,71.55714629242188,66.91930674698804,67.63204684690132
1344,77.0,68.653161481102,68.6529592114992,68.39008507767423,70.70327983610088,72.25782266772799
1345,57.8,62.71950432801273,62.71947109530265,62.6723860378952,60.84319201446845,61.450401993576776
1346,67.1,69.19053095791297,69.19037342548016,68.99304387995063,68.72232023793043,70.1959613509745
1347,68.0,67.63783253703167,67.63774364413727,67.51098482522308,60.32850386971659,56.283511965098256
1348,62.0,68.28337773603047,68.28327250381079,68.15950647901523,66.44417249700781,68.24112949092083
1349,69.8,73.31173012936608,73.3115313706957,73.06196617073792,69.68196497074976,68.12542527037945
1350,70.7,64.07501823494707,64.0749834935299,64.02762672050778,60.53503197155575,60.50671394964152
1351,43.3,39.447032318478335,39.44758228322554,40.17723021659917,36.904214107149926,38.29077728144071
1352,62.2,62.48334713663407,62.48342351987935,62.59973337537993,57.05940235306997,57.986128605421214
1353,59.9,69.77569205924456,69.77555555591942,69.590259910075,63.41312203136957,59.691984091921
1354,73.0,68.92891590467924,68.92872190158808,68.67368256964285,69.46873200140061,70.02352894717038
1355,80.0,75.13176744198259,75.13142938403504,74.67697630638165,74.49039916091647,68.38707572882336
1356,79.9,72.63352226958379,72.63328367396802,72.31183836707967,68.9659365773675,64.42791278453947
1357,64.2,67.76645279211587,67.76629820803659,67.56269485110869,67.2392793211485,67.8096926909158
1358,68.2,69.3145166723803,69.31436724855462,69.12506650511185,67.55118759614079,68.1611997694919
1359,68.6,63.28794445991038,63.28794751345845,63.27795357028798,55.51048725394797,51.71716550598208
1360,62.9,69.58564212588404,69.5854761391316,69.37844383570928,69.38905902264901,70.9784332897099
1361,65.9,71.37547645898326,71.37526089118859,71.08750239823222,68.7876784628623,66.21351537075967
1362,65.0,63.50369109291972,63.50362063576503,63.40724900770422,62.90243430326338,63.8958231293756
1363,54.6,49.34660610554735,49.34686576493863,49.68262005743337,47.74701102672644,47.3061095272416
1364,56.1,67.38517406107202,67.38509496542788,67.28297326007838,62.416803051014725,61.5291551806578
1365,55.0,64.85603003806567,64.85596660333148,64.75506649033471,58.70093822615588,54.79142217550103
1366,47.9,41.955695502,41.9561770334315,42.59892949058772,40.32391141048509,40.73394924360869
1367,45.1,50.31759291325717,50.31779232184054,50.5761587451054,51.1957877243203,51.46223924868096
1368,43.9,58.97276500303791,58.972845910745065,59.07619356024365,55.095365337761095,54.944134065302165
1369,31.9,27.089486583457443,27.08993725496632,27.62330837493335,32.29161942807623,35.75181304102185
1370,36.8,40.467910297832816,40.468416206178446,41.13971888991199,38.93336661833474,39.678257009923215
1371,40.1,44.59348144449808,44.59390987701268,45.15474180552849,40.14197518100637,39.760132975118864
1372,27.1,26.28301021920262,26.28286415575459,25.931862829798124,26.694618257971023,26.847307580722852
1373,30.0,25.170824588202866,25.170979093685432,25.250254340439557,29.33156116877697,31.195347589370527
1374,29.9,28.87330787675384,28.873547608487375,29.08997644189337,33.48250701132169,33.199199193072815
1375,24.1,26.894005983856296,26.893767902319052,26.424653789361937,25.56780248498393,25.27434779316482
1376,26.9,27.21010437888653,27.210150099628105,27.155709772403533,31.97811378390783,29.458865876185115
1377,28.8,27.23144388435448,27.23156309626033,27.274510833006893,32.18572231387549,30.8511179501526
1378,21.7,25.511849265968728,25.51157337862354,25.00260373114816,21.08162155051708,23.252353601129897
1379,24.0,27.44686935974269,27.44661928482935,26.97204392311987,26.13107635671367,24.91608738390784
1380,23.9,26.52898510027745,26.528836835614147,26.19741796268078,27.319267643757858,25.93073168442581
1381,20.0,25.07156500346184,25.071219349251,24.463818202914798,17.132744000266445,22.1724397582674
1382,20.9,24.715569650773244,24.71534947493255,24.30169871991792,20.4996847415073,21.97358541027852
1383,22.1,25.294902480565995,25.29470837552404,24.908901712519445,23.26706650484967,23.61899013653135
1384,18.0,25.267930294370917,25.26754642908932,24.620904321060763,14.597641487021283,20.60853294731576
1385,19.5,24.44301002113866,24.442733499065096,23.95016103760885,17.374181866720697,20.9667134292052
1386,19.6,23.803319578884803,23.80307962314704,23.362425214693715,17.40175255232159,20.83396130880324
Formula,Fitting Formula,SV30 Actual = 30.7528 + (0.0243 * T1) + (-0.8129 * T2) + (1.0941 * T3),SV30 Actual = 30.7527 + (0.0243 * T1) + (-0.8128 * T2) + (1.0941 * T3),SV30 Actual = 30.6939 + (0.0032 * T1) + (-0.7503 * T2) + (1.0510 * T3),SV30 Actual = 13.6987 + (0.2569 * T1) + (-0.4147 * T2) + (1.2373 * T3) + (-0.0050 * T1^2) + (0.0079 * T1 T2) + (-0.0007 * T1 T3) + (-0.0046 * T2^2) + (-0.0079 * T2 T3) + (0.0052 * T3^2),SV30 Actual = 22.8991 + (-0.1588 * T1) + (-0.3609 * T2) + (0.8994 * T3) + (0.0048 * T1^2) + (-0.0188 * T1 T2) + (0.0227 * T1 T3) + (-0.0049 * T2^2) + (0.0096 * T2 T3) + (-0.0060 * T3^2) + (-0.0001 * T1^3) + (0.0008 * T1^2 T2) + (-0.0010 * T1^2 T3) + (-0.0018 * T1 T2^2) + (0.0030 * T1 T2 T3) + (-0.0008 * T1 T3^2) + (0.0022 * T2^3) + (-0.0059 * T2^2 T3) + (0.0049 * T2 T3^2) + (-0.0015 * T3^3)
