,Actual,Linear Regression_Predicted,Ridge Regression_Predicted,Lasso Regression_Predicted,Quadratic Polynomial Regression_Predicted,Cubic Polynomial Regression_Predicted
0,113.75,186.100871811871,186.10063157716309,186.06211914019508,44.30660090241206,64.97325503464526
1,72.063,197.8033589436458,197.803106914928,197.75744328734984,72.26890278872011,76.60969941586154
2,110.213,149.3298394495645,149.33079244947632,149.5018991128852,126.14808518571476,88.89610974406094
3,142.632,221.76316996349712,221.76348503874192,221.7984323364305,125.15200160203804,118.83260908410593
4,83.846,233.72727561521984,233.7260894827596,233.51330841290064,40.27908267060563,68.68507127870497
5,130.769,149.2182788907396,149.2168843232147,149.0094419811683,55.432759531998784,49.706958970801566
6,108.679,195.89822942625275,195.8991940157967,196.05109543284675,193.64456125865087,133.61869900055297
7,71.148,220.74109802106423,220.74008693257076,220.5615633219421,63.964711051131765,70.85456496939551
8,81.613,170.23223677432753,170.23088434242288,170.02086545349235,122.36926884405344,70.40045408391086
9,59.143,310.17150199840523,310.17054782865665,309.9604789478614,122.33238729515048,178.9659860661533
10,41.414,317.05607614671874,317.05517417445856,316.85014875009654,69.47452459839111,184.7207718176818
11,48.571,312.7010964414295,312.70018433824043,312.4955573067324,79.49379301747092,178.38803346335737
12,144.878,212.71401855358943,212.71445084932049,212.77262112938516,158.2665018565279,123.61148549856593
13,82.5,227.96268069236905,227.9617510976882,227.79276715495888,-2.713895629387295,64.72524375105004
14,119.565,174.81929120903067,174.81817928451812,174.64461410295144,84.56550661431835,59.45976362488455
15,171.765,195.84975162360968,195.85045205290703,195.9598023682392,192.77090163113465,130.164845143281
16,78.929,209.46358682549004,209.46227081446668,209.2397378879378,49.10580631339823,53.464316770239066
17,124.348,180.52238446916783,180.52135223733384,180.3584978987754,181.9209609303988,102.03539612731116
18,140.0,189.34228658649943,189.3463037408493,189.99357188224508,232.3068458278998,195.52099663843035
19,60.732,209.61981039385756,209.61791590452265,209.30224604722912,80.26633941589839,49.91945509531882
20,102.034,160.38599871544253,160.38551227243096,160.32029673453636,238.69274145974344,137.04742965349703
21,152.075,365.1660061854232,365.16437194313926,364.82229407091415,536.5826510367023,455.75334712531946
22,55.0,226.95756588183943,226.95576589964207,226.6474039329788,90.35999278135344,61.76053669936636
23,113.667,97.43757596127016,97.44041266693148,97.93986775334906,177.22744830900388,129.99070332655026
24,188.421,295.00169813399225,295.003138985331,295.18789494561446,382.3495584184485,306.9205576021035
25,49.157,213.82454018361773,213.822763829675,213.52428912192983,101.91400053248896,61.91384325378653
26,148.444,138.9347436118697,138.93732024887157,139.3754731916635,196.326837706069,134.59051390337515
27,140.87,57.65425714418621,57.659016945833,58.48738956783859,92.09175957480716,163.92511513550778
28,148.182,37.5927225899764,37.59634881549045,38.25104142820464,89.66416191770124,106.88901772331371
29,52.222,316.47469629796365,316.4737755953,316.2659984697693,69.55224016048642,182.8236781599629
30,37.0,317.05607614671874,317.05517417445856,316.85014875009654,69.47452459839111,184.7207718176818
31,47.143,294.5198965040568,294.5187473299917,294.28453076219523,148.30858055588345,157.98504790599446
32,38.333,307.14595438270226,307.14481305645694,306.90578253690865,76.4948243573677,158.3998077715659
33,31.2,305.50739142743885,305.5063404433201,305.28288089183224,139.7741788771067,172.55623563623968
34,316.842,244.626911201211,244.6299340249026,245.09166238152952,265.3365373270401,221.9999165982057
35,63.902,219.80078547792527,219.7991205003795,219.51595013073697,125.48523311030728,76.06242934093524
36,188.0,78.30451018430972,78.30755351097935,78.84893169246004,145.2461949616727,119.8575062577678
37,199.375,260.82568742723487,260.8278331362211,261.1413130223843,324.05988321782195,251.3037163320536
38,61.882,229.88539744912669,229.8836171963553,229.5773652407277,152.78013355026332,89.60463069175421
39,148.182,63.31347188038302,63.316220564942,63.81696934729894,127.3371466470078,106.6435033875481
40,157.6,176.1253488643817,176.12535745941005,176.1313891515538,16.264037017066926,61.119839862301774
41,170.769,42.14906892602141,42.15337911649851,42.91417098314889,-1.861186774378197,183.79480160715357
42,270.345,310.40372370999296,310.4035073409784,310.314686637594,460.6724615224143,400.1080974165037
43,55.876,212.1960282893293,212.19429065171772,211.9030196232164,149.76208231099434,82.8981846112573
44,165.0,61.92533973376999,61.92832909851416,62.4687215936807,132.56572845789265,112.7757925163154
45,171.0,207.85247334934667,207.85206684526892,207.77645463045224,-31.540311053264688,63.65209778794019
46,165.556,273.16888537122867,273.16656947863424,272.75382368967894,70.65907179205907,63.75879893263098
47,159.592,220.48373049429856,220.48306936918985,220.3663195368083,297.9194570894945,347.0869187288648
48,186.25,249.08012408881808,249.0827607549737,249.48040642473103,286.8684058302219,227.72364039504865
49,54.369,202.44469652586508,202.44345133414103,202.23597092974177,141.1629529781308,84.93119998553698
50,164.878,145.98973094300175,145.9916464119254,146.32152502011257,274.7142869638724,220.61864830917543
51,124.167,289.5622762827674,289.560488538554,289.2253335244215,71.32693989082931,103.78146630873276
52,151.2,162.4297756831661,162.43000102747322,162.47696918754264,-46.53180064211677,56.77058780944236
53,256.444,173.97728365232103,173.97748230365016,174.0201748000435,230.8127938201767,245.6212394972266
54,291.429,351.7449673547328,351.7442904109438,351.56186161110327,445.99371508956585,367.6308946482144
55,53.694,165.6786518891265,165.67753101804803,165.5071068895785,157.39000141507898,87.52961157804305
56,195.385,201.2376341041721,201.23851121757,201.37590558424023,362.0700770776025,309.2174957675728
57,247.097,308.89619345045094,308.89765395329664,309.07961140309067,403.9103756057772,327.90013691814454
58,260.357,159.90092115886375,159.9007585642936,159.89194279678793,196.66811990631527,156.24719316058545
59,311.071,295.7366421752968,295.7350239159829,295.4301657165104,371.64766444015527,436.27496618942166
60,77.757,170.06643193531045,170.0671370615346,170.19359358295765,137.66762728265826,162.8735277216059
61,80.167,194.6796283210805,194.6798476695251,194.7176522929924,40.91667436115837,31.339801991607946
62,75.846,224.94566331411303,224.9453637947595,224.8856248746672,144.3613693062291,175.94094510628418
63,462.0,401.4058288254705,401.4044107334023,401.0811148512944,552.9556774414916,444.4088083377704
64,405.161,260.03922198641203,260.03758402989183,259.74397433384763,507.4759217347423,517.0856128055697
65,404.737,201.2269625102175,201.227353670748,201.2878883037208,331.0220409552842,365.74575720000064
66,83.019,74.90859739311804,74.91189421114268,75.49789036481422,68.34827785857694,89.89054783247627
67,72.239,196.40297542619,196.40265680452137,196.35298815504063,87.00828556456669,49.61410984453903
68,88.522,157.3377975821984,157.3388919579785,157.53356395423498,145.97890839822617,172.8726111563468
69,381.333,333.00499461291594,333.0073580588074,333.32236630243904,278.9690529080025,298.53959704967554
70,62.062,171.60235021009257,171.60126551074575,171.4341381496494,193.2600360468807,106.40481246157958
71,332.174,213.039174751498,213.0419141280131,213.47367197148287,316.4827836357654,257.25822206355804
72,68.0,86.90262332124294,86.90111477992261,86.70430715865493,89.93214281688238,79.81964410292255
73,122.821,115.01480544247512,115.01615843885372,115.27162772609302,99.15987432365024,64.68706363135641
74,88.571,20.00651849377249,20.009959553690408,20.64287879685889,63.44143977279397,82.02294857806771
75,434.118,416.7638764017486,416.762041684852,416.36298424268335,424.209886327125,331.3643486922133
76,60.404,180.665203841102,180.66363005521293,180.41353066738128,198.56071148710305,105.34245916486988
77,412.0,287.7253581928363,287.72491744728484,287.61080772284066,475.1991725910773,447.7715229398112
78,629.167,256.6607826867464,256.6597499658776,256.46479148787296,481.91130707122966,473.592709848754
79,580.0,240.30550446416876,240.30409482267555,240.0567501450332,458.5489406281981,487.58568272379705
80,601.739,233.76712136344796,233.76562285273667,233.5077605633157,384.7155906493833,418.66332378931327
81,71.22,77.87370882709365,77.87329496948547,77.85742553251617,137.29860107989123,85.91644182215384
82,103.951,38.80655450129984,38.80890186855186,39.25765589267735,100.23256678262013,40.93147818185605
83,92.051,82.66093003935453,82.66366385659637,83.15528522747809,114.78824881129208,106.11450576379356
84,356.25,367.11826514800856,367.118097618978,367.0097268299037,306.57264394356366,306.840143546096
85,59.794,182.5396717705498,182.53855476825885,182.3610060209944,162.84034606472233,91.92343384363484
86,308.235,216.66982249967825,216.67117526125065,216.87572070608616,139.20126326782778,140.2194766514284
87,648.235,298.1109695348277,298.1102154212051,297.94137606508934,494.7851160445644,499.7844920873489
88,308.254,287.24147469862896,287.2396598261968,286.9055163076447,523.7465382257465,561.8225751858139
89,69.783,21.803571690975787,21.806818125930533,22.40733274999161,72.34626406382473,86.37968288243644
90,94.444,317.05607614671874,317.05517417445856,316.85014875009654,69.47452459839111,184.7207718176818
91,69.467,180.4088694721719,180.40962607650897,180.53993243918728,98.90158232087266,134.48726988346823
92,422.326,234.44585477571457,234.44497482864767,234.28683452749272,293.2779844973745,346.6055079987294
93,386.957,231.5524016181433,231.5514167544478,231.377819944537,278.0568223288144,317.58727500443854
94,359.6,260.00749172889573,260.00654776517933,259.82589035476724,392.3172128557524,469.3986091347782
95,429.545,259.6270170335139,259.62545776324305,259.3462363278502,385.3480590479487,443.91425082383137
96,404.255,231.00688533193735,231.006206171792,230.8819871721752,275.2924752347324,331.9929753793425
97,393.191,277.68038769632403,277.67909036271544,277.4331078963909,460.1727080703874,526.9051546534778
98,397.647,414.1069260077304,414.10403966812805,413.53645401270137,399.482318268292,281.88700974620065
99,65.0,179.9251320268727,179.92379579676046,179.7123240900454,199.0691619605011,108.1887447341511
100,254.737,228.50097400307249,228.50276564710845,228.77243370683271,112.90927193643242,164.23202005156725
101,753.913,189.37187364285865,189.3726022288349,189.4920917964199,349.8044170587161,331.33320835358825
102,737.5,150.5197283225366,150.52088182537705,150.7275598696226,216.15840397713717,227.3674108297004
103,517.778,193.8770309146205,193.87723875940503,193.9125357271436,225.81880874924605,271.5976856109213
104,76.304,59.20428716806623,59.20741868452501,59.7732312198101,109.3005967251204,98.13498227110756
105,74.545,317.05607614671874,317.05517417445856,316.85014875009654,69.47452459839111,184.7207718176818
106,75.504,198.21992431036077,198.2200721679427,198.24443495320557,113.93093720461208,136.01692812149338
107,437.5,265.2849927376965,265.2838999617068,265.07641031124695,447.9423377569708,509.7103331748534
108,397.143,231.79563155346705,231.79469109854324,231.62796578819496,301.586273267598,350.4302578124792
109,360.8,269.9373763777643,269.9363687933304,269.740846394468,413.5754731120349,491.4846741823443
110,452.5,247.40808803796483,247.40719779533012,247.2406928121437,403.8615106316122,468.15061641605496
111,392.083,214.310640629967,214.3100108426828,214.20137203418813,252.75744665051184,286.8972446213178
112,401.277,259.4421798354137,259.4407696848159,259.18510755430384,437.03490334439607,498.777279893637
113,400.0,365.08617794272544,365.0846053680618,364.7504058643535,254.55575562602024,251.54965433496
114,55.962,173.17032864567486,173.16885820870806,172.93878331573313,182.4556758536716,97.16204423508736
115,301.176,273.5421749051192,273.5446726375422,273.90783533833246,181.2894226472848,247.7366560107538
116,205.833,296.513588416404,296.51614406657296,296.87800226944626,161.32795887973927,293.4855852407511
117,525.455,263.35791034606456,263.36222829716485,264.0236553492349,222.47199489973968,280.5934331422935
118,547.429,287.64950390894035,287.6484123138222,287.4305612028645,486.4331151374231,532.1688642618268
119,74.468,36.53395572933317,36.53729169157549,37.14592665205225,88.26863143404832,88.51474275341968
120,70.909,317.05607614671874,317.05517417445856,316.85014875009654,69.47452459839111,184.7207718176818
121,77.945,236.0845280774873,236.08444062370268,236.05388504725363,119.91043894245628,165.2259884766703
122,467.222,241.11617755482237,241.1151659105151,240.93171840696857,427.04867146648144,474.25106716984953
123,424.0,219.53994644949276,219.53953104575143,219.46254523414325,314.7698513762,372.5362095207696
124,405.714,253.97571963680295,253.9749629865238,253.82753056117724,338.705278937616,419.0042280485817
125,493.143,273.55732280912446,273.5563013621428,273.35584343759365,486.9727957051707,510.8722696585122
126,477.949,205.2204886675364,205.2205986319409,205.23486634161705,256.64843448491706,314.48347092357506
127,513.333,251.802847594542,251.8018077479444,251.6095229268642,382.55400726212906,453.2161998785763
128,301.25,317.05607614671874,317.05517417445856,316.85014875009654,69.47452459839111,184.7207718176818
129,60.99,161.49654824559482,161.4961079163314,161.437525988363,197.8414510116118,112.33636289631102
130,366.667,179.9184192474918,179.92053549035188,180.2639232657638,-66.58653000802762,145.16372991094386
131,413.333,355.9113965963291,355.910259369382,355.6503119489565,234.4937463624094,253.6713679419016
132,320.0,179.53645200338656,179.54045420055152,180.18947523487856,199.96047225738172,184.6783933257742
133,706.0,284.65673579935805,284.6571171125799,284.6762391203694,425.677135313112,362.6731183636715
134,68.283,75.34791230083897,75.35114510735104,75.92640620656869,93.68720939166477,105.35084048801434
135,84.615,213.5094521429104,213.50925141019425,213.4709104709499,68.7078866608406,58.0338424962996
136,91.242,259.58440233053034,259.58329531152185,259.3781282818593,146.6226481123947,132.4623423073666
137,310.323,262.9333584841636,262.9318848079196,262.6647329761688,408.599648861951,475.0678176845853
138,306.667,266.818960010948,266.81746823454966,266.5457171328226,402.48427835879806,470.83053204053647
139,306.774,276.7741499169821,276.77277681989426,276.5152508645805,441.7272335909408,514.6987741551878
140,313.548,262.39125746873344,262.3901587301965,262.1828051885914,461.5326016203872,510.9251476608209
141,326.102,237.00084442982416,236.9998216507804,236.81744114948663,315.0634218679877,367.86962282670936
142,324.333,255.19353955030303,255.19260189059744,255.01474348519548,427.78378995526623,489.6306782250925
143,437.333,395.6464513147735,395.6440267454534,395.1590102015785,344.78960372863827,271.7435811298735
144,60.808,161.4793775335545,161.4781908148197,161.2991866054674,173.81999912164883,94.77539314126386
145,461.25,336.381306746674,336.380996729225,336.2647259741593,435.8794036075301,360.9916390437023
146,977.647,265.4970826267752,265.4954808119064,265.2042324562821,499.87655917425343,444.4824003523266
147,955.294,233.91173423144744,233.9107623138108,233.73619127929496,458.1090305096864,455.0012129833798
148,439.048,260.0163523847507,260.0147816309884,259.73349508538126,391.3125213077981,450.4874454707045
149,75.922,96.70981723576551,96.7119103708635,97.09472172030712,69.30451126742197,50.96019112454303
150,94.676,230.7536396908417,230.752385674395,230.53675920745783,113.07213198749902,29.66813157381182
151,94.965,247.32971001895555,247.32885554915367,247.17006927315788,90.28670805608525,57.32354823801359
152,435.455,272.0652887079318,272.063842043023,271.79599941759795,489.5074870355095,534.6894293751342
153,405.106,242.19220524167952,242.19101356509415,241.97957670993367,247.9732582649865,271.07183626211406
154,459.048,269.37392748277,269.37248894362835,269.1075777020749,459.7396310083316,522.0253501919964
155,447.907,269.15157031146737,269.1504620751688,268.9386836317851,454.4339228407787,515.6184646713976
156,432.273,262.7432749194651,262.7417971501267,262.4744716438905,356.736984584152,416.10725322884025
157,457.561,266.5637909643873,266.5621356744093,266.2646683891352,342.99609219244417,389.3447794189873
158,340.0,327.5381723186448,327.5369522157838,327.276017975708,102.64238004776324,187.2607624660438
159,59.8,179.67021980310398,179.66939076869633,179.53968273165924,183.4369232584232,104.61344392814738
160,238.0,297.65630419218104,297.65790731050737,297.86556774823777,121.55412561314876,266.28820770880674
161,644.828,255.4058267821788,255.40465918147788,255.18998434065065,411.690142377732,478.93772875950015
162,134.211,130.98371536649995,130.98520569463847,131.25533615657025,139.71192810294565,142.81588011868223
163,93.158,245.20712481786504,245.2055148811144,244.9261823849071,107.24853905482976,-15.219029294106464
164,97.671,263.7019176616798,263.7008560324854,263.5011773809906,134.90936393845345,119.25619294897696
165,530.625,194.59548266692215,194.59582888112743,194.6520030884509,337.43387476668545,357.99884424818663
166,532.143,133.3419677791194,133.34398873019006,133.6983557442354,139.0056763599689,166.660007759829
167,478.0,222.41678479231405,222.4166743767737,222.38760420921813,286.80293002710164,357.2743361625784
168,543.871,270.03892390256897,270.03779215771794,269.8216432385361,468.5577573053042,520.4584323067269
169,575.172,189.98282087817236,189.98251689382937,189.93712376991823,254.21096507431932,271.68831402158173
170,586.154,239.1951687155099,239.19423090231717,239.0248072211076,269.6478963357083,317.74487450286904
171,675.0,324.7513697528847,324.750234229211,324.50416408010744,93.82911198172609,186.46639489761785
172,59.238,171.11986727882422,171.11884629502967,170.96215924827166,184.58659183967168,102.23505815633132
173,721.25,307.76102620924223,307.7604951480812,307.6211254383772,374.5661265977011,299.2415282496935
174,68.776,78.07506808430071,78.07762787033289,78.54335142268701,109.94383340238416,89.17329031287443
175,78.0,210.51954384352825,210.5192493540635,210.46702802879668,102.20623676928678,96.90934839625186
176,85.811,234.24851365766503,234.2480658893561,234.1604357177407,117.19976720357388,131.63877293844632
177,477.949,258.7634534073913,258.76229687013426,258.54800541871487,399.7229647353945,471.759961396065
178,418.222,247.1430336543888,247.141989403802,246.95168667481937,301.9307056492005,360.12439051058243
179,361.224,275.955099579994,275.9536882276035,275.69029365885353,451.036687833255,520.8750696284427
180,376.863,245.41841463681817,245.4173337259765,245.2217561999796,326.08245788944873,386.2804495132317
181,392.653,251.53933401942868,251.53812548309804,251.3192496875436,332.7426366191137,392.9474213859088
182,396.667,258.4800189120833,258.4790613569945,258.29672925001034,410.8663096425573,482.42313929592126
183,600.0,357.9688160503474,357.96667238040465,357.5434288822813,198.65117485736675,198.90997029776463
184,60.404,176.37988023895488,176.37876244220544,176.20399508510664,175.5061129072556,97.29000410475112
185,585.0,297.1788273922322,297.1804161346067,297.3859653282162,118.87253410219336,265.37803952367153
186,568.571,317.05607614671874,317.05517417445856,316.85014875009654,69.47452459839111,184.7207718176818
187,905.0,346.1166363503896,346.1155361185129,345.8658339132478,194.9634330003618,234.4520835486879
188,73.58,15.280092556560248,15.281254924168309,15.54798966238218,38.68533661163191,78.94322643220983
189,76.174,146.41661438166716,146.417330827216,146.55629576911042,122.89297233026016,105.04405497054027
190,83.788,219.1657088565564,219.16549473839493,219.12208119013337,145.477306642774,178.08678713436746
191,470.769,267.77407966118403,267.7730543813873,267.57474543799503,478.6234562846371,510.2404203841528
192,397.872,242.32415899733127,242.3234078951972,242.18235642550397,303.38402769509526,372.3695990261789
193,396.957,265.3938033566196,265.39259469282104,265.1665173994545,444.11585437686495,509.1765178990921
194,394.694,260.3274123079441,260.32612308461887,260.0895754964762,426.8129947814493,493.32403745161935
195,406.087,253.93040885423727,253.92939947307627,253.74134396172624,345.7662300752943,418.6830656271799
196,463.902,266.7668769311496,266.7654864981472,266.5101656741866,385.57758993901575,456.3901082904798
197,91.579,76.03095038314427,76.02851036149039,75.68668429376083,96.02968823660125,86.27062064823474
198,78.24,103.16148225181836,103.16364812109371,103.5555740770883,23.95354993181742,17.425577958567715
199,83.729,137.42754870985596,137.42952038424448,137.77466433013203,61.34838964624056,99.03563300361782
200,485.882,271.7311788874388,271.7297606622492,271.4668886395506,472.6129377692541,530.0063890153491
201,467.368,273.5963415828728,273.5946479007973,273.28772742895285,361.157640223337,414.9832581069371
202,425.5,259.546660727612,259.54541702048937,259.3167390124196,404.3918927099219,474.751170768492
203,422.326,241.23074184912275,241.2294900705558,241.00812078911645,357.5339694502702,410.03012978425465
204,442.381,250.100547089806,250.0994189289789,249.8942099281786,316.6078780526975,376.2532894796917
205,444.878,267.63209067615674,267.6310075126541,267.4248752740883,354.4823444959336,433.3805509213584
206,113.75,179.01710257999892,179.01794246663667,179.1577102928794,216.6131304954345,136.22341651906788
207,72.063,232.39976363565276,232.39859334374788,232.1893429428298,125.75510678559694,94.06094542190414
208,110.213,171.8472624989049,171.84689795135267,171.79583024967604,211.45150994299405,122.34140623900193
209,142.632,235.3597262078216,235.35882052471823,235.1929773428328,427.1872088435072,343.47451812047655
210,83.846,262.6855141579358,262.68395441026973,262.39844779214457,209.349375367708,141.9405744384477
211,130.769,192.981218175216,192.9794611784874,192.69485648450475,313.4781109278203,185.6529174219944
212,108.679,187.08331595987664,187.08296802163647,187.0281979826709,301.0469219973539,192.4607223237284
213,71.148,222.10186696241976,222.10034021523245,221.8386903908265,189.5241484669991,110.48179217431914
214,81.613,143.9451190006561,143.9440372936946,143.7902509780603,203.3847786934914,110.57814590106034
215,316.842,247.92856854979487,247.9287238378552,247.9280146394077,402.0107814864482,328.05878626101764
216,63.902,203.71538762276165,203.71353607779727,203.4087576133366,318.455453284732,190.05980424665165
217,188.0,108.75379299713212,108.7519618171657,108.49528413072692,341.0975821982872,160.16962672428633
218,199.375,262.8797689128394,262.88087874013564,263.02800247415536,400.9213716557681,375.0740424745403
219,61.882,200.95181215695132,200.94988714071357,200.6342079274802,266.1882533335904,146.53419991405178
220,148.182,229.52973239013957,229.53004511337315,229.5649114788465,371.2736174539707,414.50979942282936
221,270.345,227.16868482950605,227.1691318600885,227.22584859506296,399.2130587645677,380.98049897046656
222,55.876,199.2631294914208,199.26129297086797,198.96059263240824,255.31551788276283,139.98228174448502
223,165.0,208.29334688072845,208.2923467339372,208.12526003176208,423.4020405009803,417.8861474256795
224,186.25,245.14175087902825,245.14166545785696,245.1032252896893,391.2934346575887,306.7407920179579
225,54.369,172.68974678018623,172.68791749477472,172.40062597462182,250.21118616905767,133.6786220593084
226,164.878,223.3320375805196,223.33046767489049,223.0634156393658,457.3453147857507,373.31883323386353
227,77.757,19.291579908336416,19.295061978893955,19.935334220757795,46.61614729299278,58.758260276010674
228,80.167,32.6250353184015,32.627998353175826,33.17868147342074,76.7377556774875,52.97369243078208
229,75.846,87.32705446157593,87.33001341476336,87.8559585089447,95.14726814726124,107.20575966454852
230,403.158,309.72371300035775,309.72293942721365,309.5419206922449,62.1004523484458,179.47803802837623
231,57.6,182.04022859592797,182.03838442289984,181.74449596828512,270.30456100253286,148.3703748682423
232,234.0,206.5297941670024,206.52873592597516,206.35114884466844,382.6508781118632,274.0492935601545
233,381.333,317.10906653840203,317.11275139346355,317.64782554987386,255.75301903261695,307.1626518085203
234,62.062,146.05636382140554,146.0548308316274,145.827161899265,175.10172424139995,93.58113955384796
235,332.174,178.69761850972156,178.69877700110152,178.89210843104803,330.0046566525484,293.1998809587916
236,68.0,70.30965564706236,70.30876622649606,70.2193997605709,83.47878116651846,81.23569022296977
237,122.821,107.16105591068754,107.1630493949533,107.52483420679948,116.43484690006268,107.3648712572052
238,88.571,51.535443154566906,51.53870957961408,52.13000593814775,76.0660585618805,74.63072818356375
239,434.118,387.7142789403319,387.7135412926807,387.5041862500961,357.1000266317242,322.26424528180416
240,60.404,167.00598346475303,167.0042600580807,166.73639977724227,206.6005432224906,107.67026855054144
241,412.0,226.77978253773117,226.77964379443813,226.7418730888267,420.15273382379655,377.4711479466554
242,71.22,80.26595280976562,80.26618853565577,80.35416865735215,166.00971581967224,93.54888482867534
243,103.951,87.94589110836341,87.94732534604702,88.22734668416308,157.7795583136633,87.97596125098278
244,92.051,124.44002422576445,124.44183221328,124.7660094221202,129.76208737966294,137.55597637173412
245,69.783,39.116494563104254,39.119467477076114,39.66845390295606,99.94333777757016,79.85041658613989
246,94.444,317.05607614671874,317.05517417445856,316.85014875009654,69.47452459839111,184.7207718176818
247,69.467,186.20291296353676,186.2032890888986,186.26981777578635,101.07572504228462,118.9245226473016
248,422.326,259.4273473531072,259.426215337048,259.2155858148881,397.12547371687447,470.4020227333116
249,386.957,247.22880380312063,247.2278470716052,247.05153953739045,305.90570072775995,369.8327935927249
250,359.6,256.5577719019692,256.55722032711753,256.4415895204846,335.3845843448523,421.3418734077153
251,429.545,267.9771006045678,267.97593055914353,267.75461512358413,465.0961673599632,519.1969080852526
252,404.255,248.19467085833583,248.19337922470004,247.9628410241628,305.11478160499223,349.53591362016084
253,393.191,271.9921229353289,271.9910786594836,271.78832063509446,452.01978129761096,515.425842584062
254,76.304,54.43069897722319,54.43456742453054,55.12113054840791,90.78816585128268,118.21780073001209
255,74.545,317.05607614671874,317.05517417445856,316.85014875009654,69.47452459839111,184.7207718176818
256,75.504,192.19349208531185,192.1936857937642,192.2282415260053,92.24001333857063,100.77688967155916
257,437.5,296.7990115926282,296.79722042295805,296.4628582132457,510.5977142294739,566.0165560258996
258,397.143,256.91668402829055,256.9152415236308,256.65667432544706,282.099321302984,312.7893078116344
259,360.8,250.70460152081444,250.7032788192428,250.46659242805688,309.4721503157805,355.4497388518379
260,452.5,257.4770660479303,257.47601736016134,257.279282955279,431.71705419806017,494.7068461966868
261,392.083,256.212782047626,256.21109009493455,255.91236408589876,347.5234866592989,385.07365976987273
262,401.277,280.61329300947284,280.611594617127,280.30007952546543,448.4607517052134,517.5200747149378
263,74.468,116.43093682683492,116.43331482724308,116.85236476774992,162.2524083277392,168.41325508750958
264,70.909,317.05607614671874,317.05517417445856,316.85014875009654,69.47452459839111,184.7207718176818
265,77.945,210.90706972515227,210.9071488771424,210.9147976166988,105.334520058276,134.517835566587
266,467.222,287.4038194985967,287.40237615707906,287.1281800060169,493.9742797838262,547.8029878665133
267,424.0,216.66896954644017,216.66819897012,216.53581193946548,263.46062098996595,294.412630995956
268,405.714,257.39377093107305,257.3927401916972,257.2003237715036,245.75256574549556,292.2639075681967
269,493.143,244.96341105625984,244.96285012521548,244.85001930967545,422.9121915788262,469.0714456046429
270,477.949,218.91568102254,218.9151115416836,218.8139897157112,268.7485439686068,316.1072601001673
271,513.333,259.3956256077654,259.394193835593,259.13506557091625,438.7066830568558,499.69494818558667
272,68.283,83.7211265773916,83.72394897919912,84.22939932149939,109.22068208312592,107.1502865474198
273,84.615,203.45621962610392,203.45582674231355,203.39114733302165,64.74084409032072,16.704468060854538
274,91.242,261.24299890667965,261.24227718617453,261.09850003465874,100.00335061601778,93.8293970366525
275,310.323,275.8607172188182,275.85946661249125,275.6212193437426,493.9708289955929,527.6945605466047
276,306.667,263.4740489955666,263.47255337360446,263.20212435836606,343.0226700980809,398.0518252001661
277,306.774,297.9557086950242,297.9532493477453,297.5115268239664,480.9224270091315,528.3058284097082
278,313.548,259.565071789404,259.56408544140504,259.3766029305708,415.1462458067938,486.1476083848705
279,326.102,241.61255290502788,241.61127529338592,241.3860998511468,281.1205646128808,311.1104873919561
280,324.333,267.2040394144408,267.20305474589577,267.01149131088187,478.3027997436518,506.4178170391773
281,75.922,162.4705776487068,162.47102906653697,162.56023303290283,117.33424156887692,107.09008026089792
282,94.676,227.6823037292789,227.68152407021591,227.5438862999952,31.4462479832289,-55.25283732973696
283,94.965,254.4176527041992,254.4164901067745,254.20500266544676,83.37449160256871,13.000636419967464
284,134.211,90.58216003297277,90.58468496523392,91.03924392395449,114.94040476684792,107.01538380624186
285,93.158,258.03853457037303,258.0370168534971,257.76656455500984,140.95995374425706,72.97970989260864
286,97.671,265.80692611322434,265.8057451545526,265.58600351871496,119.57479747674348,80.80521415655892
287,68.776,41.737990408703126,41.74131657324415,42.34632412134863,83.43950866615548,81.2547213472302
288,78.0,234.75294666819127,234.75227642387145,234.62871004971896,106.08874271742732,93.11071514098364
289,85.811,256.2091234231804,256.2081496050897,256.0260945118898,107.09604150792872,78.21254139738664
290,73.58,36.245986353259866,36.24607647208995,36.33023414130821,50.21938444046653,81.7864404165615
291,76.174,169.596680169789,169.59702473693994,169.66558348982903,163.58930095782466,170.33307979484596
292,83.788,194.6335852492307,194.6337568781007,194.66377862438023,69.04018636307389,68.80820742047433
293,91.579,196.74230791165556,196.74160877049812,196.63031842004068,148.53618672472908,104.826338208239
294,78.24,196.74230791165556,196.74160877049812,196.63031842004068,148.53618672472908,104.826338208239
295,83.729,140.2786523527451,140.28049884720235,140.60427324997477,55.6508182343489,90.31439150260336
296,113.75,189.1718940977863,189.1750969267035,189.6905558557988,166.9868109208498,165.68253696623776
297,72.063,215.39817298351903,215.39740437343409,215.260442412586,74.09880278715895,76.25908471064702
298,110.213,170.90156693741983,170.90135347749356,170.87455260223703,124.74950233657474,82.4308201897569
299,142.632,216.1204181660634,216.12274834206187,216.48585015937212,251.45368444240225,188.58250325525785
300,83.846,220.5963048224136,220.5949265980392,220.35745457987093,94.6700337013628,71.16764929204697
301,130.769,157.08349648488772,157.08246290173753,156.9301309020755,167.47989557804368,92.65272504482698
302,108.679,200.19534451987371,200.1984284722496,200.690133576286,224.24158494164053,179.7200424990964
303,71.148,219.163482386658,219.1619644003876,218.9026830233541,106.06664445006034,71.3878646110038
304,81.613,174.59018950911957,174.58887159861243,174.38254414775446,149.5149986915901,82.60034028625012
305,316.842,306.8091579991063,306.81102577121374,307.0589006173535,358.2062085403994,287.1738974063122
306,63.902,206.21530295489575,206.2137305652963,205.95196597576063,176.13540872215566,97.41123371264064
307,188.0,89.59648096662812,89.59950766510923,90.13379860031137,178.89544008075472,143.46648129328457
308,199.375,320.7732255531261,320.7755364647275,321.08852463358966,358.03481044775333,281.6311218459199
309,61.882,203.05330333209844,203.0516466523876,202.7776478130309,154.45289721227223,84.35508032967653
310,148.182,123.1017573099278,123.1038749142934,123.47642965283929,241.5029966094878,175.74355022643647
311,270.345,311.79968133904663,311.8013390732205,312.01361693582254,394.2518793540654,313.9106281801709
312,55.876,199.77248293167133,199.7709837935037,199.52386956446983,152.38483475162914,85.24802459995328
313,165.0,89.15913096721158,89.1617717745882,89.63449070825459,182.16735805078545,142.95932045806182
314,186.25,358.3315685877469,358.3329819597109,358.4842258842333,383.109426602902,306.9131966304216
315,54.369,191.6669840775008,191.66565518032925,191.44984347111784,179.4661259514163,99.4315864510487
316,164.878,128.27951849143898,128.28179191664873,128.67736451226324,244.6023970213876,192.84671717853269
317,291.429,441.5919182454574,441.590064159235,441.17725435648055,506.57186611700126,350.7095814803914
318,53.694,156.90381775360618,156.90280701884058,156.75426490682287,171.77054285731975,94.86691712973504
319,195.385,184.26347899398456,184.2648789657404,184.4944297996524,329.51366687367045,287.7748929950416
320,77.757,118.24016367494971,118.24199833616842,118.5733983243706,106.65098741789576,107.573572280426
321,80.167,159.45938341828457,159.4600475107094,159.5849325073691,91.70424675939718,85.09429946831585
322,75.846,177.12094660674916,177.12184528613386,177.27642097109504,107.3950537372905,148.90745977156837
323,403.158,297.6900869222682,297.6908226506314,297.76060337239267,390.597017725697,316.7438496804592
324,57.6,160.23550309274313,160.2342677595123,160.04803372129027,178.99679091766973,96.99022279532151
325,234.0,149.29585579602792,149.29696796371877,149.49564469057026,297.57966862439685,218.41159247621036
326,381.333,274.2118703812958,274.2139400867959,274.507361749289,96.2473122086395,251.2604424931783
327,62.062,149.3930611519709,149.39226380400902,149.28161722965947,177.45271837587077,98.69789219842768
328,332.174,180.73412777541807,180.73629846199972,181.09138169858213,304.36980950646057,254.3906826412516
329,68.0,77.44463237000096,77.44336922515959,77.29053866743311,96.16263686164474,82.2634618952901
330,122.821,97.63269127672584,97.6347224952748,98.00703947957923,86.99807885283123,66.59972151981708
331,88.571,117.96731784754591,117.96932856137867,118.32911970019518,110.56725864603438,119.50449012869136
332,434.118,359.0001934843252,359.0010038651258,359.05397077570683,304.48118883939003,310.4294018229688
333,60.404,142.49181715807651,142.49192825929052,142.53074806808925,157.8263788545305,93.53511196779152
334,412.0,224.289454961174,224.28937871989208,224.26298978026583,417.3057244579911,386.3771111614791
335,71.22,63.57868474958741,63.57869757064788,63.638142779176064,118.75974252880668,81.21993485472956
336,103.951,56.97397731139006,56.97630152166846,57.41359943038685,93.96847003681955,39.14598202731793
337,92.051,66.19366603013623,66.1966222280571,66.7313983907477,97.70438597886074,86.48366989765998
338,69.783,37.04749525358835,37.04969446554924,37.47430357797532,110.46502104327809,78.01779815233601
339,94.444,317.05607614671874,317.05517417445856,316.85014875009654,69.47452459839111,184.7207718176818
340,69.467,176.37732481595742,176.3780150238091,176.499612326558,70.0263175711241,86.51603170765372
341,422.326,270.8514011440932,270.85012099639835,270.60980809548107,470.06510332191647,525.7746364169237
342,386.957,218.97497367639835,218.9746407086534,218.91179159371384,221.6054296586356,271.7878706470241
343,359.6,278.7703985329631,278.76833824962023,278.39984953746546,413.2428458862776,461.9178959827572
344,429.545,256.6589007767129,256.65771155950995,256.43903810306176,408.3504723124604,476.9456838239297
345,404.255,243.0111228253951,243.00994744662185,242.8003778492861,311.22327000861446,360.33297544009326
346,393.191,263.004522102946,263.0032232446704,262.7638814677308,431.6634392117805,499.0100836362275
347,76.304,20.328794077598445,20.33270580409857,21.04143746460494,51.36156405138219,95.68992183792068
348,74.545,317.05607614671874,317.05517417445856,316.85014875009654,69.47452459839111,184.7207718176818
349,75.504,200.82070893135324,200.820635901871,200.80848777410165,80.31501541292779,71.56110002698767
350,437.5,263.6220717975352,263.62083195098285,263.3911012450649,385.9667282456928,459.9414464973837
351,397.143,203.1695997707352,203.17001716848551,203.23506011832544,188.27553545016667,251.414105514314
352,360.8,274.0851681559833,274.0837221787939,273.8162431219656,378.49245155089625,449.7582861171562
353,452.5,276.01131986600103,276.0100108506364,275.762510184293,486.66944728665067,533.3970948547961
354,392.083,215.40840005682048,215.4083422087806,215.3910415002823,261.91701051332325,326.53616958497366
355,401.277,257.8465533784189,257.8454922592176,257.64696941657235,395.31158256090544,468.89267899796175
356,74.468,24.861794504388456,24.86470868611144,25.41022627062091,82.48776487037232,80.82306838465809
357,70.909,317.05607614671874,317.05517417445856,316.85014875009654,69.47452459839111,184.7207718176818
358,77.945,219.01736123294663,219.0175667857536,219.04195500709432,89.55247838954234,129.70759658953682
359,467.222,255.9895832283769,255.98855314295304,255.7959710958038,380.9444444955173,455.2315168506924
360,424.0,221.53438820931467,221.53364799172607,221.4035993752381,314.6260339947505,363.1468254521918
361,405.714,258.07535720850376,258.0743613148188,257.8867126071109,331.0656650499461,405.3805177758935
362,493.143,259.179447741599,259.17840545273793,258.9819541816388,430.2835386711997,495.3807885238515
363,477.949,227.4802747653728,227.4794350436661,227.33086595717143,296.3403778017898,344.72138167270384
364,513.333,249.26714671431037,249.26648701980605,249.13642072668551,377.0101239239687,451.6374486256704
365,68.283,21.567336631721677,21.570910714510266,22.224522806127936,64.16149047212254,89.93530089736521
366,84.615,203.58983226825023,203.58942979457996,203.52300714414665,95.06954905535784,64.69338264058968
367,91.242,253.1041416474452,253.1033151968728,252.946273668794,124.09508126031666,120.28008152042672
368,310.323,262.7674375238573,262.76629515369984,262.55217893845406,430.6994683574597,498.8458567261281
369,306.667,242.06900081899755,242.06811872969217,241.90609762135875,309.616778844829,373.52236995547935
370,306.774,262.7801058857283,262.77840893088023,262.47546464450227,410.47938128740657,468.18825512769615
371,313.548,259.565071789404,259.56408544140504,259.3766029305708,415.1462458067938,486.1476083848705
372,326.102,241.61255290502788,241.61127529338592,241.3860998511468,281.1205646128808,311.1104873919561
373,324.333,267.2040394144408,267.20305474589577,267.01149131088187,478.3027997436518,506.4178170391773
374,75.922,59.57245362523986,59.57522160541919,60.082725429522384,91.14180243335136,65.26175829011697
375,94.676,218.2239703090904,218.223195561346,218.0900619424996,152.75723391288216,137.4091728294319
376,94.965,240.9304665839544,240.92988570531,240.8180768470252,65.26131018639968,40.35605604406953
377,134.211,83.56002712370503,83.5628443037009,84.06761774893266,100.21007383823304,100.15096413019852
378,93.158,229.49940005644555,229.49841218088432,229.32615738378604,106.90203084383826,52.372683306998056
379,97.671,282.3638945847499,282.36246035755744,282.0942440179181,182.6873439405433,165.0287297901399
380,68.776,47.16722001193989,47.17039938264554,47.74941158768172,88.87436725402837,78.83224422145793
381,78.0,213.7920348758579,213.7911410022832,213.64091072919572,142.01917863680842,100.55875325521843
382,85.811,270.90321274120765,270.9017398475455,270.6327630110559,121.56360083658616,50.82314994772821
383,73.58,29.44060201046642,29.441359404219725,29.6362348840305,48.80392970168829,80.49372664901273
384,76.174,141.93050531650954,141.93136510218608,142.09553073963536,97.92266458616383,76.45951176631422
385,83.788,204.03543974455877,204.03592578587143,204.11223986871687,72.2752103905266,110.81302910197915
386,91.579,81.7915567130081,81.79031234700392,81.63933869647099,209.2247072997561,100.51522808223706
387,78.24,105.09018721743246,105.09264307334092,105.5303305116771,24.133331878970026,40.75335153869162
388,83.729,120.78106316546382,120.78358825296856,121.22562752437136,-18.57089667763306,22.92577400656808
389,82.308,139.66821855010255,139.6668338222743,139.46605036342515,180.9839073373106,97.69151497807924
390,63.659,87.28890295166701,87.2870602050615,87.03619985735077,86.39454843408389,80.1524212495209
391,97.265,161.52601405382256,161.52645754939988,161.6150289954112,77.7988086353114,50.90848676789244
392,105.536,193.34869377727463,193.34848707664048,193.3174656127967,217.3738522690785,239.2632843462219
393,524.118,240.7780163960465,240.7774177745548,240.6609051130697,382.0792796184248,447.73588635190606
394,481.818,231.5516002300527,231.55108136987928,231.45237848340523,274.2300987493611,339.1076295441911
395,597.037,266.77305987067723,266.77176660609496,266.5323455898666,344.5083274085339,412.9168712063714
396,506.667,235.1052289794676,235.10444420697604,234.961216157688,305.1957550540972,366.2588296311609
397,484.242,246.986266761646,246.9856861307005,246.8704078617427,224.6815939678897,286.12037796514267
398,512.258,228.375092756378,228.3746831008175,228.2950325329989,262.1475000732569,326.8774542510531
399,84.0,72.08050873504999,72.0836875728263,72.65203780298714,60.60983401196451,74.5602715734152
400,77.101,203.20954210702428,203.2095384197795,203.2076253268829,44.94211334845637,27.32542744917953
401,78.235,196.7719976439145,196.7717967621136,196.73979583512855,272.1221019094771,306.9128903393888
402,365.0,237.56611468394203,237.5651167521262,237.38589317628575,387.27076014938825,444.02004183233873
403,442.759,236.43917517178036,236.4382326766951,236.26912493212603,296.77046524138655,349.45537429406465
404,450.345,285.1742809653389,285.1723559607209,284.8234535965796,293.6505105946442,300.2287523040308
405,565.333,238.85518676961863,238.8542247248647,238.68012851249264,393.0711963444594,450.7269729088752
406,593.571,226.23122070291663,226.2304943785747,226.10075688807547,288.4600421114062,339.970515860727
407,574.815,239.38680582621407,239.38602388511487,239.24035154603015,414.226514722551,464.601161355184
408,83.457,25.107739326702017,25.11168083231314,25.823307939668325,46.27924789393161,87.36975957351603
409,77.008,111.76462289379594,111.76731499627977,112.23998924297132,26.40748577306637,66.98493512648781
410,78.596,215.74683912739192,215.74678765175804,215.73091663293872,171.38131691276817,220.8001791862647
411,480.667,129.9511273658735,129.95303656549004,130.29021427973782,214.42361290927988,205.773793823117
412,426.207,183.20805122835705,183.2083519204788,183.2637355711238,166.5718451167911,193.353706813696
413,413.333,235.31187418164325,235.31080266705908,235.12175436709288,251.10451946742364,278.44814348967554
414,575.0,210.32032703628656,210.32053175742044,210.347755329744,254.02083943237423,320.72858560680686
415,606.154,248.3907406253685,248.39010301384496,248.26475193570104,272.98915710555843,345.8258776821334
416,538.261,211.98131203119965,211.9812657002153,211.9673485932749,262.5601666823379,323.60540605275526
417,73.673,75.6261870064742,75.62909697062821,76.15243731001237,84.58930216043815,83.41029273116362
418,74.688,165.55147208574522,165.55222517521656,165.68887457705262,55.15715885362103,54.14122555892607
419,84.677,193.51174512153452,193.51173620695272,193.5128285769856,149.60064650598883,165.8825243175255
420,431.538,217.8498612472448,217.8499696753736,217.8570782560149,381.53197576802495,405.7854863217093
421,453.636,206.6496332900809,206.64904608876884,206.5489621787348,413.22406668124086,402.3048108918614
422,441.739,251.79130032186936,251.78987302352252,251.5356874435512,341.23651027365327,391.08719829470135
423,532.5,171.53619383289572,171.53674430739977,171.63669950028145,270.7676414375412,288.05769957331574
424,510.0,215.7165433492546,215.71614235098932,215.64350580253856,271.5843789831731,323.7781283280077
425,745.333,262.3600367514,262.3590294504935,262.1680718189938,257.8573948664514,313.2672131682506
426,87.32,229.15759796614785,229.1571475773832,229.0712533449606,145.88734451988353,170.16821871478385
427,88.421,248.89328103002867,248.8919455395213,248.65532581807884,43.82428460980442,-89.60485539767035
428,85.29,220.35752692528035,220.3565604450164,220.19184058997484,112.7962837339253,52.76646978875431
429,526.25,257.206523617701,257.20563861675146,257.03465392750627,467.2498111099681,491.1705363367968
430,474.857,253.8087655445163,253.8075828916321,253.59192751103944,320.27459884667064,380.6878344596065
431,508.0,241.04802703599373,241.0469879389011,240.8601386192804,319.25505853373966,376.1645198415375
432,441.667,403.9907894679863,403.9889016650328,403.5876101100757,491.2167680452517,376.4218007988983
433,600.69,241.7782433611095,241.7766182855169,241.49477784658188,393.0566052326669,431.2727457606692
434,643.571,261.42766811474826,261.42529576844504,261.01391750832147,480.68942154106185,508.17043007142126
435,111.111,204.16659062540327,204.16655637116844,204.1588978360253,127.9600377478812,149.25571173594142
436,101.008,143.62249431829366,143.62330998042296,143.7802677323241,-25.11617803401917,-96.607454693161
437,87.429,150.41949811173595,150.4199847327443,150.5198336964702,181.61386979477837,166.3700936788249
438,239.0,288.7162110901476,288.7181884101382,288.9901320578361,104.1567602384313,271.88231227210554
439,68.736,189.84507062600304,189.845139425302,189.85530689870927,164.59297096557668,107.69884057866408
440,62.5,142.40161462374778,142.40014325716356,142.18319760665526,-5.536725144504928,37.70993911985596
441,100.0,204.08937857015167,204.08935415119424,204.08324556857497,140.5133148888474,167.33998611725326
442,97.355,192.41874060121745,192.4181949900924,192.3335459131755,144.51909277070058,107.655178757925
443,88.348,187.27471170354025,187.27496362343743,187.32063114933203,175.21587928581607,207.00674758125604
444,619.091,226.9045048222174,226.9043380860295,226.8621717023165,422.9163447584244,391.8100107306112
445,521.429,182.35657544915216,182.35634648073096,182.32609281729503,293.90949524624943,303.80238819269505
446,589.091,197.95805154930792,197.9583211508252,198.0014187865504,265.76726335493936,317.8913169994215
447,304.706,225.48969659521777,225.4960144249356,226.49708906116425,218.3284487464596,335.3581066935425
448,508.571,238.8292347837878,238.82853918567105,238.6980271255616,295.7759140448936,362.9795353233807
449,583.448,268.2403549298012,268.2386439410478,267.930210480978,486.2010589367708,535.3320438637478
450,36.0,306.71552239153755,306.71432953123826,306.46762337498376,176.94343198583914,179.0328106154314
451,30.641,307.2225252867591,307.2213185623762,306.971851975947,109.497616685889,161.16366792394237
452,323.529,297.7762090326478,297.77866780342407,298.1243425332907,161.70686673300432,291.53823212122563
453,81.918,188.54567947689048,188.5457591181292,188.5582908039626,167.72532852552723,108.61306255285274
454,68.197,157.36183378321638,157.35987299486357,157.05734982370794,31.538167426535665,35.841705503711296
455,106.261,219.0765433159237,219.0756367103473,218.9209370612521,150.62230944274663,120.92836462838966
456,92.941,198.4497376883052,198.44924797368915,198.3715298494748,2.90305894873633,-110.0409332436226
457,85.594,209.13862589985692,209.13842124635937,209.10027988472848,271.4450192574648,323.4898587783558
458,584.444,204.3474852416241,204.34735200574264,204.3217500919243,376.1595499258895,390.3223086838501
459,472.903,214.7373280804834,214.7366938175608,214.6262093175732,369.3303215205267,406.35656001864334
460,620.0,291.5498888323626,291.5473363716264,291.0939287098603,432.1445679213982,455.9654424004861
461,660.0,234.308228817638,234.30729629680195,234.1404894308256,333.49537211908114,390.4767492438135
462,566.667,220.30622821442728,220.305769998247,220.22131006948723,344.5502091617511,398.4083268030976
463,590.833,243.1286165021122,243.12731548108692,242.89660221388976,422.8374592525022,472.7105812165704
464,215.172,361.0233113959007,361.023773534474,361.01966550592806,302.8040063774311,309.3609086878936
465,71.566,203.31188831348587,203.3117013922199,203.27450250890783,172.10655661521463,114.23197540873925
466,60.789,114.15090812642876,114.14963849807629,113.97857751976484,67.56829814895569,64.77122896753201
467,92.0,121.06911814192564,121.0709439767503,121.39956586603864,119.9933389345381,124.22769597081276
468,82.074,164.27643396445967,164.27762401198993,164.4848352888016,101.96419900962044,140.5714069681584
469,93.607,183.256510910834,183.2568341246541,183.3159638233659,141.25344108142212,163.39679270908744
470,337.5,349.6026550377852,349.59873025293143,348.8965327103504,674.5995419347889,639.0212363667255
471,425.6,294.868408876776,294.8646969448996,294.2228285308753,542.6803954232485,499.9497113079582
472,336.8,229.23338877675383,229.23266674924707,229.10152617744507,379.73081999986766,432.4092165438509
473,508.966,203.16245146642507,203.1619588689548,203.0789895167657,392.98020129578026,396.8601271711981
474,467.5,207.6861091822448,207.6856558648176,207.60760656909255,345.29217795540694,381.5078957185637
475,380.0,233.63668810516185,233.6357307059809,233.46529388832263,324.79015287551306,378.9208627206848
476,130.811,274.8254836690916,274.8249247540842,274.69453067608566,81.39857589038654,141.40394678062268
477,110.337,281.2304767907032,281.22985035988603,281.08915981203114,480.57039622017714,480.0111577200136
478,77.25,17.53981102819955,17.543965889516073,18.29202884185986,41.935322440745736,147.79274042161558
479,72.576,194.67283208242972,194.6729109340048,194.68750244268904,164.71497571726263,193.83778324043885
480,90.222,236.32611970067703,236.32507242127235,236.1401149483297,123.24139226091462,81.0797803302579
481,83.885,200.8984154597107,200.89831316881543,200.8812312045559,119.92110087546804,127.63917556753074
482,727.273,386.7386124952173,386.73639209188246,386.2909050682391,598.3108425718912,526.5721070560306
483,430.476,288.9361190030239,288.9346432415184,288.6542582379443,510.6792918775991,548.8612040886022
484,338.261,200.61713703217845,200.6179662582072,200.7488721278096,342.81551075662173,354.01115706192866
485,593.077,232.87180231328205,232.8712134948023,232.7585914445612,444.1005659016155,429.7256841093716
486,589.0,231.5439785172316,231.5432486044126,231.4093535591944,417.44433906552536,454.2617248176924
487,440.87,201.65985146596503,201.65952624810663,201.60512969148067,302.0493126111371,339.03687349362224
488,208.0,231.6405704594435,231.64037964173437,231.58922173955332,112.03906861271378,112.5078236712859
489,118.462,181.83591760779012,181.83621359271075,181.88675231988225,176.2233438525132,111.90182072564257
490,106.957,44.00836444725462,44.013204979195166,44.8608642985472,67.14929450754177,156.63134179752012
491,91.207,170.3581601245346,170.35871944779456,170.4617785999876,108.27293726141104,117.30852159029962
492,89.291,175.2889622865108,175.2891010896825,175.32263132832145,52.811212717058666,9.225698931450438
493,94.286,182.7601629152241,182.7606416554114,182.844963603126,146.14583515566915,178.7923542612283
494,553.077,296.60093145501503,296.5991824048275,296.2709401525637,539.4108629993098,551.5653412147025
495,594.286,262.0946463508543,262.0937599266906,261.9216866986019,358.3162306561492,440.2667380495572
496,577.692,265.81526286242183,265.81409880707804,265.5956122096461,378.4739448656003,455.69073363075074
497,604.348,236.784490886346,236.78358016900108,236.6191675223057,333.0145422029011,393.53616674697184
498,722.857,199.74029287021324,199.7403401535001,199.7467046897677,293.12174332411973,338.64652687408886
499,671.2,262.36092722994204,262.3594274888079,262.0883772632425,405.169232088783,470.2662782459105
500,156.111,207.08625169418968,207.08678281073668,207.16339907336868,146.53991773923428,117.337542098198
501,106.23,179.84534971266606,179.84634525571832,180.01077146760082,210.6452527299358,134.5412521608008
502,93.902,103.16924822261944,103.1711497117086,103.51961121159866,150.7492072978987,126.42575557147428
503,61.781,204.87889868594857,204.87846579615905,204.80636629038827,137.11396544505874,128.4630162542038
504,71.973,222.4199137345281,222.4192247145154,222.2981350969843,120.74461647266776,101.18989743326016
505,69.306,222.7055972394486,222.70486048519692,222.5761053523563,91.42104207536228,48.01698293995503
506,525.833,289.68524075506525,289.68297139738377,289.2743121873143,556.9676746715652,573.4626931385959
507,639.2,238.25601214538855,238.2553850935302,238.13622721318256,283.10157913489024,350.7781419374536
508,578.462,245.2413719761796,245.24062279180063,245.0984478841582,320.59997847311,394.0196677695661
509,649.6,242.41655826827943,242.41580112757765,242.2728191425191,409.3381504636425,465.737136742859
510,577.5,197.25708699822587,197.25697384846276,197.23856677123345,306.094460779804,342.11398681091885
511,509.63,247.878476233802,247.87733008132383,247.6699763048215,352.70016180301786,416.0550473105562
512,26.667,297.39145057174414,297.3902569120508,297.1478615624354,213.5671891143492,183.1056379128388
513,34.321,285.30735894092714,285.3061982121638,285.0746997892882,224.83477914917464,178.16410978781346
514,189.714,242.6777535265533,242.6811504131183,243.20414623736963,270.6607805538657,225.61844644475548
515,118.148,204.3551680704853,204.3563781814239,204.54401575316191,204.33148264008253,146.3948586834939
516,90.333,87.7890823251472,87.79050316781831,88.06505250977085,55.545044470374265,78.1237758697456
517,85.167,199.53253914449044,199.5324270695678,199.5141123591368,171.14830930276935,195.9089507184275
518,79.281,209.54166105407205,209.54137657035403,209.4912900652424,84.13434825176297,68.58903384006624
519,80.576,198.77075297075112,198.7708109118049,198.78089368302244,25.43522999129324,-3.20583984242478
520,540.87,336.8223184222171,336.81896298956497,336.2141456192619,638.2600015877213,630.0459533504858
521,667.5,211.7035088916317,211.70312474329705,211.6343472718479,349.451982319081,391.43532606718
522,386.897,283.96273735590125,283.96101175646186,283.64429716158554,360.4742147214786,415.45821376591846
523,554.615,226.59856397411025,226.59786642549648,226.4717944555117,383.0269618450632,431.4215738650695
524,641.739,206.99023931802677,206.989423028641,206.85396691660185,273.90040400909925,290.36616356879165
525,640.0,233.59621369894185,233.5948593898992,233.36041624949223,361.719495503354,400.45802224737633
526,161.277,322.494310617267,322.49630595002964,322.757513333904,354.4759034118416,287.81487325629985
527,100.923,231.02294081079415,231.02365690245895,231.11977782977,260.0574664931878,186.5182843383958
528,87.397,86.80973498149473,86.81504646383075,87.71742715927775,115.29102936477511,208.67829546684004
529,94.504,197.3572891219295,197.35718301128645,197.34111628621213,112.97731222255176,112.0051315179611
530,93.431,216.34302366983889,216.34249986634305,216.2510559958082,44.06577237912349,-14.730463741097653
531,91.189,195.19002567152825,195.18989748381105,195.1700813488959,296.67110419218466,330.5781203038372
532,380.667,386.10952977631655,386.1066447789664,385.55493560306894,632.7499773885488,579.3974419425925
533,475.0,231.1697476657013,231.168824500195,231.0049621938408,328.99334527736414,382.4024838598292
534,350.625,253.85122207382108,253.8506602290713,253.73430374376144,370.96778408008026,450.71105830261
535,436.25,273.5229060870315,273.52144029383214,273.24974630367035,497.014437229258,536.3232478241865
536,423.704,289.75368662109054,289.7514357585162,289.3470846978894,454.8727432915982,506.65154757991183
537,432.667,270.7435713931511,270.741933052376,270.4444321242514,453.1641037463076,516.9807279201508
538,214.118,357.7881058140902,357.78971265574216,357.9722277370944,366.6453462097572,301.6471708252524
539,127.692,199.48366047135133,199.4851105574793,199.7138108175062,223.52180476673408,155.04533520145776
540,103.438,107.45779384779831,107.46241460684443,108.24510342390433,174.190739761357,185.4419189083368
541,100.189,225.5686274819774,225.56814117233023,225.4780519447044,153.735279409261,175.10646881484934
542,100.342,219.0381019999252,219.03741900374823,218.9189918725724,84.19351863184853,37.43762373105199
543,87.176,231.130053027424,231.12886545613367,230.9236517700496,134.36140955606493,76.47450696707745
544,642.857,383.2254885466875,383.2239519454502,382.8898579489371,557.0781898930492,476.04077461226586
545,608.421,256.62861704565444,256.62713410562924,256.36179195136367,347.62652855293686,399.8594564864637
546,563.81,248.28659834620464,248.2845548072379,247.9322273778573,438.4714698605392,466.1972830424223
547,613.333,249.87295081078173,249.87162932568765,249.63410663501804,463.11832970349474,501.4039068020815
548,646.667,239.7025106990089,239.70187894559683,239.58065972060285,368.5929405676377,436.8758568952493
549,757.778,234.408758963718,234.40788197355727,234.2499212489297,337.0836544667111,396.674870227975
550,215.758,309.7721387066482,309.7741623618409,310.04545663182864,327.1238900758799,277.4331496105782
551,126.667,205.072934609446,205.07455521408104,205.32815746239987,223.81517762947345,160.46064221208178
552,106.575,200.52214845492563,200.5245206335041,200.90320487380103,315.11465224133644,276.587918275933
553,101.579,189.94157676986677,189.94188618405303,189.9956527752371,165.80555049075815,202.9394690549401
554,86.721,220.49896208699025,220.49836295573584,220.3923564473546,167.12774646053435,179.26557732730214
555,97.043,212.05104428689023,212.05065604115464,211.98264775508176,107.7027381135256,98.19880593252526
556,500.909,303.93333149035584,303.9337167339197,303.94614345990215,430.6379858552252,444.5847020494351
557,489.6,208.69730180238992,208.69682182891088,208.61352517834015,388.2855553847514,406.25938653635455
558,487.2,201.75524052690596,201.755388128425,201.77700023456384,288.98147859282903,340.00914521770244
559,682.727,236.61464341679675,236.61329660650244,236.37715308154736,476.66593105495735,470.9149472645098
560,491.579,246.3869197058458,246.38583551085455,246.18843543809655,424.62085311156966,479.550638118208
561,548.8,218.8402583153471,218.83989962304588,218.77259435100507,280.6482744465713,339.268069264583
562,26.256,299.17494102972114,299.17378734499584,298.9375416944478,311.25604912030553,237.96546417645493
563,28.447,267.5301699023653,267.52867001220545,267.25084271589424,259.33361537334645,175.50226057093687
564,232.258,320.43725479995413,320.4382136781535,320.5333073893182,369.7818148701624,305.2253579549573
565,144.583,184.45261658164333,184.45476696439687,184.8035751193995,251.46603552943168,172.23854635053647
566,98.31,95.8946466804614,95.89874389589556,96.60231208182148,167.51485371174135,163.46087335705158
567,99.821,203.84584558664403,203.8455417187771,203.79434454322163,192.17410189732004,216.09341620146225
568,82.881,219.281536827864,219.2812791373857,219.2306795579576,170.38016732094206,209.66969410095987
569,87.0,159.0424895767136,159.04304496138627,159.15069614215977,81.86557306773535,62.04251444050385
570,542.857,243.34849867744367,243.352041225418,243.90002748745536,301.1428883596882,261.0288621331441
571,550.0,228.05550199466583,228.05537311672367,228.0210619184265,249.42561678998868,323.4677171645766
572,394.167,206.5609010401328,206.5600827954878,206.4242450208567,309.8653368403195,332.6684936784317
573,624.8,252.04652134191497,252.04575091772887,251.89624457243872,417.7156245782014,479.8745785655796
574,757.778,264.63686468895924,264.63506430108805,264.3150062976961,366.1280759236636,409.0465676277112
575,560.0,225.95390375355785,225.9530098824512,225.796380581936,303.14163848984094,347.980348632222
576,216.667,264.6366230602,264.6401358832261,265.17155290093353,257.3854964712804,246.9943137130525
577,161.702,191.993880128026,191.99597738431373,192.33341398692824,301.26239945266593,221.75223000950643
578,98.806,118.61035821890442,118.61430073560598,119.28151623088269,145.23142456726998,147.9882331614084
579,110.179,233.54660622413508,233.54577898516447,233.39696484161252,217.98582178147376,248.9445928844383
580,90.229,261.0810770833697,261.07947682837994,260.7940768104496,207.33912431675597,181.27498623340432
581,98.519,217.49816262529043,217.49723570946264,217.34044239812815,50.35799284347264,-56.021788436495285
582,497.6,230.3615943246085,230.36039819550297,230.15264796610236,379.8820175804201,422.823112368906
583,512.593,221.214301659567,221.213608407445,221.09149883559903,279.32138461458885,324.8084182932238
584,457.931,219.87469399994723,219.87378190806965,219.71658880897812,350.01852445581994,390.3213993836565
585,614.483,228.5228041028398,228.52173788509083,228.3356670262874,379.64082110418553,424.5519143473233
586,500.0,200.55920270246145,200.5587056659477,200.47687393026808,339.09234808693395,364.6885945111157
587,442.143,243.84002021420972,243.83837279721843,243.55230695110103,355.5866180867199,386.5168900641751
588,279.0,252.4671094364709,252.4692637774572,252.7864684798768,131.64963984326064,210.48099098433704
589,194.5,182.6714034929135,182.67384484354147,183.07105971146365,289.93709736211133,216.4385241279109
590,100.938,150.72791284732165,150.73231859143277,151.45987256684992,201.1730608450714,183.73659656529745
591,102.7184,208.0797556552316,208.07913317428572,207.97472191300312,211.04305427930444,223.27019524511925
592,102.342,215.09376310832613,215.0933389043888,215.01782103662757,178.21987710179815,203.1303059368969
593,94.912,229.02926359095648,229.02887226101927,228.95297681763748,49.214413303195,23.86936639623525
594,52.456,449.3921058644016,449.3909905717246,449.0940979251256,512.4570281775336,321.85837132667564
595,730.0,298.9778169428264,298.9796746299071,299.23062458130573,393.8828601865407,328.9555100903766
596,686.25,209.1114495871966,209.11040342508767,208.93622060413043,378.14304970062926,394.9059542247436
597,787.059,326.7483078180064,326.745380037622,326.21480496038123,558.9855968158838,590.4926703252735
598,612.857,290.0075454022085,290.0057729232665,289.677259020551,520.2983239423265,563.0206049558495
599,825.714,219.24216144525656,219.2409765802809,219.0400738121226,372.14086183319273,400.0585354661765
600,171.905,307.162515055091,307.1649522137087,307.50413768568217,326.8491230244541,272.6648037099352
601,97.25,178.6112993662963,178.61385764992406,179.0316301320879,278.8546290230995,203.8832227995939
602,129.63,156.36527932834298,156.3698856204399,157.12737167204773,214.3362787006093,195.7416439463799
603,107.742,224.9958257912632,224.9952354422961,224.88835036458767,215.9607762209641,254.63109252783977
604,92.388,223.8767845932889,223.87629389573408,223.78654450509305,95.27948609115516,82.94209183835699
605,95.683,217.72548894264867,217.72484009710536,217.61258832596772,63.18577863473435,4.273764246072801
606,383.03,298.2260385991715,298.22435465226715,297.9065922641171,506.6696445558634,562.8980421626715
607,369.375,251.26951951580543,251.26811358194504,251.017194823276,393.9311878849233,452.7289419507164
608,364.0,200.93614068424077,200.9356496643475,200.8550129229867,293.7454839031864,322.9510205720893
609,477.576,242.78259131974687,242.7816243157312,242.60450734316044,433.440297104188,478.339777357049
610,418.235,236.91886582579136,236.91757839777244,236.69230696809493,371.48463821176506,418.72851307936287
611,418.824,254.7021367455709,254.70119969500595,254.52354772262788,436.4423368066625,492.7923047195021
612,241.935,346.1801385575181,346.18191594437235,346.3968846868572,332.6294400210661,298.5393120607863
613,176.19,230.82557984442457,230.82739583546868,231.10135864824105,306.0730355816098,225.7843798487869
614,90.0,145.9051144695834,145.9085772089245,146.48620984035978,188.8892809234512,150.7117446910437
615,90.577,156.92118580585895,156.92199146109783,157.07060666341476,120.08730876567894,126.7070220555346
616,80.385,126.846819483299,126.84886864691124,127.21061370225686,145.09093125574486,162.8717460071806
617,97.838,191.18104339099307,191.18064497079524,191.12023803188688,139.14278923353618,112.60596405987089
618,459.167,273.43804224929045,273.4360131482936,273.07419579729446,491.78439504961375,541.5680814846295
619,449.6,231.59982077858533,231.598145653998,231.3131949427948,345.72063370631736,355.56763599346084
620,522.308,195.0101758104588,195.0098377219706,194.95640945497732,294.3338338788592,320.8845592144665
621,760.952,233.92835180283785,233.92763871204147,233.7955325598432,406.6977645157356,453.7910992699493
622,559.167,204.4181980341549,204.4178712826628,204.36125624254063,373.0937373689069,392.8626091014979
623,701.818,301.6944996757139,301.6925442991021,301.33035622518025,441.9174391012132,506.75044881266
624,228.387,326.96776098422686,326.970578629849,327.3616450606808,287.82236506687286,291.0381954896492
625,156.444,172.83112339809935,172.8337250542026,173.26068925353883,248.18396186197617,173.2046003313793
626,87.123,160.04213077767486,160.04575596487325,160.64303337601928,194.5617614915227,161.66534904541038
627,76.034,141.86518841066618,141.8662539071214,142.06332740240032,127.76541927368932,126.04650774895195
628,86.78,202.71490911199575,202.71477075811995,202.6904876831732,223.73396166367613,264.82146379148105
629,97.398,164.80362623524775,164.8037425998108,164.8375631614416,196.1378079212334,185.84774153625983
630,391.852,253.40081428429653,253.40000511320216,253.24237713475327,469.8451635060712,450.6701188155224
631,320.0,217.88790498436947,217.8880509305637,217.9017197186581,339.32194910624435,394.20486065287184
632,424.375,238.21308706771129,238.21161806621728,237.9566141991287,371.05422063757874,410.5325696963868
633,386.452,223.04120549305696,223.04068447977068,222.9451838046556,312.6674533751427,371.4624009668936
634,515.484,184.24839275740143,184.24822700818788,184.2269183904358,329.7715600536874,337.2304571320004
635,437.857,274.8542418468573,274.8528236501322,274.58906493720417,426.8467140819228,500.94594639551576
636,29.703,317.3262045329204,317.32507654082747,317.084295177272,244.3409778726709,217.5591715292325
637,34.973,264.3303273636043,264.32846601802794,263.99395863990526,279.40593317032943,178.00132782395588
638,316.667,368.618850268818,368.6205848648493,368.8184827069803,339.6879670750579,304.7682475458704
639,223.75,302.98311794788566,302.98262613434804,302.850744001256,207.9712462298768,207.83759198281703
640,107.241,146.81506121503497,146.8191852300095,147.50274013593022,170.0684755951171,167.39559676333954
641,89.76,256.36894569181834,256.3673754630306,256.0885801655427,273.8804867179863,288.65110611352645
642,90.635,280.1825196052695,280.18041781829936,279.80581302947394,202.76906175897943,119.0923770479734
643,93.75,236.1218629054956,236.12086791875103,235.9446818346665,60.96250191013475,-21.58143121011165
644,743.75,281.0031320722719,281.00149975360625,280.699412361031,517.5092176434623,546.1118364392336
645,672.941,226.82392021452688,226.8228821777053,226.6416259060869,420.8470650999427,451.29929624517024
646,462.0,134.81561151259632,134.81764287025965,135.1724327728242,203.33093508774868,209.7585213677252
647,741.0,214.3661556032701,214.36621806594343,214.36672124648615,403.4387916194246,371.08776069745215
648,620.0,257.5030286180622,257.5011251248163,257.16665686614704,482.97356275292327,521.2178458442235
649,613.684,202.00626683995824,202.0060734553773,201.97288540598208,278.4890680697624,321.3596054609246
650,244.242,385.92741927676207,385.9272985649064,385.8186697076022,410.0773110068251,339.2029975430663
651,220.0,221.3776139487836,221.38080393696868,221.88018717799497,261.16645208476666,206.50157781747876
652,98.689,115.29211988803058,115.29624671459028,115.9946541632525,140.00346763791117,153.6588167272206
653,80.364,112.61428766933818,112.6161235136043,112.95036646559106,86.33794435766892,78.16887539657398
654,84.464,135.32642655140762,135.32826415664306,135.65270036092377,77.01083786241249,104.93507676779916
655,84.348,157.7655283219866,157.766500803113,157.941224813316,170.36180197558838,192.72508578191844
656,533.0,244.8352575917961,244.8345655230545,244.69992753326704,457.5470914321745,452.4982438818937
657,471.0,250.09886275396215,250.0971780086252,249.80187229924536,411.5454194443012,458.0059496654452
658,471.0,185.7806351687996,185.78041310807805,185.7495171309148,317.6949965578599,330.2067374131024
659,758.0,207.1294353746821,207.12923709917837,207.0914595631996,400.6941521677272,389.597531691836
660,546.364,211.2420859924084,211.241294730243,211.1074575461456,339.0429612190135,371.77688477956906
661,650.526,190.72799730193756,190.7278028072969,190.69943547766297,284.1155647905896,309.7542469710773
662,290.476,317.533569545569,317.53579210781606,317.8352516456416,289.7289476700047,281.6907109666521
663,205.333,166.1718131540556,166.17244172693924,166.28374386079167,166.12227984903382,105.06316685853324
664,100.606,171.9838604866217,171.98773981894925,172.62084889769534,227.97502437606045,183.8791942004813
665,85.405,211.73655345625596,211.7364634073225,211.71610704501745,187.53923405416455,234.70437913517745
666,89.912,156.37865323503945,156.3798877866751,156.59756699949446,138.72227088431578,170.48667915287876
667,90.702,161.09843387171907,161.09924051231417,161.24653995028916,47.3812793613513,40.49545443883324
668,353.333,431.9251763118573,431.92263485327504,431.4049595474552,619.6679082308088,461.3080061733839
669,473.636,165.7187171612701,165.72528232790847,166.7947412942495,203.193524063435,267.11334278094944
670,448.0,217.0265234088174,217.0283585595016,217.31360866430384,328.2303517501029,331.11016659859376
671,635.455,263.95962799530776,263.9582592701201,263.7063141532509,494.7989139351007,516.9946489342641
672,499.091,211.225167299703,211.224252775128,211.0705085581909,352.8028568027564,380.1832484405044
673,658.095,209.15114153418236,209.15078588652196,209.0877479143894,346.7980660490955,386.2461629627236
674,318.182,358.396469877396,358.3991308359899,358.7509736044858,326.1056216286013,287.9205184309043
675,365.926,298.3640926699743,298.3642946282463,298.3473005603091,356.1122252447592,286.9434899179185
676,106.786,174.4604398931599,174.4615296910609,174.64343259949405,182.54849755027865,119.62070563241912
677,116.344,193.4176582521744,193.41761953318223,193.4140134248372,140.5131390417621,150.97215666751651
678,91.743,209.5546506512211,209.55480444791,209.57468669368237,175.6910171178372,231.3102118515693
679,96.607,141.17343751928786,141.1749519481399,141.44517926092078,11.285584603726209,17.10263360622264
680,657.647,395.922010903136,395.9181539538157,395.2061077828658,670.6358374776376,591.1444231406516
681,634.118,345.2707068269467,345.270096361633,345.1027975375643,508.8463622295472,475.6532854930905
682,788.571,256.4138462207393,256.41380858254263,256.37969675463944,425.8514902504714,455.1971887192143
683,575.556,290.5879041787117,290.5850231949937,290.07825803178355,550.3155391728999,576.2537768685528
684,846.667,243.1641630595782,243.162322002907,242.84437508345047,472.123790905953,496.5000158815696
685,914.667,213.8033158385315,213.80246548524133,213.6573166009532,402.7200026101584,422.1762376757855
686,63.659,50.1920929878936,50.19135803046692,50.13609819062572,58.81695812758888,84.04476244721752
687,97.265,151.2580684921602,151.25927049707957,151.47471826294077,15.004352729860116,13.56504971794709
688,105.536,187.81283076494103,187.81305419743276,187.8537911551284,193.11036670806263,227.32560218016656
689,84.0,93.96711687404138,93.96985886725292,94.45825447404889,62.16244537580703,78.46472606773239
690,77.101,172.30511128273315,172.3055706963986,172.39196187001494,57.25245797359072,42.63535760673619
691,78.235,184.98002283748235,184.97979501091208,184.94899312971967,237.87689396036853,248.92989244904527
692,83.457,19.42958858987401,19.432019951767412,19.902456416626364,82.30181970939613,51.77421725763486
693,77.008,141.38093255024796,141.38249764670638,141.6604864195607,64.6212550852572,85.13451568731614
694,78.596,181.1487002068102,181.1491751998327,181.2337490638306,123.22083101079376,147.61071254733758
695,73.673,78.77735593623208,78.78001507663691,79.26162937915421,86.51673623650255,75.50319850597805
696,74.688,89.44789011716557,89.45029386586657,89.8867959767872,-9.15117075193642,-24.17993315153365
697,84.677,218.65467618217247,218.6541190727155,218.5559987288001,106.16084748844402,87.09401171967545
698,87.32,240.56715342357256,240.56639463551164,240.42573520137955,156.42905871889775,169.5929847827232
699,88.421,208.44804451335176,208.44760665037063,208.37365764704123,16.562501400954503,-62.41021454684744
700,85.29,225.3073094613729,225.3067730563738,225.20891157526276,120.8366158847864,120.32923503422568
701,111.111,214.18319333730483,214.18311321730027,214.1636375779332,114.757081771387,139.15167680826778
702,101.008,189.6657372938963,189.6656544687196,189.65713901567236,41.207736766508575,-8.075801724813232
703,87.429,192.82881455203267,192.82864814654488,192.8048551261105,127.06252914632049,119.93529170369072
704,100.0,197.37287844463003,197.3730426508239,197.40037264140085,121.98719063066189,147.16833978392458
705,97.355,198.5248976121976,198.52467267129248,198.48911567441823,85.2425409244595,60.34344747731154
706,88.348,183.22192491561043,183.2219975187495,183.24058598709928,188.2257852678156,205.3294303790775
707,106.261,212.8210536680068,212.8203658025061,212.70362797742743,153.07729762496297,139.20520951443393
708,92.941,213.1157458777076,213.1147256144675,212.94492982831605,44.16772030888093,-88.53826423828798
709,85.594,204.0270019334193,204.02673299804812,203.9804470164978,285.9183032320864,328.8252247712102
710,92.0,93.20819528476376,93.21068784494172,93.65911004120812,89.28331531258506,88.00029730583117
711,82.074,147.17651735808045,147.1777205677572,147.3949528904344,60.97401491245752,65.8027615324703
712,93.607,199.64649300265864,199.64654189721023,199.65417370545072,148.36381524671674,177.36335695830564
713,72.576,194.3443199610097,194.34435488564972,194.3521144502139,150.42420511724163,171.54018233386375
714,90.222,190.22065409783352,190.2204828413021,190.19748293733144,45.24974839677067,-10.904815130501106
715,83.885,192.1498679477156,192.14982093938212,192.145477451612,135.89248447025125,141.9096434476836
716,91.207,178.954518067422,178.95510465941868,179.05862127811827,119.8596157687414,147.54523821694818
717,89.291,220.4025609250782,220.40177131894404,220.26558326198608,86.1306424037564,29.58075930447592
718,94.286,206.9855945470589,206.9855232762932,206.97084628497865,87.44536962236613,90.94549744636096
719,61.781,187.94689444293863,187.94718375822663,187.9987900168908,135.42164795614983,160.64339310852154
720,71.973,222.79113483104905,222.7901194052744,222.6164246529919,115.0551133911056,53.903495528315375
721,69.306,187.92316183933636,187.92322988930937,187.93937001454665,119.11203113139824,121.46260258641485
722,85.167,173.99355429139553,173.9940274741258,174.08150508408153,126.63035159918242,140.55952397200087
723,79.281,189.47075047055068,189.47107780110684,189.5285316441609,52.92596446257609,51.78665733167361
724,80.576,195.40321373533837,195.40329963005263,195.41939281486657,25.734149002629024,-4.714898909803765
725,94.504,202.6804203500652,202.6800023796868,202.6113245523719,130.42256684251583,116.46837914090644
726,93.431,212.9179232534101,212.9174666550316,212.83827017269076,66.88921360514247,26.822628190088267
727,91.189,190.96635976346957,190.9661977709629,190.94285543839464,294.6114224004716,321.10391677946825
728,100.189,206.2056759119889,206.205583121784,206.18758937000305,129.60487873213538,149.57239498313209
729,100.342,231.4021599963729,231.401265832646,231.2432950229581,89.16627369271988,35.80291193606024
730,87.176,218.9166075408897,218.916216988997,218.8445836384136,140.38088542579567,156.09998601833863
731,101.579,196.0907811184368,196.0908782094017,196.10788591367896,142.83651837821458,168.51163965456578
732,86.721,211.11233817756624,211.11181057968008,211.02161364035797,150.58375804506773,148.72216527989292
733,97.043,208.17760624754052,208.17698251833224,208.07290963095124,98.97392962437858,53.098148998850206
734,99.821,201.39504884593805,201.39476672766057,201.34831254490769,166.34035473675135,179.03192593333586
735,82.881,216.84497446410376,216.84443947877853,216.7504428266583,156.57841375809926,164.74740746194072
736,87.0,165.2840105080517,165.28431556757494,165.34867104582645,128.07442365685006,114.54148661856232
737,110.179,174.7791974383225,174.78005064584477,174.92823089931096,131.43645801949083,171.14584089482594
738,90.229,227.53131314874395,227.53088509898328,227.4491498263394,177.8884134928087,216.47687680243905
739,98.519,216.62812523827097,216.6273710165269,216.4986681833302,64.76118320286675,-8.015048195009172
740,102.7184,161.65210322954204,161.6526545014318,161.75795310651597,169.60541298661542,176.71975695379876
741,102.342,204.8154485670534,204.81509137603712,204.7550807532184,157.50401549985577,165.27363617452136
742,94.912,190.27837818256216,190.2785240128544,190.3065302158882,32.71143427416588,4.682866239005648
743,107.742,221.70968485306992,221.70851135057853,221.50939896795603,215.14188909731297,197.9191177430788
744,92.388,252.29165571888484,252.2900724558177,252.01167554256176,142.13192694743225,61.232032857706486
745,95.683,215.3747042328232,215.37421834946255,215.28911403003576,87.21569358219382,60.03118530799327
746,90.577,130.59985662149472,130.60137005219315,130.8755198977625,121.04594516371324,125.07343397796136
747,80.385,103.36720833910648,103.36917173869163,103.7280277515157,88.03827722840084,72.6077934545632
748,97.838,156.1343139086764,156.1347721922823,156.22757097250053,173.31555040480384,165.5096548570167
749,76.034,123.70037827331112,123.70162117287828,123.9353786000429,119.51000035760605,95.79133730942192
750,86.78,191.7089131143515,191.70892549342037,191.71413781789943,169.52437545090174,191.05747756477135
751,97.398,171.919586467238,171.91945968579796,171.91105581489091,191.0540221877825,174.92540155149106
752,89.76,263.46077713478667,263.45887853722104,263.1239142825706,311.7826492858624,320.9243701106046
753,90.635,232.8363153162942,232.83556106327285,232.69912650470317,154.56608247108284,159.92380566797726
754,93.75,207.6350442753549,207.6345772107317,207.55622807002132,33.45571453911613,-38.33539643887855
755,80.364,166.26485585141938,166.26524665997988,166.3429946548555,119.32946980980002,111.6774576501506
756,84.464,169.6190635718782,169.61940570716877,169.68772372614444,136.9954769940307,136.8655643205151
757,84.348,185.22239801676176,185.22221371540263,185.19877841138043,161.07327310777805,153.8789665294047
758,85.405,233.0592068322544,233.05841703980025,232.9158989091856,207.21579002527983,235.97191120659625
759,89.912,174.3178737572348,174.3182267521222,174.38591241534266,181.16741345654805,199.66138616374732
760,90.702,169.67941623074444,169.68002479827305,169.79175777016144,19.739172381009453,-2.049057697685953
761,116.344,203.26941189676504,203.26908996664488,203.2154131399764,162.87820692091577,173.6596750947814
762,91.743,170.80159106841347,170.8021528977603,170.904920924085,189.12111340654636,213.96206636901692
763,96.607,185.7625477185968,185.7628001234505,185.8099158085339,45.08622727541912,27.31319538351306
764,63.659,64.58742086299091,64.5864167189898,64.48112050713542,66.60074263532233,82.55519873939318
765,97.265,158.75836444127435,158.75918110116243,158.90912074853986,51.66481224812402,43.10055412592408
766,105.536,180.5478228048894,180.54792743956125,180.5730422886436,158.65897585569405,165.7948563800477
767,84.0,59.99756706093274,60.001239402301735,60.6546078698791,22.73882774665914,61.32720051467402
768,77.101,191.66803924281655,191.6684822357649,191.7435687231233,46.96630100079052,56.52701324601583
769,78.235,179.19155850641994,179.1912996445061,179.15840309147268,192.3666597276417,179.47447738597327
770,83.457,8.650030687521735,8.654053320343337,9.386026558067556,27.405934514040624,87.0879854517865
771,77.008,141.73284231401988,141.73459793734003,142.04310415580733,56.841262726783285,88.5448283206664
772,78.596,197.72993601690905,197.729311733468,197.62944724016089,178.57681706261633,160.16654699891149
773,73.673,92.6806387923807,92.68289036837882,93.09258416088812,115.534970222692,97.8036596280457
774,74.688,158.4732875923296,158.4742562522432,158.6486992720171,63.17577082003233,70.14001899353968
775,84.677,196.05925717049672,196.0591055626611,196.036394856376,95.93779217858608,80.34558944947128
776,87.32,230.3709833311915,230.3698264222329,230.1696909594264,174.38248746353634,146.5551979856558
777,88.421,207.33620766858175,207.33549089679707,207.21716949434835,25.2298435493674,-87.39396203578292
778,85.29,213.2127193385994,213.21196464523769,213.08437592984612,139.84536323896168,111.9506528406804
779,111.111,216.75647155886645,216.755752535384,216.63214288575023,170.94615737070103,168.98948751898058
780,101.008,209.283301909612,209.28234747869067,209.12462308223667,98.2481469937236,11.68633117414936
781,87.429,197.00279246006232,197.00236751272303,196.93488566937708,174.9371582894389,172.16796051703784
782,100.0,199.7445262363483,199.7446940349729,199.77152988905584,122.803104143675,151.7363500382802
783,97.355,162.11305336325597,162.11336097490346,162.17993495994608,56.39692736547819,7.551826083700121
784,88.348,167.03638673405715,167.03707483832432,167.1621642039181,136.06458932263718,155.0969077582871
785,106.261,218.77524011491727,218.7744549671661,218.6393980422548,153.44486503700978,138.16192304661888
786,92.941,202.36547908366424,202.36492202940397,202.27443957898615,43.26309866254975,-41.78932564727222
787,85.594,194.89073348573413,194.8906065209285,194.87132039019548,272.2612244587333,307.2225863917723
788,92.0,149.073475564835,149.0748180877133,149.31317185977375,131.07946106051463,156.46723510368827
789,82.074,194.32342819517373,194.323481791258,194.33439874811316,123.13382551295832,135.73550949596608
790,93.607,171.47188148376222,171.47251068348123,171.58623990082117,119.27690128098745,138.04055980070768
791,72.576,187.3804364435606,187.38099940364384,187.47673861301823,153.6432467150023,199.0532427195743
792,90.222,220.3108232572754,220.30997810908,220.16469862705208,130.35776155543658,96.69877555997152
793,83.885,183.78586106736327,183.78582085727783,183.7863573777023,130.82917832298722,121.6893955129948
794,91.207,194.31315388254347,194.3132844234389,194.33650060009643,136.83422458511563,160.40421887392802
795,89.291,187.9682956753851,187.96816343955243,187.9522754213588,82.29443311134197,48.163863568088686
796,94.286,220.86895996209705,220.86849460711744,220.783968404062,138.38883997469316,148.80967186716077
797,61.781,198.81865563987375,198.81861588729043,198.8124256638847,138.4004248878507,155.9838359396839
798,71.973,212.1691389884932,212.1684789788785,212.05684841732057,83.20498766347897,28.731344699352466
799,69.306,222.25836327692596,222.25747021216853,222.1036962556216,112.25140912945768,63.6641037639514
800,85.167,183.28566264917413,183.28586067758647,183.32480242426152,150.7514915711197,166.84120931469295
801,79.281,231.03155027259535,231.03073682665945,230.88573837899327,126.26158757546617,106.9312868876608
802,80.576,199.7163467514881,199.71642252477815,199.7287666085184,64.61950246318044,60.531023397592776
803,94.504,196.9502567673217,196.95005850501772,196.91932160878912,121.07781764069456,114.76981005979394
804,93.431,211.8145570397188,211.8140060455204,211.7201488279767,63.351558283970704,8.182452619820083
805,91.189,192.317711072356,192.3175053833961,192.2873519937948,177.43088998086773,186.2572557761617
806,100.189,211.75565763406652,211.75561337537147,211.74280585968935,151.66327672288503,190.61785642332904
807,100.342,206.9383220548582,206.9381075457977,206.90055949075065,58.87271397418478,32.40380728691741
808,87.176,203.0330442584393,203.03324047205183,203.06309409598555,135.9553252093158,175.53134108531447
809,101.579,209.79022149103128,209.78971811220333,209.70380157434408,189.2825000032128,205.16668496631823
810,86.721,191.22764949649684,191.2275744670984,191.2195518661512,53.54658069356789,15.05458076375578
811,97.043,181.4720440738336,181.47283358590653,181.60790252036884,107.9689261298288,149.20462991263992
812,99.821,208.45609247675952,208.45562396386103,208.3758836653469,194.08348679610367,212.75016572866517
813,82.881,208.52294009980483,208.5228934508258,208.5112337244242,137.1455818687366,166.69935853603454
814,87.0,165.22990583059834,165.23002541779476,165.26481659030344,87.14655811759009,39.71916801318218
815,110.179,218.6541528770524,218.653696274372,218.57139426431388,173.43176087648794,198.2094098014808
816,90.229,243.18640668404527,243.185512678878,243.02191760642108,160.86180432493143,166.0547389331208
817,98.519,189.72361982150332,189.72369266468627,189.7403050058499,12.71500898792398,-35.882837910188414
818,102.7184,150.44817423871575,150.44974475213735,150.72402015019804,146.8340649071913,182.90541181917283
819,102.342,187.7000995357522,187.70043142726783,187.75888191765227,154.80263083851628,187.6191405583689
820,94.912,184.7748159817005,184.7749665777096,184.8060882922717,60.227830556380255,38.34050461858203
821,107.742,214.72240036104483,214.7218040257826,214.61853996926504,222.63594685534255,250.502450613118
822,92.388,207.0118748147363,207.0115217309393,206.95105921769243,180.23650178445155,200.70416484137456
823,95.683,199.72226474018956,199.72207860773503,199.6918683976437,154.48322414522704,167.86860741624184
824,90.577,96.76640713273672,96.76859315426212,97.165953375659,114.32409780769946,99.39549482158544
825,80.385,118.80641390183882,118.80799881555276,119.09857223604943,161.13640485106157,146.42728775204375
826,97.838,169.08323177508043,169.08306145727136,169.06910390127916,163.20135397379568,128.3777549826358
827,76.034,141.8709059306119,141.87205021260968,142.08174525914524,133.61183082351158,137.04998174573336
828,86.78,112.61794511246444,112.61973590731066,112.94632929869476,139.4973422666942,126.78745974724222
829,97.398,182.12195293970024,182.12265367549708,182.2429554308619,144.06977150553462,187.9738492316268
830,89.76,257.3258489373118,257.3241186054624,257.0191810157669,271.43211137359845,269.6227824657275
831,90.635,250.53045689416865,250.5288818979208,250.25240176875195,186.9071334052503,140.3516379443921
832,93.75,189.7879073513401,189.78811726131076,189.82656648808427,49.83561737655579,36.59642997033586
833,80.364,111.94190259179686,111.94364655110373,112.26339708405658,89.51271466661525,74.71310515408038
834,84.464,191.83471535777608,191.83475494870083,191.84438335627576,152.09588051352762,170.35417269011884
835,84.348,175.97165053079664,175.97200475520276,176.0396037271812,102.80693403455122,103.33249513998668
836,85.405,173.11094741028523,173.11187140322124,173.27211017622005,142.67273412565942,184.91735695516616
837,89.912,198.6148822238756,198.6147010866939,198.58542913940948,216.5861414094545,247.90167908570072
838,90.702,171.71506978945715,171.71555980730386,171.80725509534807,32.933736527294755,9.211075036366651
839,116.344,218.8317521687128,218.8316685630369,218.80930330224783,160.53619822341966,207.6806712766869
840,91.743,190.02171997625211,190.02192467236048,190.058734403174,181.00138505262956,215.23683922244743
841,96.607,194.3832564735881,194.3836881760726,194.45594253240316,1.7326715605056648,-8.06849792630021
842,99.259,271.93366674297613,271.931768497087,271.5933642300073,251.48430497304005,228.41280005274385
843,103.485,269.8843215704536,269.88250263943803,269.5582864016721,140.78278109149846,38.43808129483875
844,99.398,250.70293848751555,250.702024402696,250.53234574852613,39.39480542923117,-36.96346392085036
845,574.667,284.8543813259876,284.85347247687685,284.66688289040746,435.11005561723937,510.1134914287562
846,718.667,218.6087033195325,218.6093103357441,218.69617633240895,371.1219687093226,385.5137659768101
847,470.588,282.86486272116144,282.86411135907497,282.70067330713823,377.5506792298569,289.0212083450018
848,961.333,267.2293138786374,267.22751951686723,266.9059965161996,497.94564355244825,539.0330276211847
849,777.895,245.30616104771548,245.3047523852946,245.05569770259285,431.8945147027018,480.1219916864524
850,970.0,247.77860175394423,247.77781085574625,247.6265555891329,442.79192975711385,481.4690026738775
851,98.5,216.5561677924684,216.555840661982,216.4951962772329,190.76104890681316,229.2849777410032
852,92.923,243.3300356454614,243.329313936189,243.1936279355631,100.6721839225236,86.15846746148816
853,98.438,199.58860164035943,199.5887656117601,199.61538635312297,55.927634576841015,55.562738469585724
854,558.947,347.17651242937706,347.1776446080075,347.2898487503158,435.2557349488116,346.0618271429979
855,537.778,390.6479022809206,390.6446141329039,390.0254738298135,658.3425422894287,569.8771625135181
856,496.0,358.5518312577965,358.5498360529202,358.1525879512706,547.2935394545595,464.921622145603
857,728.235,300.0202064873288,300.0169429175493,299.44406733924575,593.9436622774001,601.7730179875601
858,611.111,325.72872024399464,325.72561471344886,325.1662750292611,610.705920567239,622.9817201665377
859,679.0,323.7007661238815,323.69857821940667,323.28618465194336,544.0687259732533,470.3800534823571
860,26.697,300.9674938491851,300.9664264950887,300.7429172078196,246.97616441488924,205.22213824880745
861,29.418,304.1871306538076,304.1861690853982,303.9781415321381,228.95120446606583,203.2276565184588
862,92.632,228.39167976701629,228.39091959424505,228.2555079681158,160.49632710768287,163.72484502375517
863,93.115,235.4630177169688,235.46204650531297,235.2895696548865,151.9892360073252,136.61911390633247
864,93.71,250.886264247756,250.885101903952,250.6752001614675,95.22490549337796,31.71485273372889
865,88.908,234.42568241095296,234.42508270186147,234.3124505390192,215.40210884155545,262.85964642551187
866,102.171,247.69198270888603,247.6905337916703,247.435876067579,126.52741932618734,47.02736504828715
867,109.449,271.76549122062806,271.7634359497324,271.40038673763183,140.20717488401874,1.9140359397446216
868,214.074,297.77876817269566,297.7811106453373,298.1082828506542,200.58064463181,275.5776756666726
869,237.143,212.90799597466156,212.9081050703304,212.91326642672868,-21.36389243452001,85.92550009012473
870,96.0,134.95915929199586,134.9619956561528,135.44351260475423,162.7794324058532,124.6200065855504
871,97.647,214.0154597653286,214.0150495913448,213.94199789280367,225.94214220996787,266.5717301941644
872,107.368,214.2804814735316,214.27985739652516,214.17265237157835,165.14450344904776,165.86891420172685
873,94.215,206.02074050692124,206.02085087013143,206.0359697085005,52.69412518766673,54.06883055965807
874,389.524,386.7798993212664,386.7784713192116,386.4581297447129,339.7164962567964,302.08015274589053
875,330.0,216.05231598630488,216.05452276529093,216.3972276514056,183.8515868197499,166.54786145823562
876,104.912,193.8149515177258,193.81761393198195,194.24419536732933,209.03760915282493,162.96135398525746
877,118.519,79.47724352587022,79.4803420099214,80.03223571941805,89.63902170726648,100.6705930093034
878,116.279,145.02117486100246,145.02187509198325,145.1587914163174,133.533130404948,114.27370777503744
879,115.0,153.75283165672317,153.75321997600736,153.83626690672418,104.15098421225665,67.57338186206687
880,265.185,389.2886206130803,389.289264080708,389.3021094042584,379.1500329540061,321.5611519672988
881,277.391,186.04114531376683,186.04481180970788,186.63724795858752,243.406940279173,190.4504407890421
882,97.966,179.30341812603822,179.30486413869065,179.5419389959004,183.9118141431153,126.4853603638188
883,98.588,34.24107876783728,34.2447665025519,34.911407805179124,64.01565041589926,85.13785377232341
884,104.167,156.95839345228012,156.9588598158184,157.05290296492024,123.38662706975836,106.06668893648236
885,111.277,173.89517896914026,173.8956851743734,173.98836503140285,152.12703655399105,174.01896594355856
886,24.686,303.12703548874094,303.1259791416562,302.9027046818057,130.74999552924183,167.19558560910883
887,34.479,255.7855385313844,255.78330837872585,255.3927460555185,168.36697990475085,96.54073135178628
888,237.692,331.7888446771308,331.7902245595524,331.9469639891195,237.25870077567708,293.2551926617341
889,223.2,269.0367124003077,269.0382420928691,269.24709778256613,107.56112438117178,215.25969096613727
890,93.871,195.5835243642557,195.58549357597997,195.89963983085,220.71674071726105,157.67609340418983
891,61.728,73.62505090154858,73.6236573541594,73.4513382574514,53.97224952324656,81.29531027100836
892,82.889,24.96065469171572,24.9628970195522,25.39985236418892,86.32307600988385,73.08071175474686
893,82.826,18.73068776981296,18.73327447876977,19.22870219727912,75.2679837287276,71.79363563646109
894,343.333,344.711457116024,344.71194242092184,344.71869316236064,251.57138695014788,290.55375610255294
895,427.143,213.1130795532437,213.11559978377997,213.5101258528364,178.593791182904,170.33935622075649
896,118.039,163.66026629620407,163.6618336755128,163.92588423891343,205.93719619819984,131.90938752558247
897,74.0,76.46386057333862,76.46266332108769,76.32077353620852,74.39569322692695,80.39287729268096
898,82.0,33.21918735362999,33.22070395386112,33.536840175678606,103.4699419635514,69.84520181116238
899,114.286,4.664442951235571,4.667347101546795,5.220215098034714,44.28568267939387,79.05990332540603
900,137.619,314.40393637527643,314.4065098817989,314.7634395974563,220.55046417902415,300.2266977340563
901,156.111,236.9302638977409,236.92997355244813,236.85996779074696,25.123001811484905,98.98306059624844
902,74.667,163.17355035911342,163.17419260592098,163.2892855155439,195.25477511995015,118.19269035167088
903,98.983,210.6754419559052,210.6750824252871,210.61204133286049,160.73479705289287,177.88604434805382
904,111.259,218.5107794813157,218.5105245364325,218.4612521245384,60.11622021076688,44.86126261558309
905,107.914,198.70993651300705,198.70965103481785,198.66412423797624,116.97998998711206,103.05680947682627
906,178.421,371.7070646928486,371.7066297838907,371.5531118507754,314.58546192578353,307.4692745693339
907,200.667,202.94016112480296,202.9420710641239,203.24239257559736,85.97656675192495,137.50556390079294
908,77.808,160.10458968851643,160.10500701370788,160.18532138785525,201.94025450076555,119.62158634810874
909,103.673,180.4673384536676,180.4674886392246,180.49979474173017,185.9278310605812,203.02075402818664
910,102.182,195.37310963943744,195.37268734954284,195.306578565804,135.29761435552314,111.5935018999611
911,117.168,191.9191024945078,191.91903490598563,191.9112772424804,173.59423077068757,190.9555926551569
912,280.541,356.0765131102354,356.0744268715031,355.6612764324987,192.69314191720656,198.1345274244897
913,227.222,246.25752947406085,246.25800001672357,246.3086444760646,380.0284528856873,299.69325227293155
914,77.662,168.0318154448347,168.03354861692213,168.3226327285385,241.7424453928761,157.13372362627194
915,90.213,62.3159951907154,62.31926498746395,62.90609267657851,99.99730158026593,100.06194140012884
916,102.936,156.45146612936117,156.4519398037212,156.54723863297727,147.47503802884262,136.1805790923703
917,94.615,188.4026714307173,188.4021178414897,188.31763939939265,206.8314683935489,190.8680243162256
918,37.534,296.676466491203,296.6753633328494,296.4481256763254,261.5256214796004,207.87747155564625
919,29.371,266.3306921796619,266.3287229904367,265.9756037541636,217.7169392437821,137.05267900108402
920,33.563,317.05607614671874,317.05517417445856,316.85014875009654,69.47452459839111,184.7207718176818
921,25.6,316.2835107461187,316.28264934377654,316.0845074645283,68.08996569540399,185.56875695003555
922,46.446,303.25114599211395,303.24993195306723,303.0018164865723,262.2028182639017,210.7741943796034
923,356.0,382.1863421373759,382.18410622932896,381.73540755515313,298.97696225858215,252.69919891511103
924,298.182,228.32301677478827,228.32442602113196,228.53341273276496,246.56393676969589,184.42793641609197
925,99.677,152.9186689135754,152.92020429027957,153.18428873906242,226.59742498367075,142.0604858884111
926,71.667,22.08842121871072,22.08832703303409,22.14945131879381,52.141500935548734,76.818991472412
927,98.851,59.10203684504722,59.104729031132365,59.599783255779016,123.1370299417638,88.65316969459889
928,107.816,158.65174898760097,158.65211149791537,158.72857605029924,144.63278240677914,128.42099333288422
929,252.258,406.1552320942835,406.1533855974232,405.7570584019179,393.2896000555708,318.09052436773754
930,197.143,158.397452952288,158.40041053912995,158.89063782190445,171.27887496485215,138.18088487819966
931,87.246,142.20756583646818,142.20923215271006,142.4992941592355,213.7005257142555,133.51581988202304
932,63.171,82.9858157672112,82.98429016498724,82.78640807886569,64.68882942689733,78.49531280690314
933,67.416,26.00346058366324,26.002866102434155,25.981398865449933,36.58171466288174,86.91240722715008
934,78.511,10.661731278504304,10.664679653488632,11.222511859800306,56.16725912841481,52.25038243418601
935,278.065,417.53083561548857,417.5290234464809,417.1332694892704,426.5184281817303,332.6509455303726
936,191.364,288.4991953638603,288.4999548791501,288.5779366872624,398.8807076668953,325.7288042444019
937,94.857,146.35049214860476,146.35259382617937,146.71107190689838,227.4492977213928,148.5882741927329
938,57.978,79.24785758506013,79.24624335337819,79.03570983831634,45.45643024509219,79.33336123127208
939,68.571,25.63631405749703,25.636398241551888,25.72451330144031,41.94601764515052,81.74845422242868
940,71.739,7.7292930041706995,7.730553316150235,8.017541611589479,82.69248584039384,16.852271502992494
941,284.571,359.99798049597604,359.9983637426846,359.9828384540968,405.08187251086383,334.228333968715
942,205.5,301.82323287488487,301.82252173541275,301.65627279254966,290.2872606501254,236.55657962184887
943,90.588,117.44534255694596,117.44679215290564,117.71345793137344,207.39411320056135,126.40207937223602
944,113.023,260.1316547672865,260.1301904773032,259.8669279041634,235.2850747256973,241.29742409086828
945,109.0,278.1658586603336,278.1634607072773,277.742448658492,138.48816267994766,-56.9544716735378
946,107.66,260.4995071888477,260.4976215161955,260.16686478060615,153.2136682191447,45.11279557565501
947,35.161,304.0046837081423,304.00359313908507,303.7743038082592,107.41842644477714,161.80925023775484
948,49.474,263.0080379204586,263.00615063429075,262.6677699168648,220.9591922906829,139.3895916332085
949,222.941,400.6008558795789,400.59928932993415,400.2505586226428,381.0839799351346,319.25709842758204
950,205.128,249.8103978176407,249.81158640639015,249.9765003139093,375.9698964348767,304.47430055113034
951,75.325,125.30288786710396,125.3043854706956,125.57494050341734,193.0621520706817,118.09043542770668
952,115.596,227.41891057255972,227.41804917013508,227.2666435678176,192.2845986216787,201.47999825958905
953,118.361,234.2748968495739,234.2742549586983,234.1553046531861,139.4849323811202,148.5004800875489
954,121.983,222.91946955695065,222.9186234779769,222.7714266682568,242.2380024427141,269.08894291943795
955,227.429,352.57968712560864,352.5813425475261,352.7738406058557,345.2042454019635,301.44900973717165
956,177.273,223.2869363181389,223.28804551037825,223.4523606907719,363.689046567599,293.34000787362163
957,73.671,156.46946835169402,156.470066916426,156.58156773283528,237.158066835694,142.54376332851223
958,100.0,145.41622503645124,145.41749469818,145.64545376125693,175.3979921207599,189.66115594969813
959,106.78,220.35750956885136,220.35673191223032,220.2219943969316,186.77237329265904,192.0735421972225
960,107.143,213.505985760685,213.50585178450424,213.47801761537687,116.15353079266494,135.97758247396484
961,204.167,295.1906780052468,295.19265912338483,295.46238930404326,130.35598880496582,276.44716391509627
962,188.095,243.15555642024748,243.1566874885329,243.31506398870908,355.96269026975904,275.039805381772
963,77.067,145.4306602257353,145.4318864631949,145.64942996424443,206.25709158201084,125.23120879708527
964,77.556,42.40655214490528,42.40918392120204,42.90079539481019,104.73020061026592,94.00141113378992
965,101.02,199.28922184600756,199.28967171142887,199.36194525819337,142.30022436801505,194.55997080584564
966,110.68,164.70153286819914,164.70321478525284,164.98938670739904,87.94098870446648,149.6013133636901
967,210.714,296.2211756380208,296.223819759814,296.600370920937,209.7797561081605,279.4857762309952
968,157.297,178.0931647204309,178.0929699167389,178.06616365953016,178.47221148498846,107.2944265795726
969,78.108,166.00400978953903,166.0048200211196,166.14618846024143,256.3359183919905,160.14122923489265
970,65.918,64.86313895559206,64.8626550050071,64.84130780120103,103.12519206384628,81.25399397421131
971,106.739,109.49008767632417,109.49217151982248,109.86725095361294,139.0176224989766,133.8537933357023
972,86.531,110.55147715417354,110.55314777271565,110.8617002498654,93.63739364283973,72.1097038005122
973,252.0,385.9560992939476,385.9548088366347,385.6570208668215,340.27958742902985,305.5407088554164
974,195.429,198.08733275697236,198.08931485093905,198.4051182826304,290.98032414056627,206.61473722843985
975,86.97,129.60692904289527,129.60790646824614,129.79266181768867,199.83318418136932,118.0629293066271
976,112.033,224.47245136400736,224.47196758821224,224.38267551973516,173.8795469329682,203.38277563195368
977,116.029,279.36411995179185,279.3621500004414,279.0092650914048,166.41190221329066,69.37049343342585
978,111.095,231.84162715700165,231.84029855337175,231.61169683389485,215.6721999773306,196.0360150951186
979,258.71,405.1411945809067,405.1387737277532,404.6502120330336,378.79126524383247,291.3241735258788
980,155.455,204.52328386534043,204.5258119699353,204.92684202695784,298.2660203496837,221.193277331446
981,83.099,134.87809662618588,134.87925813971725,135.09143654537797,220.7135454566505,133.1814839666007
982,120.177,218.37397865372293,218.3734975655,218.2873140936581,186.8613184326921,214.87298061141556
983,121.345,239.1842038174748,239.1835205884528,239.0557188230612,137.9115649513367,146.5533390029908
984,119.664,200.47781064568332,200.4774948244019,200.4258775398415,194.38155642064544,213.19976031627664
985,121.8,193.87234237803364,193.87240465356197,193.88456673763903,186.01322812990952,218.4006498278344
986,111.858,219.94553032850783,219.94481307244428,219.8200661748541,168.0748326497644,169.0928309420873
987,113.86,190.9097859132122,190.90966149582331,190.8928389306468,234.90864707212563,261.1447528257871
988,14.865,355.37330215552765,355.3711637397395,354.95013287449706,239.62422163192872,211.6107367879661
989,34.57,223.815011873572,223.8126530081004,223.41574446622283,103.77957199353648,50.454171078508125
990,265.185,362.53111439528016,362.530865150365,362.4113112747437,289.5048180098188,298.500976415908
991,153.488,183.15102428708389,183.1521215333208,183.331424529908,212.67762784691013,137.87951564608773
992,83.611,128.9937890891423,128.99518101003196,129.24727276392616,220.6454783759475,135.18905562845282
993,101.319,103.35105666937454,103.35330784494124,103.75806733709226,131.46981264918372,125.6812547570902
994,106.239,180.3116167450098,180.3119326897156,180.3712227312261,140.2065681812303,156.93530584078906
995,110.909,169.23067942691978,169.2312363196944,169.33391037989168,189.68371371194397,211.78899575867612
996,227.619,287.7500715187749,287.75070849998707,287.80679909869,20.89081246123805,218.1052358488508
997,144.737,186.22230885411068,186.22209447529025,186.18812412302947,132.14575713244625,89.93472019598778
998,88.615,135.96610639416167,135.96701375281862,136.13769426703317,219.62631723996333,130.46195081436633
999,100.27,27.938738584598184,27.941676507261207,28.48956882718284,86.77755871249884,85.44356522845408
1000,97.374,97.88325461042577,97.88559085410076,98.3066189358674,112.18780461663052,106.278402824801
1001,105.652,72.75401867863957,72.75594135058293,73.12191049359615,79.19153062168859,13.23085995359213
1002,216.8,299.17865856819645,299.178695397189,299.1329574717556,38.87519534136364,204.2943580291909
1003,135.909,206.4785494733859,206.4787171759665,206.4970840491411,150.9939835319901,112.54828936802426
1004,85.429,166.77899409760818,166.7808267089281,167.08672983908906,258.4542826413904,171.88912636252132
1005,77.0,44.07476309130709,44.07519133319403,44.2104613784029,85.33147957357848,77.14229095274857
1006,90.0,40.27256038488122,40.27551010620863,40.82001646043972,106.52242701870117,87.76945286636544
1007,84.0,107.66269383972303,107.6645809828949,108.00839366807554,183.50440631073047,155.84233945170342
1008,223.2,279.562815954258,279.5642346932182,279.7500575088911,34.93864222298126,243.42003392591948
1009,157.297,203.18895128303177,203.1891378803364,203.2120179430209,142.7303626438374,107.87205094598232
1010,95.455,187.2565171744481,187.2581589817492,187.5237901689828,263.39239980618163,176.81282757297447
1011,78.209,89.83399297405876,89.83226374124703,89.59836634044939,59.29472454946681,75.40974263292799
1012,81.412,17.163633850753627,17.16712659490014,17.80903851834131,57.13909915554497,107.57054459606512
1013,96.79,20.848853919548333,20.85171922267841,21.390776356644324,67.10114782355596,90.9739864120878
1014,219.31,330.1002368578682,330.10094416858715,330.1498956996497,207.61146328992288,276.49463476905294
1015,140.976,171.50458359153373,171.5044789723013,171.4948761283449,113.57975049646744,79.84470940019298
1016,98.769,191.79658368086396,191.79849209998645,192.10499498931864,262.86079545780547,180.075462469615
1017,67.353,110.75627072317798,110.7540753190882,110.43522966596106,26.92948863657071,58.70851498155082
1018,71.316,45.63420823729291,45.63434572993293,45.721704301797445,45.22828839390469,82.53145292432089
1019,78.904,36.45041142295247,36.45132771451705,36.6683183532196,25.163084031539785,87.10944581442561
1020,99.259,256.2941780368585,256.2930633566556,256.0876971634416,237.9394972639145,274.000345899129
1021,103.485,271.75661939816143,271.7548360571486,271.4353496804906,173.40258532588155,105.02649548543776
1022,99.398,244.7224745788208,244.7211817365046,244.49336897665955,27.15087698823096,-119.23887528713168
1023,98.5,217.95243930327612,217.95205244334988,217.88130661854652,167.53752668152833,194.54691715787555
1024,92.923,236.6031915275846,236.60223307338583,236.4312958135928,151.27329484856887,138.02370753495995
1025,98.438,195.5077847435515,195.5079489926004,195.5366475175205,13.184583425740826,-15.989648039785266
1026,92.632,229.11133653689853,229.110430174248,228.95117210474385,165.79767663899634,158.32264151003835
1027,93.115,206.2269233887457,206.22658810960968,206.16948337249775,153.8678993795504,163.97726305308095
1028,93.71,194.17862712952265,194.1787077919249,194.1944974844854,28.892929046676517,-2.156170043058978
1029,88.908,141.80592730789397,141.807368493397,142.06472290326997,146.33885929361463,164.31025713050838
1030,102.171,242.36601149386627,242.364810420406,242.15259256226523,80.98175123422222,-6.877125660406477
1031,109.449,241.5571454936694,241.55600580746625,241.3540258853211,79.76703654306563,-1.4866522382195626
1032,97.647,160.71183090134798,160.71272728292126,160.87392520599803,167.22699818138085,190.807374294311
1033,107.368,211.95892698041564,211.9583918810232,211.8663532334248,198.00332440858824,217.79627296114847
1034,94.215,194.9679396951648,194.9686331358846,195.08277315533,-13.832402689301702,-6.401049086516309
1035,118.519,115.41072077254056,115.4126101878337,115.75389341866378,129.77833847525812,127.08262367871282
1036,116.279,187.83588799461583,187.8355236714173,187.78190545778276,174.58560486031524,161.55323649036507
1037,115.0,173.18294498433545,173.1833587265204,173.2621377744365,31.536537253577777,2.056876327568148
1038,98.588,48.3097460154778,48.31373748924944,49.02317308112413,60.40650175676889,102.47310390598648
1039,104.167,187.34335993996933,187.34320261509072,187.3229823735425,189.73407064637445,198.0572734050969
1040,111.277,196.7068698908312,196.70646709690905,196.64287794243344,137.97877724200475,119.810152331704
1041,61.728,67.19191966753564,67.19074365814953,67.05643088019252,48.08382953663694,82.69136313995512
1042,82.889,10.75740985961221,10.760052654731908,11.268005170965466,57.19138202551882,75.2118459782672
1043,82.826,7.537501460412614,7.540850440457518,8.164283903264618,46.40205044176402,85.45115535713774
1044,74.0,82.0058128255281,82.00434299755608,81.81602434344319,85.92031329717322,80.76773936205416
1045,82.0,3.374823562131155,3.376820807478282,3.7841552868355848,52.8892782960436,53.94544271754637
1046,114.286,33.04752630344706,33.05137769756664,33.745259593225,35.346844584313445,69.13077020026901
1047,98.983,212.81021449420385,212.8097487628222,212.7286127731835,173.0156868493243,189.42135191940395
1048,111.259,240.10441011670468,240.1033243262774,239.9105630293501,102.90265976021216,45.23744896149071
1049,107.914,202.27291248683844,202.2723594286745,202.18213627643604,133.60290575977456,106.84773080722005
1050,103.673,153.02831037932515,153.02913812469035,153.18268727873055,174.94923900006847,182.7620274544628
1051,102.182,220.24613771684187,220.2454887025334,220.1315884710208,165.28539591399635,171.68061983424047
1052,117.168,171.83131587474736,171.83153207209023,171.87868619743062,124.51598270389584,114.20678867151072
1053,90.213,126.4287858188485,126.43030199592636,126.70658076542009,144.40022285178725,140.95681368629664
1054,102.936,192.88985712316185,192.88959934854316,192.85090118391577,162.7666608831521,162.82778432684643
1055,94.615,197.23502654637215,197.23427373838285,197.1137636587856,215.8471571382272,201.23533021465332
1056,71.667,27.67943795073444,27.679382740145517,27.74426066683452,64.14714925738134,75.44432908451415
1057,98.851,76.64655822376153,76.64897083175833,77.0916153812143,115.0870664197521,84.54271322835336
1058,107.816,162.68864701859263,162.68859369082168,162.69637184277428,151.9560936010755,110.9017426702361
1059,63.171,93.23754505112755,93.23574716296824,92.98935711029944,86.65296608039539,77.74648695143003
1060,67.416,6.936806322008181,6.937489510333307,7.130808786032276,25.096940895862204,78.42310312433835
1061,78.511,21.771819209259547,21.77442723847014,22.272698144744368,74.3610470501035,33.82935259858857
1062,57.978,84.3857905905979,84.38380537550674,84.11116461518799,54.84874595802121,78.76722061570342
1063,68.571,52.12028441886196,52.11912603991044,51.99486630473768,78.56373063520341,84.30413807617003
1064,71.739,-38.36731458865376,-38.36692134348385,-38.19947416030027,-41.77547100913033,74.41933446200562
1065,113.023,245.67957458350736,245.6784168512861,245.4711329481877,197.0971285029748,199.74200219921693
1066,109.0,263.8784549023492,263.8766719343822,263.56090713582887,150.5589722227994,58.133197193661886
1067,107.66,230.68813345667627,230.6871620573378,230.5172701281831,49.26826638392755,-45.85003685769118
1068,115.596,241.6771301610063,241.6759864268696,241.47262474688603,222.4997848856476,236.7286231748461
1069,118.361,244.72818822449528,244.72690144844933,244.49940678722885,177.1298026141983,152.63253101766384
1070,121.983,218.00018266294228,217.99939888743936,217.8647994799221,175.37597017325947,171.14007075839834
1071,100.0,199.50241547748203,199.5025352366415,199.52143433059769,181.30318435838603,223.9282028590845
1072,106.78,230.64134173063712,230.6402659392837,230.45284592206144,212.93726707387327,216.3922033498405
1073,107.143,211.63704939266347,211.6366078663816,211.56026322276512,99.028702614223,78.59192626220681
1074,77.556,82.13736061317104,82.13993180236685,82.6054791035873,129.71275044776462,109.35502059542556
1075,101.02,222.7372356283421,222.73661508398027,222.62605075641451,187.6589347374222,210.1236410640289
1076,110.68,183.84589878683076,183.8460013658444,183.8695062863384,122.5681737826633,122.59388749620337
1077,65.918,53.5969362745638,53.596393079626864,53.570663870663736,89.46215498878179,80.63081041145449
1078,106.739,185.07377383076695,185.07394059711976,185.10690798208293,175.6913966301147,198.9642381219768
1079,86.531,133.97427890478514,133.97577192327708,134.24534924949523,88.20299796668884,94.8724277704772
1080,112.033,248.25458694120616,248.2531387956518,247.99806111714747,189.10247936372048,157.43008603940177
1081,116.029,232.40264883364955,232.40169419185167,232.23364770724103,66.80524777431744,-9.95924790041829
1082,111.095,215.31094581094283,215.3100320513397,215.15578103650543,169.99934988214113,145.53839683551848
1083,120.177,232.57464016464087,232.57355409617583,232.38354322346447,225.59166745803373,236.83618401167257
1084,121.345,245.27148152359732,245.27044693099185,245.0832837669348,167.48995845638797,164.4950294204922
1085,119.664,198.6703768555526,198.67031601782517,198.66103146143905,93.68796991876276,89.68994683762355
1086,121.8,215.52308846269216,215.52255862079485,215.42971347509547,206.4838872633065,234.64660031539316
1087,111.858,247.79183567842472,247.79074873043132,247.5939408417643,186.4872783127414,191.7092411123616
1088,113.86,198.7300566253048,198.72988468458493,198.7018776003282,241.2448368110256,277.68848759547325
1089,101.319,173.54684390623095,173.547251309256,173.6240322230716,180.23483182668656,200.46263636472796
1090,106.239,204.05132075158065,204.05050696654237,203.9170259795659,234.40167073381625,233.38692238980943
1091,110.909,166.82830980828385,166.82861430339233,166.89198476383376,161.81021592453158,160.58019533746335
1092,100.27,38.783719497813365,38.78680868217021,39.35468781412982,96.5346259310154,82.49508139267925
1093,97.374,108.84467756146285,108.84638279932231,109.16103793135642,123.11702361532596,101.42323438251547
1094,105.652,107.2248334387591,107.2264274395435,107.52362326118111,157.63048275228607,125.2100554181692
1095,77.0,64.17478380760855,64.17536105805408,64.32559765707015,128.37848235981187,82.89384341838047
1096,90.0,39.906936163136606,39.91188360379476,40.77942398823325,-4.805961477646392,117.36682253019752
1097,84.0,33.848032733230696,33.85004689957799,34.24647166777703,112.33468342429389,67.21109964246932
1098,78.209,60.21517782047829,60.21445453329216,60.15633781395309,48.82636392493068,82.61195521766092
1099,81.412,34.688478257535735,34.69099542468308,35.16785778601286,100.67244683547666,83.79986322614639
1100,96.79,122.21074233115542,122.21203816096896,122.45477017293469,146.03169735347615,124.3593659150232
1101,67.353,108.05700123599206,108.05527660429748,107.81355930641251,34.17881104530606,61.60172815159365
1102,71.316,53.86170169562888,53.86234477201469,54.02772248727257,94.6746575871589,79.20434895402502
1103,78.904,38.81816476575784,38.81949810485719,39.10269677454778,40.1538396394417,86.21053676423469
1104,99.259,268.44490940876847,268.44312268579574,268.12391516065463,306.5017959013737,326.9294988346104
1105,103.485,251.0763571576832,251.0750488009777,250.84108591569543,204.71242010046103,201.29796075546108
1106,99.398,241.1938014078368,241.19272170447607,241.0005004854652,90.69535513470488,25.633876240363293
1107,98.5,221.47450553354497,221.47393856063772,221.37275742914144,148.24899695197996,155.1151350218737
1108,92.923,224.7376350010468,224.73734963369247,224.6798008589426,178.50544797906173,224.5500535015184
1109,98.438,226.06198821700184,226.06144716576773,225.9628743143038,37.176743370419686,-16.552266116964915
1110,92.632,234.5213347652998,234.52053204180447,234.3753689685653,189.8868243188897,210.9695940099358
1111,93.115,235.61991514036208,235.61938138699225,235.5172889801053,121.9854431725678,132.4726068819749
1112,93.71,227.0309241469604,227.02981795104225,226.83972086927145,92.90622571367363,9.049026079201552
1113,88.908,240.68443452045483,240.6835371139981,240.5208283198698,95.2396132219999,55.47203318243771
1114,102.171,204.557502104695,204.55735988337156,204.5318430845712,188.28165893816757,223.2323764995548
1115,109.449,226.44980177187995,226.4491462272653,226.3317699087713,88.32878081031119,56.82636883632438
1116,97.647,200.78567873115924,200.78551521209647,200.75811356217616,214.38473862631716,249.42405420946525
1117,107.368,197.78923204499915,197.7888839636204,197.7333925771161,176.60390438808258,182.3493223329882
1118,94.215,204.80537066440968,204.80536547192548,204.8020375041733,138.12939239783032,166.44990938790068
1119,118.519,94.78210575836285,94.78459941487893,95.23227508382388,114.96405210624133,111.2124975173232
1120,116.279,168.34540799523745,168.34520456718317,168.32659192882682,102.92790890817491,34.835678670950415
1121,115.0,175.9218792577626,175.92196305624896,175.94596588045192,130.587508721145,118.50711919520324
1122,98.588,55.92748396773811,55.93023236466547,56.43555780640463,126.65760670817214,92.906125209813
1123,104.167,130.8218308967662,130.82302919228584,131.04621336615605,151.00943718901567,139.05717449166912
1124,111.277,119.50769940426837,119.50919009718496,119.78488666578062,84.30694740194009,65.3960623171755
1125,61.728,90.79123837581776,90.79019272922002,90.66623010298368,100.05856339785863,79.11596604976319
1126,82.889,75.14453022200814,75.1471198301216,75.61848857783025,142.25111060880977,110.8738226829904
1127,82.826,28.50350958015809,28.50626823528927,29.025312863374666,91.38523589036257,70.65482676712634
1128,74.0,70.14619976423361,70.14520017121242,70.037970342564,53.310313687479166,80.63580119618825
1129,82.0,66.07051879168466,66.07318501234226,66.56107493458376,123.51983281476284,92.60043106510636
1130,114.286,26.97318912693117,26.97657550051713,27.597749843372355,69.46632599439273,75.83041605552933
1131,98.983,222.0782415823487,222.07712048407075,221.886259683728,215.8217746540338,204.95215578809652
1132,111.259,216.42534774911405,216.4249962498752,216.3610519979925,80.24106493144406,64.50269417061861
1133,107.914,193.81509736284735,193.81463647576092,193.74300321542216,139.46118102843116,111.2878471070893
1134,103.673,184.2209781246412,184.2209918966513,184.22977776196592,171.73392088495825,182.1385075140737
1135,102.182,196.79947934482664,196.79929155720905,196.7700387997968,170.86863116885547,185.82083262609592
1136,117.168,172.35855575753135,172.35878334777033,172.4077853110765,76.85827544423115,48.98042145969737
1137,90.213,61.10019942303006,61.1030376276766,61.62087536119464,112.1243921431476,87.85307026704174
1138,102.936,183.6931250247793,183.6930134864085,183.68206441639552,142.3463817381337,131.43519806511392
1139,94.615,173.06301593876708,173.06286517670424,173.0502365258999,168.10759373180304,144.4967364758071
1140,71.667,30.49039652025317,30.49134766230202,30.71736211240193,87.49193229801416,69.7847364455505
1141,98.851,88.44019093189979,88.44250656273323,88.86413006503676,138.21505435805716,112.95318961884402
1142,107.816,50.1210887011531,50.123468624504426,50.57293419707196,74.79053456018234,16.019638913074573
1143,63.171,59.71428031863104,59.7129339055582,59.55459022166116,39.37391404320034,87.07621860775578
1144,67.416,10.820791281013785,10.823198770271404,11.293157520435614,58.279368083963405,71.558443678858
1145,78.511,17.60651760095999,17.60889078084773,18.07081365784865,80.18201101463139,46.40767151428224
1146,57.978,95.05000809774214,95.04810185210792,94.7833564823762,76.45297866398617,75.58494074764246
1147,68.571,21.721025635486285,21.722898267961853,22.101932552304504,91.382461037128,57.05609125460831
1148,71.739,-41.00679110182881,-41.00495664209154,-40.6038383588791,-39.30746108472407,61.90447823013744
1149,113.023,244.97334274635045,244.9722782991413,244.78020682824516,215.93249785530656,236.9989746906089
1150,109.0,257.1920406578962,257.1906456112255,256.9403667467984,124.0592561638921,58.063812385184406
1151,107.66,241.71267418353068,241.7112067292325,241.4563224510296,114.3922097389866,15.585054377721804
1152,115.596,234.47763749472156,234.47666487725556,234.3040708451216,217.72227951889656,237.45821567652672
1153,118.361,258.486290079181,258.4843132036274,258.1395839490025,202.40402578704536,121.31970295422286
1154,121.983,231.9020231371865,231.90068190052443,231.6698011720264,256.07392573406264,257.57928722923896
1155,100.0,163.5120011163624,163.51281653486058,163.65967226650264,178.51939337168574,203.12162090673732
1156,106.78,242.40486115284205,242.4037361513549,242.20340700017016,152.64394332724964,127.8844441517016
1157,107.143,227.1612142447148,227.1610225468146,227.1181254153015,34.64639631950264,19.09915811901953
1158,77.556,40.37399278525686,40.37625060148287,40.809023825615554,119.80968153091,77.07708362985647
1159,101.02,215.13757800371295,215.1362895826313,214.92159412383037,228.44189506811767,196.0343822180461
1160,110.68,150.7108822788083,150.71193572213394,150.9035239075415,57.5584514580212,56.21770759699791
1161,65.918,56.99506348684963,56.994610952447545,56.982004235162776,102.64521217628187,80.30837700535847
1162,106.739,107.94022185097435,107.94237972230246,108.33037168515682,99.81343412469938,101.68478937533143
1163,86.531,167.5926309902859,167.59340044833766,167.7313334025722,133.23823471754508,157.6084810323831
1164,112.033,229.9655632627957,229.96452234913372,229.78317029216453,182.59283545223457,171.9477675172551
1165,116.029,252.56855598797245,252.56711626695505,252.31154066210516,169.18890181561233,128.36345526117873
1166,111.095,228.66054728503707,228.6594746338551,228.473644561269,175.76698176848208,156.02578179208135
1167,120.177,248.05170034523587,248.0505062743164,247.8361876464769,221.41513377130264,236.2888166376673
1168,121.345,235.84736232226817,235.84627910770652,235.65534393416283,208.58138431988368,215.06912521472475
1169,119.664,231.06965695120084,231.06842253752663,230.8555864380005,159.94317318338085,114.23601797798108
1170,121.8,247.8947590128332,247.8932556473948,247.6291581923097,249.3570127622295,249.44551526596692
1171,111.858,253.3041145554754,253.30269512249788,253.0501913120105,137.93414838110562,76.69356024057413
1172,113.86,182.5118942420784,182.5121235512246,182.5565408410016,132.9946504094994,144.71072697454872
1173,101.319,169.14074475689756,169.14162781131515,169.2968212424031,180.351442401254,216.53736164649524
1174,106.239,218.60044049656312,218.59946820271196,218.4340481633285,222.34249629282908,224.28601805640423
1175,110.909,169.70697493977832,169.70755631869395,169.81396985842082,187.09189331641096,210.9982323600001
1176,100.27,18.796866076743413,18.80122758660957,19.583124258478847,40.03547895422391,116.09261708870542
1177,97.374,192.32969516220496,192.32931112495032,192.27041170286984,190.9349585088428,190.24313058929908
1178,105.652,140.9228660607679,140.92351517292582,141.0537445335541,177.36157452327393,154.0326527900637
1179,77.0,35.218929462553206,35.21983854986718,35.43671603414646,77.67067284574979,75.82217808208623
1180,90.0,107.64357648846853,107.6455530911236,108.00441668665428,115.62853247377303,106.54474625598448
1181,84.0,105.34015621867944,105.34210201707695,105.69668880976394,154.26752773915837,134.1517914244199
1182,78.209,69.68519296804672,69.68433323593976,69.59972700331193,31.781169882002374,79.84972383030879
1183,81.412,24.180533462746663,24.184540433993448,24.906338844978904,65.39770428808426,123.14652716667696
1184,96.79,70.6483113420382,70.65074941050779,71.09921605092507,161.17984857884267,113.1465866659513
1185,67.353,121.98555621755048,121.98375810000022,121.72396305820982,75.14624570434094,62.655644508406
1186,71.316,85.2593224932898,85.25891108177342,85.23972160880285,100.05946970955968,79.00121824958694
1187,78.904,34.40720805858922,34.40920826459876,34.8022839488836,71.99146659046689,85.86239956620409
1188,103.509,177.74275300112197,177.74308181047525,177.80548140741269,159.2172818125489,177.53912655449165
1189,98.898,207.7475258589143,207.74694399616052,207.64984926884563,87.26962931928462,38.135263287479006
1190,99.844,217.17104588340896,217.16981862648916,216.96463603583152,109.21547769725272,5.901964656967152
1191,48.077,192.2873875821017,192.287033331089,192.23289626993252,198.22756076678547,202.43850946884996
1192,62.689,238.99785860680856,238.99652455626065,238.7640423737581,171.89001015335975,132.0869150075181
1193,60.96,172.5437931876554,172.54407623968768,172.60137023109326,172.77074399170874,182.44598769264337
1194,87.356,154.42717948141865,154.42823564023206,154.61778370798845,185.98479073121484,205.6851204833532
1195,110.417,176.39960190076488,176.399978230731,176.47089647173198,110.56071203217176,116.29243471789448
1196,107.609,164.65518272762642,164.6553887091991,164.7039828313401,148.32769023741298,132.07596139163286
1197,62.529,42.21295342459496,42.21399441719967,42.4491148880677,103.82276959485264,75.36024965799731
1198,102.558,122.4542615840686,122.45605299797136,122.77834369508004,143.23788976274523,145.47089585202264
1199,95.333,91.8029010113604,91.80476644235593,92.15229111904148,163.34836483562162,118.4741546468889
1200,64.658,97.19425632240332,97.1921971090732,96.90173774164332,62.337834254248165,72.65441037522749
1201,87.761,43.85727588816354,43.85715641470131,43.90426003951586,86.460128504173,77.4394215961969
1202,85.867,24.64949906834749,24.651274370735905,25.01263682127285,63.15540524058032,79.91465356785409
1203,57.391,142.40363469780254,142.40116756019765,142.02383639076822,2.27196773298644,31.066148231424336
1204,64.691,62.17760104597912,62.17620586533244,62.00879646110866,28.29787457545568,86.93975196428335
1205,77.91,61.841808735252016,61.84078095741325,61.73285620694799,50.69419936506809,83.73568142726197
1206,107.626,250.51738842537964,250.51615954404429,250.2951355383132,221.320717151252,234.9461670647601
1207,102.727,245.4897459663528,245.4885300010968,245.27229819543757,128.85785982991615,79.55883161448799
1208,101.316,224.70830199077463,224.7074177478455,224.55330306994824,238.99420537054425,263.8970701591628
1209,95.537,242.8972160325069,242.89603073952185,242.68560224544345,191.1807161410591,184.8886360821656
1210,98.676,221.3683172589124,221.36743180030112,221.21525578484807,117.8217912240232,72.70394745144802
1211,104.615,219.5270276307931,219.52613839879177,219.3734988976188,247.9643011276305,269.0984761297753
1212,121.569,228.42372395126412,228.42236441889008,228.19026930463133,227.3851623467524,206.66455793347484
1213,122.456,278.6337368750135,278.63206714373496,278.32778002799773,162.48756124666284,102.37852285021144
1214,119.831,220.3647554881428,220.3638563326745,220.20936050691452,228.44848168423616,242.1142567407973
1215,87.475,100.60478401922182,100.60719653541469,101.03947010341756,88.76262910582615,93.84964165097551
1216,111.071,202.9494340242485,202.9496497909685,202.9830441868237,64.09468092057865,76.68918580141542
1217,105.088,168.35548007920352,168.35609257768124,168.4685426210475,118.15956856655636,130.4216096860349
1218,110.606,268.2061980641769,268.2045168134879,267.9027171587702,240.97926121152545,233.044994271086
1219,115.108,259.0821941929954,259.08091780038274,258.848600775621,179.74602637873045,169.54450256367488
1220,116.642,238.06156789623105,238.0603354687737,237.84467261243915,158.45224452065827,120.53969333048953
1221,110.69,223.2697154778815,223.2687993494956,223.1104639076912,192.99229021549783,192.1405497288964
1222,118.609,229.6687220219384,229.66780392338265,229.5062274709612,200.96503002210625,211.96865105822724
1223,113.388,198.7642709757729,198.76421203229643,198.7549346434871,143.47258185303804,161.39367404433358
1224,119.81,229.90666950442767,229.9053767766252,229.6832825310709,239.45587009016916,234.53985207200677
1225,116.637,239.71335416802845,239.7124027831926,239.54113696917463,164.03856443213476,162.35126918483218
1226,119.266,190.17401031059453,190.1740100137233,190.1777162536605,195.9085154488373,221.0986746364091
1227,122.697,229.8804706916233,229.87943248028265,229.69826924511145,235.58083012752763,252.6287531858128
1228,114.49,199.0022025435325,199.0020155173229,198.9721519578404,122.8841806919843,121.60674766807858
1229,115.789,199.67634762430703,199.6762829505543,199.66608080848573,61.803041286246994,42.31656729871099
1230,105.275,84.94587492264634,84.94896706168777,85.49724309410806,107.8833850114818,118.65892352578736
1231,101.348,86.21345404151032,86.21595533116124,86.66878615092651,100.05638329759246,88.24526744429238
1232,100.92,138.02441654568247,138.0258525108236,138.28406697882326,144.83971889500185,156.6342104383533
1233,75.059,49.290497116864685,49.291508899471125,49.51868786472619,114.69386814496876,78.30948710853261
1234,84.598,60.15804405702352,60.16122657431333,60.73522014738023,80.35333593437078,79.43570654186112
1235,91.136,33.40033483150978,33.40375432177689,34.02749307466797,72.75664871781989,77.48617248669541
1236,73.243,76.2476020748048,76.24646655803204,76.11457392136563,65.81606309531402,79.59777353376501
1237,73.171,53.23608777806896,53.235657337901216,53.22826839736638,89.38623720325036,80.19491258456253
1238,72.048,-9.895552004727676,-9.89371000006571,-9.505820947248536,4.453439666660884,81.67186790854828
1239,81.695,91.85718365871692,91.8557489902451,91.66829226242665,43.62427351756016,71.61637927478876
1240,80.299,86.54679295707007,86.54606473919435,86.47528212740124,108.76211446076184,80.88717888617737
1241,101.053,60.10423757050364,60.10416867576191,60.15166262754434,66.22382917373342,79.70461267598819
1242,71.148,123.3772975318742,123.37523834246218,123.0724512481693,13.804293178736394,48.15468316473528
1243,67.606,90.345539498308,90.34459228388975,90.23618564519708,7.994368653846223,67.87043156937659
1244,65.479,69.90789611372429,69.9075677159831,69.9083794488246,17.37432529201878,77.49927070924593
1245,71.429,137.2139801202645,137.21179268271504,136.88179760979182,-25.55175067286291,31.58453995163063
1246,77.407,122.35888541778768,122.35673861179733,122.03992725118454,-76.82707043828968,37.47811439002032
1247,83.396,105.26558152228932,105.26464894463736,105.15179965422163,28.338762179958398,61.7245473085228
1248,65.455,171.22436285972336,171.2207935373515,170.6525536832271,-17.85589264162894,-11.48069149488586
1249,65.0,140.76301530616692,140.7608185969891,140.42762287349632,-43.47122983100039,26.35743936413576
1250,68.772,130.37187991755374,130.37017697578136,130.1212619415507,-55.00615627848697,35.555305140711425
1251,103.509,181.99808850666523,181.9982028081422,182.0242963572432,145.40585612090922,151.51716742651695
1252,98.898,210.4032573206665,210.4026064439884,210.29301945827,129.7184353581631,102.98770468846703
1253,99.844,208.4646429079328,208.46342437659644,208.26310342510945,202.55439837416972,151.60290056445444
1254,48.077,164.40373318220372,164.40423945908242,164.50110438263096,165.09188544593349,173.5523721845842
1255,62.689,205.3617329666596,205.36160882592424,205.33936843041815,43.4311252084142,15.259912506431988
1256,60.96,198.3745235037649,198.37367680292687,198.23724581799087,266.80763116670573,264.92940427203064
1257,87.356,112.79843730588948,112.80037918057576,113.15109803238454,147.77364935882383,140.20108088817722
1258,110.417,231.3557257199941,231.3548791209157,231.20434892763217,138.26205597988405,123.20393259007176
1259,107.609,185.8185231703427,185.81802418722395,185.74373955804992,162.32285347422544,127.34515914930888
1260,62.529,41.90404484471611,41.90463360695759,42.06685000324688,90.53976132512686,75.74293883326607
1261,102.558,87.97191260690124,87.97478547357764,88.48653698423755,102.66779508505284,109.64624502012371
1262,95.333,93.75016442577817,93.75188079749957,94.07523243438244,97.80375542990647,51.497537901088776
1263,64.658,107.41376921444169,107.41191560890314,107.14984481804788,60.41006562948864,66.5110554151189
1264,87.761,36.02094148653566,36.021603009714,36.19820032150665,77.97554479511975,75.4769707876934
1265,85.867,29.72141171817009,29.722936467209596,30.04167647193748,77.85806172113804,75.95416006191442
1266,57.391,133.63615181759022,133.63418539558026,133.34143738144795,-27.01066571760325,35.23865413987801
1267,64.691,68.60134490033442,68.5998472341681,68.41306732408589,50.81679508960771,83.97662026307478
1268,77.91,10.422425576177377,10.42305164579534,10.60528001845728,-1.831355508070132,94.91596754073942
1269,107.626,249.9281325143528,249.9268218864104,249.69298524521375,210.00582607664975,208.6032194911262
1270,102.727,250.34621987991136,250.3447603117712,250.0872105578004,122.35051347419972,40.56548879046966
1271,101.316,231.41261084254904,231.4115553775913,231.2271454669483,195.6836859922489,192.75734481406323
1272,95.537,223.3389309508392,223.33812755712927,223.1980148645847,166.76630840816892,163.0934914002013
1273,98.676,224.432645828972,224.43174415478745,224.27548593193308,137.747544860036,107.91087249621556
1274,104.615,194.2749900025583,194.27472700816804,194.2351881625856,37.51002269154812,-27.651853250322915
1275,121.569,200.19893733797085,200.1985017565487,200.12774300098656,197.97183391422345,208.38212372658236
1276,122.456,245.69317824076995,245.6920453908516,245.48924189807929,92.481513698315,26.237694702098796
1277,119.831,202.0169936128148,202.0169763017592,202.0133455489871,59.14443533914688,46.355073430533935
1278,87.475,67.68017429627321,67.68310773265421,68.21372815917289,83.92058908028208,75.67788956285438
1279,111.071,87.16894915024011,87.1716402808928,87.65522429414148,13.855174405606943,19.504540122072623
1280,105.088,171.6290212409922,171.62912195277852,171.65772319834934,138.99528896149943,123.75548971792377
1281,110.606,257.31638159847296,257.31541629180606,257.13389403156725,179.40674712805662,198.02332808352585
1282,115.108,247.5871840989497,247.58542162288904,247.2801081363541,193.5491532262538,124.0781429440998
1283,116.642,235.68169990530748,235.68058434239825,235.48484150614215,144.9897459745314,109.02871414234905
1284,110.69,231.6432241320624,231.64206096554017,231.44021692435376,199.9196519379764,188.58359054029492
1285,118.609,227.52301028203703,227.52213459558368,227.36864549735597,140.77912379448458,119.65648340252152
1286,113.388,179.24765556434772,179.24789040933433,179.29516419995502,34.85356318414576,-0.91733143645763
1287,119.81,221.311816347206,221.3107659436936,221.13161981516785,214.12114024169543,208.3791139502304
1288,116.637,235.53423476343505,235.5332976714324,235.3662593820452,154.7061000043857,144.69667088666972
1289,119.266,194.14755776442317,194.14740772124628,194.1252743159522,194.5006100623225,215.5989206005928
1290,122.697,196.58346697795287,196.58351566726856,196.59230722884888,180.8620555261457,215.06474984046
1291,114.49,178.910806709927,178.91055867943624,178.8795652716327,186.4028096094737,171.870266745815
1292,115.789,189.95307941707483,189.95258474075308,189.8772765334376,135.8015137319219,95.276437504583
1293,105.275,191.74254328432085,191.74248364387063,191.735930154662,199.0108497962708,223.5660564568992
1294,101.348,151.07910017801817,151.0800575470605,151.25554692474418,140.44541905476285,149.56736918480817
1295,100.92,166.6622644608359,166.66253722440615,166.72053551592228,213.43521795445736,218.38949984929275
1296,75.059,9.738525424881516,9.741265058451802,10.265051876860014,45.879461954682725,88.27701316936725
1297,84.598,30.084875339640007,30.08890566045227,30.812819939218457,36.59217846820981,82.70500776694314
1298,91.136,32.675937211361884,32.67952095249348,33.33021007795435,58.9732739156732,73.73279577832943
1299,73.243,75.31293735313656,75.31289705470584,75.35817170931699,103.72387575509823,80.32410447609288
1300,73.171,43.46441985409598,43.46673789973636,43.90725311245348,106.79569738473788,88.98904443315621
1301,72.048,29.652445811012345,29.656027176172586,30.30679262004577,80.08254350427525,107.88972768336168
1302,81.695,92.47633859685617,92.47498913328371,92.3010447622042,57.06095348620626,72.64959540374218
1303,80.299,75.11611841315931,75.11601580167468,75.15132214452072,101.22247523818602,80.07597823912181
1304,101.053,36.06427742462205,36.06619803367903,36.4458022697637,83.35708023684425,83.00928141604015
1305,71.148,124.10835870829364,124.10655959050152,123.84539651895898,27.63418831659685,51.04671281883009
1306,67.606,97.2419324888699,97.24071886485996,97.08636554935543,40.46621528195523,67.76657772194164
1307,65.479,60.7516639067336,60.75076709232087,60.66442824660004,46.85042024880149,83.47018267167584
1308,71.429,136.2364128941612,136.23444320838212,135.93996994164232,-27.3281304425814,33.526712171347185
1309,77.407,106.08665339699428,106.085288100529,105.90207514926632,-29.34155727311889,55.56974774378602
1310,83.396,102.09018695920668,102.08933742694695,101.9913318646678,27.52899176844373,63.11016634368741
1311,65.455,150.02906535747803,150.02703694791322,149.71661989840712,-60.55177285836477,20.068705935285838
1312,65.0,133.4176955944793,133.41598761501982,133.16495600123494,-31.21517182999311,36.41852614136718
1313,68.772,140.23179598310745,140.23064728834026,140.06662323143087,-18.965766206765338,39.02253185233656
1314,103.509,192.340661330494,192.3402106606094,192.2705688826584,195.9234670764415,191.53848554416837
1315,98.898,230.41496397112329,230.4142056330752,230.27828987848272,137.39855083744692,129.96913092032116
1316,99.844,183.12772633634563,183.1275812676439,183.11138533381143,162.23925082118535,155.18553110248683
1317,48.077,192.499905113434,192.4992914482458,192.40309050772703,243.4139734518137,242.2729283663233
1318,62.689,219.42247544046236,219.42162876436225,219.27660258193225,109.48038522853656,60.68067237212597
1319,60.96,187.45112227243965,187.45086367157228,187.41440938451703,174.51709168502543,169.94013729390497
1320,87.356,82.27945463956962,82.28228562784636,82.78972321280037,111.78041820857996,107.6593376513796
1321,110.417,168.41282767287328,168.41373718800003,168.57430685939676,43.48470542462634,55.81729403378483
1322,107.609,170.58873663380166,170.58890829223822,170.6293993379079,135.51471883101044,123.12428590613342
1323,62.529,59.23359380042183,59.23317862304634,59.2255373043069,101.70055973943302,80.56680264098975
1324,102.558,79.86974082256563,79.87255307957093,80.37842211841917,72.39914615519889,73.03411856058153
1325,95.333,78.72822216235227,78.73071659757613,79.18589438659376,84.80154883065485,64.74081290146785
1326,64.658,110.5530602102732,110.551342608333,110.3097610458862,66.06975455995997,65.98770631747709
1327,87.761,27.20330360853319,27.205079308513632,27.565611825716303,85.38016495256853,72.60537561621675
1328,85.867,23.190666565662525,23.19176322040073,23.444446257810284,65.35769902113499,72.49511631068742
1329,57.391,146.12028637790235,146.11810593764258,145.78517117447478,-16.870715217819907,27.662096310715583
1330,64.691,63.04556871117907,63.04421441953826,62.88315566930851,57.00292512392856,85.10417767936758
1331,77.91,70.02881344146166,70.02814655183045,69.97487664986087,99.1274617491954,81.4692663069194
1332,107.626,235.7111896175503,235.7100954530738,235.5175992986177,181.853560624834,171.93687739850645
1333,102.727,245.57346754983,245.57279906063127,245.44469050369253,92.6217477637672,79.91410490324995
1334,101.316,244.09570677084207,244.09443504088392,243.8692389483737,254.85039606080292,276.1308098678586
1335,95.537,195.11460007921187,195.114421497794,195.08733739354068,182.716931605996,199.75613394273603
1336,98.676,239.6073937370857,239.6063967121579,239.42767441943067,197.736507279624,210.47635852427845
1337,104.615,199.6140129336003,199.6135062629602,199.53215571221503,88.70830431095034,36.20262134199072
1338,121.569,231.7303442049423,231.72967107977536,231.60670813341065,167.76324551356151,186.34787009864735
1339,122.456,250.454541519538,250.4532857288692,250.22842353519468,126.09825302551124,74.21063827131218
1340,119.831,196.69850133082548,196.69831306921185,196.6691394910997,150.99375719442492,158.264362886914
1341,87.475,64.81073915944762,64.81424032700932,65.43754601217256,67.87449399481672,90.8043992471379
1342,111.071,188.23264449989347,188.23312671478345,188.31579226654355,101.75415448572154,130.6103671390032
1343,105.088,215.7167479487761,215.71592919307443,215.577106098322,99.83060208615258,42.45998200508109
1344,110.606,238.24704250681327,238.2458330626404,238.0334323776973,227.2450716885271,234.1879040035004
1345,115.108,261.48447955790675,261.4823820147951,261.1168982859991,204.3751293417897,109.9926854336976
1346,116.642,239.0280268969925,239.02656041016485,238.77289143264136,148.1743503922196,73.71965824924916
1347,110.69,227.9778435546766,227.97688691063377,227.8098435716106,207.33911211060672,215.94415521245023
1348,118.609,234.350528504094,234.3495912112079,234.18295564324356,174.73193858781156,175.18611418771832
1349,113.388,172.91810425959522,172.9181900526945,172.94410968593218,84.15066985955924,46.565196504454775
1350,119.81,243.2532271693716,243.2521730077696,243.06260640371795,201.28360473313683,214.05314115122235
1351,116.637,237.5486011458553,237.54727111379623,237.31610968881068,167.46583242037718,123.35262081130566
1352,119.266,204.17275953544183,204.17234301799988,204.1028025444997,208.1137164034942,229.47719788133907
1353,122.697,122.31525551089568,122.31693793968644,122.62173361392944,148.3308274417152,145.1376591199681
1354,114.49,210.66909112428985,210.6686170765333,210.5873770939452,120.6351138811722,107.68947086837068
1355,115.789,185.6967258595347,185.6963945695865,185.64935466442,117.80409374334272,77.43432909714682
1356,105.275,85.11340623098272,85.11646400773202,85.65922764665459,99.69136996902104,112.0826861030531
1357,101.348,139.8934949380009,139.89478515485575,140.12832302986078,197.12378023612317,199.4738738652253
1358,100.92,167.32069395119504,167.32124228134387,167.4237170072978,139.62669910610862,150.85812476526405
1359,75.059,22.83590480242117,22.838889316643133,23.396396602530103,73.75219050077705,90.4357441952983
1360,84.598,75.46274516315896,75.46596506523906,76.0391227974302,91.70212402950688,103.53121609208972
1361,91.136,83.79828324075709,83.80103635927924,84.29565862438653,72.27105432873147,74.58154254316685
1362,73.243,67.40968666143996,67.40905384433259,67.36226004164607,63.85610675057298,80.05494913936798
1363,73.171,28.394196264162417,28.395419255141743,28.665890753387885,55.63358125993933,79.98454675364371
1364,72.048,32.41919001404358,32.42091375044964,32.77086474214326,103.40266604964155,70.2221697883673
1365,81.695,94.85123107379808,94.84999616678718,94.69346921519994,68.18644256717756,72.85610700537916
1366,80.299,66.87725155938884,66.87775196656469,67.0141599380699,109.77664141705635,81.23206059302572
1367,101.053,48.179283341548455,48.18025847921547,48.401904375627055,101.3706971073382,78.44784648939674
1368,71.148,117.04271984779746,117.0412099808459,116.82985094549574,15.117371958066954,53.42147481279892
1369,67.606,109.57443460805553,109.5730973760338,109.3933356466516,81.57365385817268,69.65879277015517
1370,65.479,93.69594663199145,93.69524284289416,93.62487678536314,76.80747923788205,73.48731431976046
1371,71.429,128.16248916575657,128.16054253424824,127.8735127077789,-25.297613101333997,39.2206619891291
1372,77.407,128.05017647318806,128.0489688071042,127.88114938232307,1.080584483471668,46.46493296988808
1373,83.396,113.37742449233308,113.37640428073108,113.24570077651092,31.22890203898315,58.33569549225888
1374,65.455,150.86578511795636,150.86356318463297,150.52164794452446,-44.786353130598144,19.58366122500865
1375,65.0,137.64400944132186,137.64244783160706,137.41304979851077,-30.711753154228504,35.215449978065976
1376,68.772,132.6977162566311,132.69637984589556,132.50550309474977,-38.97938343302512,38.29773437791636
Formula,Fitting Formula,SVI30 Actual = 317.0561 + (-2.1369 * T1) + (-5.0726 * T2) + (6.6154 * T3),SVI30 Actual = 317.0552 + (-2.1370 * T1) + (-5.0724 * T2) + (6.6152 * T3),SVI30 Actual = 316.8501 + (-2.1471 * T1) + (-5.0272 * T2) + (6.5799 * T3),SVI30 Actual = 69.4745 + (0.2887 * T1) + (-9.1094 * T2) + (20.9483 * T3) + (-0.0112 * T1^2) + (-0.0997 * T1 T2) + (0.1409 * T1 T3) + (0.1212 * T2^2) + (-0.2269 * T2 T3) + (-0.0099 * T3^2),SVI30 Actual = 184.7208 + (-6.9881 * T1) + (5.5784 * T2) + (1.1840 * T3) + (0.0554 * T1^2) + (-0.1149 * T1 T2) + (0.2335 * T1 T3) + (-0.0720 * T2^2) + (-0.2580 * T2 T3) + (0.2937 * T3^2) + (-0.0001 * T1^3) + (0.0035 * T1^2 T2) + (-0.0055 * T1^2 T3) + (-0.0080 * T1 T2^2) + (0.0119 * T1 T2 T3) + (-0.0013 * T1 T3^2) + (0.0185 * T2^3) + (-0.0500 * T2^2 T3) + (0.0485 * T2 T3^2) + (-0.0185 * T3^3)
